0.00	-0.00009873	0.00004768	-0.09812022	-0.00095840	-0.00023720	0.00089423
0.01	-0.00012062	-0.00005559	-0.09807793	-0.00038343	-0.00058576	0.00130532
0.02	0.00015013	0.00004272	-0.09803737	-0.00029610	-0.00015471	0.00006079
0.03	0.00011801	-0.00013801	-0.09774557	0.00113072	-0.00019833	0.00109214
0.04	0.00017187	-0.00001600	-0.09800580	0.00103047	-0.00008024	0.00078653
0.05	0.00016260	0.00049511	-0.09801668	0.00149216	-0.00037461	0.00004164
0.06	0.00022965	-0.00003583	-0.09819391	0.00040363	0.00027553	0.00030726
0.07	0.00008418	0.00003473	-0.09826409	0.00020788	-0.00005755	-0.00032572
0.08	0.00006572	0.00000530	-0.09810919	0.00098454	-0.00065741	0.00016461
0.09	0.00008634	-0.00008338	-0.09782958	0.00031492	-0.00052807	0.00062036
0.10	0.00004315	-0.00008890	-0.09822304	0.00009222	0.00066454	0.00082205
0.11	-0.00003725	-0.00035095	-0.09792013	0.00112733	0.00025457	0.00098071
0.12	0.00013733	-0.00017201	-0.09811743	0.00000970	0.00011092	0.00014587
0.13	0.00023108	0.00011724	-0.09807914	0.00017720	0.00012720	0.00052242
0.14	0.00020883	-0.00004057	-0.09815097	-0.00007015	0.00000273	0.00040652
0.15	0.00006784	-0.00011448	-0.09800849	-0.00068830	-0.00055044	-0.00076321
0.16	-0.00014330	0.00001721	-0.09820163	0.00079925	0.00100055	-0.00104692
0.17	-0.00006761	-0.00004782	-0.09828203	0.00094056	-0.00061220	0.00039462
0.18	-0.00004105	-0.00033159	-0.09793364	0.00131307	-0.00042005	-0.00038481
0.19	-0.00007017	-0.00015910	-0.09824996	0.00138085	-0.00066523	0.00024799
0.20	0.00014394	-0.00012765	-0.09822333	0.00141791	0.00022856	0.00023329
0.21	-0.00006816	-0.00010058	-0.09817214	0.00062116	-0.00001127	0.00083270
0.22	0.00007665	-0.00025741	-0.09779880	-0.00016649	0.00021638	0.00109023
0.23	-0.00028781	0.00029632	-0.09794783	-0.00001151	-0.00012450	0.00107545
0.24	-0.00019325	0.00018429	-0.09798886	0.00040000	-0.00048109	-0.00020292
0.25	-0.00029934	-0.00024660	-0.09820450	-0.00048924	-0.00007295	-0.00055912
0.26	-0.00015228	0.00000558	-0.09777989	-0.00007616	-0.00014178	-0.00003420
0.27	-0.00018418	0.00015061	-0.09804318	0.00003349	-0.00056001	0.00026940
0.28	-0.00019010	-0.00033038	-0.09819721	0.00079040	-0.00077974	0.00049223
0.29	-0.00033980	-0.00031953	-0.09805953	0.00084648	-0.00181658	-0.00093479
0.30	-0.00021442	-0.00038154	-0.09813833	0.00137709	0.00024117	0.00052101
0.31	-0.00005386	-0.00014215	-0.09800643	0.00116122	-0.00097358	0.00046623
0.32	0.00020628	-0.00022711	-0.09811036	0.00073713	-0.00078771	0.00000438
0.33	0.00014756	0.00008631	-0.09806597	0.00036218	-0.00033350	0.00081557
0.34	0.00002190	-0.00028576	-0.09817313	0.00055133	-0.00040518	0.00063053
0.35	0.00001244	-0.00014618	-0.09767865	0.00065870	0.00018385	0.00120480
0.36	-0.00045505	0.00016320	-0.09783533	0.00090149	-0.00059599	-0.00033879
0.37	0.00000594	-0.00025504	-0.09816832	0.00177740	-0.00032697	0.00024755
0.38	0.00001407	-0.00016288	-0.09812724	0.00050230	-0.00077518	0.00069570
0.39	-0.00003096	-0.00029869	-0.09797881	0.00057228	-0.00049171	0.00060911
0.40	-0.00002902	-0.00010722	-0.09826703	0.00170241	0.00007120	0.00049114
0.41	0.00005534	0.00004381	-0.09837805	0.00018575	0.00116733	-0.00003571
0.42	0.00013021	-0.00012148	-0.09814606	0.00098156	0.00014187	0.00115966
0.43	0.00007279	-0.00022538	-0.09792226	0.00001018	0.00039147	0.00052962
0.44	-0.00012125	-0.00015400	-0.09826478	0.00083609	0.00081818	0.00068918
0.45	-0.00011569	0.00011455	-0.09811394	0.00037876	0.00027845	-0.00049597
0.46	-0.00031443	0.00009558	-0.09846231	0.00069392	-0.00090624	0.00015523
0.47	0.00004035	-0.00006188	-0.09821269	-0.00027626	-0.00003607	-0.00013073
0.48	-0.00000488	0.00013927	-0.09821308	0.00053741	-0.00039651	0.00081000
0.49	0.00000579	-0.00011655	-0.09784713	-0.00007286	-0.00093702	0.00074584
0.50	0.00002542	-0.00019254	-0.09826719	0.00062460	-0.00072072	0.00086676
0.51	-0.00004226	-0.00005178	-0.09794780	-0.00112001	-0.00068372	0.00060099
0.52	0.00007981	-0.00003540	-0.09837594	-0.00090811	0.00011712	0.00055486
0.53	0.00007083	-0.00019220	-0.09809844	0.00048317	-0.00008827	0.00027023
0.54	-0.00002571	-0.00022248	-0.09823471	0.00113493	-0.00059526	0.00158361
0.55	-0.00011369	-0.00024987	-0.09798961	0.00051784	-0.00064738	0.00135772
0.56	-0.00002506	0.00007820	-0.09807507	0.00066661	-0.00036430	0.00096262
0.57	0.00009222	-0.00022784	-0.09801794	0.00040490	-0.00010049	0.00083995
0.58	-0.00003187	-0.00027989	-0.09792096	-0.00029185	0.00028358	0.00111628
0.59	-0.00006892	0.00010793	-0.09833581	0.00049173	0.00048495	0.00140622
0.60	-0.00028505	-0.00003766	-0.09810088	-0.00039035	-0.00054418	0.00098930
0.61	0.00010713	0.00010664	-0.09829833	-0.00020687	-0.00043859	0.00124279
0.62	-0.00029390	-0.00001404	-0.09832198	-0.00048717	0.00079241	0.00169880
0.63	-0.00013009	0.00020500	-0.09813914	-0.00015157	-0.00082797	0.00116277
0.64	-0.00004530	0.00015988	-0.09788006	-0.00063744	0.00074936	0.00114286
0.65	0.00005849	0.00010847	-0.09813629	0.00045456	0.00102699	0.00036278
0.66	-0.00003569	0.00029686	-0.09808140	-0.00012483	0.00075575	-0.00004519
0.67	-0.00017646	-0.00003892	-0.09791747	-0.00042939	-0.00058333	0.00110446
0.68	0.00008069	0.00025807	-0.09780967	0.00054260	-0.00116789	0.00078453
0.69	-0.00028199	-0.00012099	-0.09798462	0.00148979	0.00026460	0.00180776
0.70	-0.00032461	0.00000213	-0.09806289	0.00089339	-0.00030771	0.00116986
0.71	0.00011203	0.00008741	-0.09802779	0.00044075	-0.00126838	0.00203305
0.72	0.00008937	0.00010207	-0.09781473	0.00012038	-0.00068331	0.00163829
0.73	0.00006115	0.00002307	-0.09781428	-0.00021448	-0.00109650	0.00076799
0.74	-0.00009838	-0.00024808	-0.09781696	0.00044474	-0.00088729	0.00104181
0.75	0.00027076	-0.00021110	-0.09786819	-0.00027462	-0.00104131	0.00172283
0.76	-0.00004823	0.00017728	-0.09765925	-0.00075156	-0.00026473	0.00075341
0.77	0.00012149	-0.00019236	-0.09810135	-0.00015138	-0.00060580	0.00052419
0.78	0.00024020	-0.00000127	-0.09806421	0.00006399	-0.00103567	0.00055191
0.79	-0.00009804	-0.00013605	-0.09800089	-0.00015479	-0.00063059	0.00093609
0.80	0.00004297	0.00003568	-0.09806875	-0.00006681	0.00053557	0.00113887
0.81	0.00009293	0.00003633	-0.09781458	0.00037974	0.00006617	0.00175803
0.82	0.00024554	-0.00012324	-0.09778573	0.00085268	-0.00161108	0.00010864
0.83	-0.00014522	-0.00033550	-0.09790704	0.00034487	-0.00042040	0.00113207
0.84	-0.00000454	-0.00015072	-0.09788217	0.00030301	-0.00058018	0.00234491
0.85	0.00012185	-0.00015386	-0.09810397	0.00026020	0.00011711	0.00134617
0.86	-0.00001021	-0.00002105	-0.09815098	0.00071630	0.00008563	0.00124185
0.87	-0.00012251	-0.00017623	-0.09818910	-0.00053085	-0.00007689	0.00166009
0.88	0.00002826	-0.00008196	-0.09814984	-0.00048903	-0.00055088	0.00103428
0.89	0.00016116	-0.00042143	-0.09789149	0.00023179	-0.00092739	0.00082356
0.90	-0.00017219	-0.00018889	-0.09819810	-0.00021597	-0.00126954	0.00059331
0.91	0.00002421	-0.00010163	-0.09827153	-0.00020210	0.00013131	0.00069073
0.92	-0.00007156	-0.00001535	-0.09811440	0.00018672	0.00020096	0.00119890
0.93	0.00002455	-0.00010403	-0.09811327	0.00050572	0.00066948	0.00093542
0.94	-0.00009230	-0.00005376	-0.09835574	0.00002970	-0.00063508	0.00074297
0.95	-0.00010317	0.00004308	-0.09785758	-0.00040250	-0.00083444	0.00179383
0.96	-0.00017746	0.00009437	-0.09798753	-0.00014930	-0.00085165	0.00113734
0.97	0.00003282	-0.00022751	-0.09794257	0.00070189	-0.00095962	0.00135214
0.98	0.00010689	-0.00004907	-0.09787334	0.00034973	-0.00065861	0.00163812
0.99	-0.00004675	-0.00014817	-0.09780653	-0.00005891	-0.00019766	0.00021528
1.00	-0.00006686	0.00000758	-0.09795967	-0.00051192	-0.00026866	0.00008070
1.01	0.00003282	-0.00006684	-0.09797409	0.00047204	0.00008782	0.00104541
1.02	0.00022902	0.00004545	-0.09801210	-0.00009074	-0.00015956	0.00150262
1.03	-0.00006310	0.00021820	-0.09798522	0.00012495	0.00048054	0.00140094
1.04	0.00019047	0.00031786	-0.09804715	0.00073665	0.00007688	0.00050588
1.05	0.00000964	0.00018242	-0.09786477	0.00070741	-0.00016993	0.00131918
1.06	0.00034258	-0.00010475	-0.09836966	0.00125658	-0.00045954	0.00118681
1.07	0.00034388	-0.00000155	-0.09817660	0.00125609	0.00008188	0.00036107
1.08	0.00009166	0.00001548	-0.09791859	0.00081751	0.00046235	0.00094867
1.09	0.00027104	0.00016808	-0.09803397	0.00110441	-0.00021479	0.00022056
1.10	0.00011981	0.00036586	-0.09790837	0.00088078	-0.00042059	0.00075395
1.11	0.00030035	-0.00016234	-0.09800595	0.00082964	0.00154683	0.00112143
1.12	0.00018007	-0.00013425	-0.09792822	0.00055733	0.00002971	0.00102683
1.13	0.00024870	0.00006622	-0.09795829	0.00046040	0.00112102	0.00144211
1.14	0.00015062	-0.00001938	-0.09792912	0.00106997	0.00056442	0.00099770
1.15	-0.00010295	0.00000512	-0.09788664	0.00072805	-0.00011651	0.00038534
1.16	0.00033279	0.00000113	-0.09773739	0.00074340	0.00020144	0.00106768
1.17	0.00027501	0.00018033	-0.09787741	0.00118097	-0.00021381	0.00157088
1.18	0.00018893	-0.00030790	-0.09804570	0.00112865	-0.00043277	0.00181566
1.19	-0.00005972	0.00000678	-0.09788903	0.00077492	0.00024453	0.00084214
1.20	-0.00011279	-0.00033769	-0.09766621	0.00011242	0.00102761	0.00099516
1.21	0.00015684	-0.00017752	-0.09815372	0.00052510	0.00056421	0.00071045
1.22	0.00033337	0.00009389	-0.09778507	0.00200202	0.00032244	0.00180144
1.23	0.00001597	-0.00011860	-0.09796398	0.00031703	0.00037818	0.00049617
1.24	0.00038693	0.00002376	-0.09788190	0.00061128	0.00042913	0.00068586
1.25	-0.00012050	0.00014423	-0.09805448	0.00105799	0.00093637	0.00207321
1.26	0.00022849	-0.00033556	-0.09782129	0.00095504	0.00090025	0.00061331
1.27	0.00000125	-0.00006939	-0.09784414	0.00052887	0.00071555	0.00157786
1.28	0.00013845	-0.00021315	-0.09770285	0.00098902	0.00063859	0.00182474
1.29	0.00009376	-0.00006506	-0.09783438	0.00038920	0.00098777	0.00161548
1.30	-0.00008101	-0.00029392	-0.09772361	0.00056498	0.00101994	0.00141594
1.31	-0.00040708	-0.00026078	-0.09787192	0.00080567	0.00095797	0.00105156
1.32	-0.00000727	-0.00024464	-0.09782318	0.00120664	-0.00016750	0.00124598
1.33	-0.00012753	-0.00018588	-0.09744948	0.00127040	0.00040009	0.00207367
1.34	0.00002789	-0.00044530	-0.09806089	0.00200999	-0.00008933	0.00139214
1.35	-0.00000386	-0.00029034	-0.09796294	0.00032953	-0.00039300	0.00100525
1.36	0.00017578	-0.00000779	-0.09774272	0.00038419	-0.00012650	-0.00017828
1.37	0.00018081	-0.00021632	-0.09792123	0.00106975	0.00114988	0.00148147
1.38	-0.00018531	-0.00019389	-0.09783084	0.00086537	0.00094540	0.00091329
1.39	0.00000430	-0.00005812	-0.09800063	0.00119911	-0.00051973	0.00025436
1.40	-0.00026813	-0.00029413	-0.09817437	0.00090116	-0.00009928	0.00068129
1.41	0.00010346	-0.00026957	-0.09803861	0.00111695	0.00096385	0.00071443
1.42	0.00011345	-0.00024007	-0.09788367	-0.00007585	0.00063394	0.00069903
1.43	-0.00025196	-0.00008639	-0.09798718	0.00085724	0.00051414	0.00029437
1.44	-0.00003095	-0.00013412	-0.09805243	0.00107255	0.00021867	0.00140101
1.45	0.00003243	-0.00005181	-0.09809840	0.00069179	0.00094930	0.00051441
1.46	0.00004121	-0.00012088	-0.09798656	-0.00000647	0.00015579	0.00057561
1.47	0.00023566	-0.00012444	-0.09809328	0.00085340	-0.00059499	0.00078969
1.48	-0.00010438	-0.00016457	-0.09797728	0.00067594	0.00159478	0.00098377
1.49	0.00008326	-0.00026019	-0.09831481	0.00294004	-0.00044402	0.00118085
1.50	-0.00012878	-0.00020984	-0.09814915	0.00165860	-0.00072266	0.00031522
1.51	-0.00017041	-0.00008077	-0.09799063	0.00133218	-0.00066315	0.00002146
1.52	-0.00016672	-0.00020767	-0.09823759	0.00100492	0.00031111	0.00039587
1.53	-0.00007301	-0.00037230	-0.09802597	0.00095886	0.00095300	-0.00054527
1.54	-0.00026838	-0.00019126	-0.09824723	0.00106065	0.00015107	-0.00072228
1.55	-0.00006963	-0.00042503	-0.09797690	0.00064720	0.00097088	0.00036395
1.56	-0.00025463	-0.00023202	-0.09790821	0.00130776	-0.00066846	0.00090030
1.57	0.00029946	-0.00013904	-0.09816244	0.00090137	-0.00083356	0.00126988
1.58	0.00007145	-0.00056370	-0.09791277	0.00152984	-0.00055274	0.00060333
1.59	-0.00001650	-0.00055291	-0.09810121	0.00101648	-0.00055761	0.00133552
1.60	0.00027127	-0.00011229	-0.09812436	0.00150407	-0.00011001	-0.00006277
1.61	0.00010169	-0.00021747	-0.09835069	0.00030080	-0.00073415	0.00074608
1.62	0.00016158	-0.00015013	-0.09811689	0.00110414	-0.00062785	0.00106318
1.63	0.00007315	-0.00010736	-0.09765919	0.00028668	0.00018000	-0.00039189
1.64	0.00015829	-0.00035606	-0.09792444	0.00104084	-0.00109687	-0.00026741
1.65	-0.00013324	-0.00020454	-0.09816446	0.00202710	-0.00043578	0.00137404
1.66	0.00004065	0.00004371	-0.09804774	0.00199009	-0.00099741	0.00011342
1.67	0.00009239	-0.00029027	-0.09778019	0.00269811	-0.00024147	0.00047899
1.68	-0.00005650	-0.00018435	-0.09784523	0.00173594	0.00042452	-0.00020644
1.69	0.00032258	-0.00002535	-0.09802997	0.00211833	-0.00042765	0.00026758
1.70	0.00017125	-0.00064330	-0.09804902	0.00179982	-0.00076411	0.00048910
1.71	0.00004809	-0.00022856	-0.09783830	0.00109107	-0.00129908	0.00025126
1.72	0.00004285	-0.00007110	-0.09785324	0.00200518	-0.00138032	0.00081793
1.73	0.00003271	-0.00021988	-0.09792788	0.00202881	-0.00106085	0.00096976
1.74	-0.00015195	-0.00024780	-0.09801606	0.00152574	-0.00037972	0.00078338
1.75	-0.00011986	-0.00056285	-0.09793433	0.00132534	-0.00028853	0.00054900
1.76	0.00000218	-0.00012601	-0.09800378	0.00109850	0.00094722	0.00000728
1.77	0.00006737	-0.00022454	-0.09794696	0.00170974	0.00056875	0.00184222
1.78	0.00001048	-0.00024109	-0.09778662	0.00138114	-0.00017358	0.00009574
1.79	0.00014274	-0.00001025	-0.09795795	0.00104440	0.00017484	0.00013757
1.80	-0.00006413	-0.00008014	-0.09776717	0.00200473	0.00031834	0.00115120
1.81	-0.00026516	-0.00004479	-0.09787059	0.00120470	-0.00026735	0.00015509
1.82	-0.00002811	0.00003775	-0.09810169	0.00177094	0.00035405	0.00000974
1.83	0.00036082	-0.00033499	-0.09781150	0.00081289	0.00017332	0.00087496
1.84	0.00021956	-0.00020743	-0.09799436	0.00151851	0.00014721	0.00085021
1.85	0.00003063	-0.00014557	-0.09779025	0.00152877	-0.00046781	-0.00031683
1.86	-0.00040252	-0.00034577	-0.09782016	0.00022590	-0.00062646	-0.00015194
1.87	0.00022797	-0.00030546	-0.09790877	0.00069391	-0.00003837	-0.00074537
1.88	-0.00006265	-0.00029401	-0.09774342	0.00083066	0.00039426	-0.00000548
1.89	-0.00010161	-0.00029835	-0.09802575	0.00016198	0.00010162	-0.00036335
1.90	-0.00017041	-0.00029185	-0.09807855	0.00124217	0.00024263	-0.00013448
1.91	-0.00024334	-0.00013988	-0.09775914	0.00115595	0.00009337	-0.00055224
1.92	-0.00000365	-0.00024934	-0.09797334	-0.00027142	0.00126769	-0.00055779
1.93	0.00000390	-0.00020977	-0.09791898	0.00000443	-0.00030739	-0.00001684
1.94	0.00000119	-0.00022388	-0.09837930	-0.00049534	0.00105556	0.00082187
1.95	-0.00004445	0.00020507	-0.09802755	-0.00094342	0.00103305	0.00074440
1.96	-0.00005555	-0.00002349	-0.09779585	-0.00037405	0.00069546	-0.00013891
1.97	-0.00030771	-0.00017909	-0.09805983	-0.00127709	0.00059105	0.00056136
1.98	0.00008084	0.00028065	-0.09785910	0.00102434	0.00054969	0.00060109
1.99	0.00002562	-0.00002259	-0.09802158	0.00077097	-0.00016769	0.00050251
2.00	-0.00010630	-0.00027769	-0.09782697	0.00062030	0.00003107	-0.00117623
2.01	-0.00029401	-0.00022187	-0.09809990	0.00047095	0.00085653	0.00048545
2.02	-0.00022528	-0.00001067	-0.09756506	0.00032624	0.00003861	-0.00027001
2.03	-0.00022176	-0.00033744	-0.09802537	-0.00042359	0.00001842	-0.00120016
2.04	0.00013225	-0.00012041	-0.09797823	0.00019336	0.00004881	-0.00081430
2.05	0.00000507	-0.00000516	-0.09800065	0.00044860	-0.00044428	-0.00020373
2.06	0.00022973	-0.00017601	-0.09795284	0.00041892	-0.00031743	-0.00028596
2.07	0.00019157	-0.00030198	-0.09801508	0.00159109	0.00024348	-0.00016077
2.08	-0.00005723	-0.00028410	-0.09776729	0.00141787	-0.00020827	-0.00041770
2.09	-0.00012301	-0.00013277	-0.09816842	0.00019646	0.00012694	-0.00064134
2.10	-0.00020238	-0.00015155	-0.09800479	0.00035405	0.00050910	-0.00000359
2.11	0.00031101	-0.00040161	-0.09811300	0.00079689	-0.00027283	0.00029851
2.12	0.00009667	-0.00029427	-0.09802790	0.00043096	0.00001150	-0.00003061
2.13	0.00023155	0.00015411	-0.09781221	0.00032689	-0.00001130	-0.00116508
2.14	-0.00012411	0.00011011	-0.09802662	0.00108249	-0.00111947	-0.00102687
2.15	0.00008469	0.00007272	-0.09790165	0.00031731	0.00049875	-0.00007662
2.16	0.00007278	-0.00001308	-0.09780418	-0.00028868	-0.00070880	-0.00039040
2.17	0.00006068	0.00016081	-0.09798413	0.00062983	-0.00073460	-0.00050930
2.18	-0.00007864	0.00003166	-0.09823704	0.00090562	0.00032968	-0.00035109
2.19	0.00008165	-0.00040251	-0.09784690	0.00140458	0.00045599	-0.00100267
2.20	0.00012052	-0.00019967	-0.09819155	0.00113374	0.00061266	-0.00052123
2.21	0.00038566	0.00018185	-0.09779620	0.00023894	0.00099671	-0.00026233
2.22	0.00007793	-0.00008151	-0.09790857	0.00094869	0.00044965	-0.00041675
2.23	-0.00010998	0.00008606	-0.09792247	0.00148819	0.00011890	-0.00043841
2.24	0.00015178	0.00019969	-0.09801020	0.00065997	-0.00014037	0.00063624
2.25	-0.00004643	-0.00047639	-0.09811453	0.00073828	-0.00022473	0.00089625
2.26	-0.00002068	-0.00019850	-0.09831874	0.00055797	0.00064006	0.00033337
2.27	0.00005802	-0.00007244	-0.09805668	0.00121015	0.00077213	0.00068684
2.28	-0.00003703	-0.00004067	-0.09835689	0.00133864	0.00105163	0.00026239
2.29	-0.00005800	0.00016763	-0.09801758	0.00142992	0.00126494	0.00056902
2.30	-0.00011110	-0.00003446	-0.09818601	0.00099465	-0.00033046	0.00060921
2.31	0.00022080	0.00024346	-0.09826414	0.00038006	0.00000974	0.00138358
2.32	0.00001356	0.00005391	-0.09796854	0.00052918	0.00014698	-0.00037698
2.33	-0.00000041	0.00014576	-0.09804462	0.00071100	-0.00025314	-0.00000531
2.34	0.00018288	-0.00009203	-0.09810353	0.00231158	0.00061836	0.00066387
2.35	-0.00020380	0.00001225	-0.09789059	0.00102965	0.00000863	0.00101342
2.36	0.00020746	0.00005603	-0.09791740	0.00074716	0.00001969	0.00008054
2.37	0.00016795	0.00006103	-0.09795726	0.00016631	0.00088528	-0.00051498
2.38	0.00014344	-0.00012933	-0.09786377	0.00070182	-0.00011242	0.00045242
2.39	0.00010113	0.00011805	-0.09808875	0.00084835	0.00066635	0.00009892
2.40	0.00017874	-0.00030721	-0.09801823	0.00185754	0.00082218	-0.00068824
2.41	0.00008202	0.00004211	-0.09766132	0.00112576	0.00119290	-0.00022987
2.42	0.00014333	-0.00005694	-0.09795407	0.00191343	-0.00012013	0.00039003
2.43	0.00026799	-0.00011897	-0.09782176	0.00112759	0.00049988	0.00080531
2.44	0.00020748	-0.00000078	-0.09798504	0.00166698	0.00069769	0.00044382
2.45	0.00019679	0.00019163	-0.09787259	0.00175997	0.00221274	-0.00050266
2.46	0.00012930	-0.00002267	-0.09795408	0.00121726	0.00025315	0.00039484
2.47	0.00026517	-0.00002442	-0.09774200	-0.00014143	0.00018177	0.00042300
2.48	-0.00026172	-0.00022009	-0.09785165	0.00171584	-0.00037964	0.00036050
2.49	0.00004280	0.00010637	-0.09798740	0.00104400	0.00120001	0.00025914
2.50	-0.00004547	-0.00040422	-0.09768706	0.00142567	-0.00009051	0.00011795
2.51	0.00012393	-0.00028178	-0.09778529	0.00164962	0.00076764	-0.00064050
2.52	0.00019066	-0.00032593	-0.09758244	0.00079349	0.00071745	-0.00130144
2.53	-0.00008369	-0.00037427	-0.09763821	0.00165379	0.00136053	-0.00059690
2.54	0.00021150	-0.00042702	-0.09768743	0.00225482	0.00035548	-0.00016536
2.55	0.00019684	0.00016020	-0.09782524	0.00102195	0.00007206	0.00037141
2.56	0.00002931	-0.00006591	-0.09785459	0.00076635	0.00054557	-0.00013611
2.57	-0.00000299	-0.00001244	-0.09795383	0.00057729	0.00103639	0.00026422
2.58	-0.00020174	-0.00023244	-0.09800148	0.00213486	0.00063985	0.00006071
2.59	-0.00001697	-0.00010774	-0.09791345	0.00163821	0.00090612	0.00025065
2.60	-0.00001263	-0.00008164	-0.09802789	0.00107649	0.00143882	0.00048720
2.61	0.00027676	-0.00010881	-0.09796189	0.00035836	0.00139768	0.00015800
2.62	0.00032783	-0.00011793	-0.09781118	0.00160621	0.00133008	0.00082739
2.63	0.00023478	-0.00010938	-0.09786030	0.00159119	0.00093440	0.00123048
2.64	0.00023652	0.00023919	-0.09777963	0.00038814	0.00129101	0.00072333
2.65	0.00003715	-0.00033915	-0.09806681	0.00139210	0.00104736	0.00106900
2.66	-0.00027874	0.00024479	-0.09762947	0.00042723	0.00083495	0.00100629
2.67	0.00000957	-0.00024781	-0.09766437	0.00129748	0.00022410	0.00073457
2.68	-0.00012095	0.00011521	-0.09803003	0.00075286	0.00032043	0.00076853
2.69	-0.00002736	0.00033594	-0.09800931	0.00066919	0.00051965	0.00113112
2.70	0.00016027	-0.00005236	-0.09788347	0.00182684	0.00096261	0.00028136
2.71	0.00001635	-0.00003707	-0.09768119	0.00168305	0.00184842	0.00066729
2.72	-0.00001750	-0.00013222	-0.09773578	0.00267708	0.00033916	0.00034149
2.73	0.00005068	-0.00006917	-0.09801543	0.00183794	0.00113177	-0.00009056
2.74	-0.00009252	-0.00008023	-0.09787625	0.00147979	0.00113122	0.00052906
2.75	0.00007000	-0.00006055	-0.09773673	0.00149617	0.00063746	-0.00007456
2.76	0.00013309	-0.00026594	-0.09777032	0.00158217	0.00149289	-0.00033379
2.77	-0.00019130	-0.00004465	-0.09775222	0.00260488	0.00176016	-0.00003852
2.78	0.00030727	-0.00006647	-0.09798775	0.00181795	0.00038154	-0.00004605
2.79	0.00032349	-0.00019782	-0.09783035	0.00109671	0.00052340	0.00038655
2.80	0.00023838	-0.00005926	-0.09767163	0.00050295	0.00018976	0.00062277
2.81	0.00022241	-0.00030310	-0.09798634	0.00113469	0.00061604	0.00014841
2.82	-0.00009295	-0.00026350	-0.09792615	0.00064649	0.00015208	0.00025283
2.83	0.00025746	-0.00038838	-0.09817227	0.00126529	0.00146721	-0.00053518
2.84	-0.00007494	0.00032505	-0.09779034	0.00153879	0.00092532	-0.00004559
2.85	-0.00010140	-0.00000754	-0.09795305	0.00146303	0.00170474	0.00022445
2.86	-0.00009997	-0.00010340	-0.09801379	0.00144772	0.00041818	-0.00020609
2.87	-0.00003729	-0.00019360	-0.09786080	0.00078457	0.00036638	-0.00039365
2.88	-0.00000858	-0.00025870	-0.09783192	0.00184293	-0.00003759	-0.00073437
2.89	-0.00002005	0.00001263	-0.09772831	0.00083003	0.00012912	-0.00065385
2.90	-0.00000281	-0.00018883	-0.09783308	0.00178591	0.00014466	-0.00049145
2.91	0.00032737	0.00000791	-0.09808245	0.00172114	-0.00007151	-0.00018473
2.92	0.00018875	-0.00017220	-0.09820813	0.00094102	-0.00071144	-0.00001568
2.93	-0.00008418	-0.00024708	-0.09809375	0.00219834	0.00106287	-0.00021182
2.94	0.00003734	-0.00005977	-0.09804698	0.00237585	0.00038403	-0.00012979
2.95	-0.00016429	-0.00006129	-0.09775203	0.00248646	0.00008558	-0.00007384
2.96	-0.00015623	0.00003016	-0.09837388	0.00185534	0.00039045	0.00065534
2.97	-0.00009711	-0.00029007	-0.09803732	0.00215147	0.00014906	0.00000530
2.98	-0.00014994	0.00028052	-0.09801294	0.00133911	-0.00025971	-0.00122635
2.99	-0.00009822	0.00012649	-0.09776337	0.00194966	-0.00067202	-0.00011940
3.00	-0.00003002	0.00010818	-0.09799097	0.00220735	-0.00035211	-0.00085346
3.01	-0.00022707	0.00000981	-0.09769355	0.00247074	-0.00087048	0.00072550
3.02	-0.00004015	-0.00009278	-0.09791196	0.00217608	-0.00006841	-0.00010957
3.03	-0.00029474	0.00036762	-0.09803327	0.00214779	-0.00077020	-0.00006505
3.04	0.00026334	0.00015866	-0.09788773	0.00152183	-0.00073441	-0.00004169
3.05	0.00008247	-0.00000213	-0.09794593	0.00218498	-0.00010170	0.00047609
3.06	-0.00019348	0.00001127	-0.09789902	0.00247147	-0.00046077	-0.00030235
3.07	0.00014144	0.00010211	-0.09752814	0.00214402	0.00050648	-0.00093691
3.08	0.00019128	-0.00039322	-0.09792029	0.00176197	-0.00005323	0.00015074
3.09	-0.00008626	-0.00002099	-0.09820661	0.00082596	-0.00002078	0.00109453
3.10	-0.00015285	0.00021184	-0.09822603	0.00189773	0.00031977	-0.00044454
3.11	0.00024425	-0.00014194	-0.09771870	0.00163017	-0.00027578	-0.00107446
3.12	0.00016119	-0.00027975	-0.09775502	0.00158218	0.00033087	-0.00136513
3.13	0.00038657	0.00003002	-0.09802217	0.00104411	0.00046367	-0.00152292
3.14	0.00015860	0.00009331	-0.09819204	0.00045365	0.00043593	-0.00044986
3.15	0.00018443	0.00022897	-0.09796960	0.00114367	-0.00007757	-0.00132079
3.16	0.00022032	0.00014905	-0.09811354	0.00194282	-0.00117114	-0.00124980
3.17	0.00008040	0.00021769	-0.09833127	0.00134622	-0.00114408	-0.00200514
3.18	-0.00004573	0.00013036	-0.09794157	0.00084022	-0.00081921	-0.00119655
3.19	0.00010903	0.00002718	-0.09811555	0.00121034	0.00024462	-0.00096043
3.20	0.00028111	0.00001365	-0.09831638	0.00125601	0.00077661	0.00000487
3.21	0.00023715	0.00000911	-0.09800623	0.00122488	0.00047221	0.00053992
3.22	-0.00014549	0.00018043	-0.09816482	0.00077267	0.00026347	0.00000836
3.23	0.00035873	0.00009533	-0.09807901	0.00076207	0.00063037	-0.00068887
3.24	0.00014056	-0.00008801	-0.09817076	0.00027414	-0.00003210	-0.00083562
3.25	0.00004889	-0.00007802	-0.09776330	0.00024373	-0.00025566	-0.00078912
3.26	0.00004146	0.00007935	-0.09798342	0.00084545	-0.00027363	0.00006016
3.27	0.00026220	0.00014786	-0.09790633	0.00080194	0.00037480	-0.00059096
3.28	0.00003083	0.00025825	-0.09804093	0.00007461	0.00034572	-0.00088382
3.29	0.00017042	0.00004293	-0.09791862	0.00003867	-0.00035390	0.00037843
3.30	0.00026135	-0.00001556	-0.09772434	-0.00042123	0.00002180	0.00004091
3.31	0.00015833	-0.00000846	-0.09761529	0.00044229	-0.00003886	0.00009056
3.32	0.00011080	-0.00024197	-0.09784109	0.00048667	-0.00030678	-0.00032540
3.33	0.00016521	0.00008321	-0.09777400	0.00101171	0.00050108	-0.00011393
3.34	0.00005111	-0.00003960	-0.09787841	0.00057694	0.00057720	0.00015427
3.35	-0.00008422	-0.00008785	-0.09774563	0.00092671	-0.00064428	-0.00116066
3.36	-0.00005004	-0.00010792	-0.09756531	0.00096115	-0.00034307	-0.00116874
3.37	-0.00039659	0.00006165	-0.09801220	0.00084767	0.00134075	0.00025099
3.38	-0.00020554	0.00014438	-0.09782926	0.00057358	0.00072019	-0.00026071
3.39	-0.00030315	-0.00002404	-0.09798428	0.00029466	0.00072284	0.00070280
3.40	-0.00007344	0.00023885	-0.09807354	0.00060697	0.00108599	-0.00093506
3.41	0.00012098	0.00026567	-0.09811245	0.00004955	0.00050488	-0.00055463
3.42	-0.00022381	0.00024600	-0.09771921	0.00003209	0.00007512	0.00035089
3.43	-0.00010600	-0.00029126	-0.09790826	0.00124657	0.00064325	-0.00131632
3.44	0.00020266	-0.00013781	-0.09820819	0.00095402	0.00039692	0.00020159
3.45	0.00002461	-0.00001693	-0.09813124	0.00109685	0.00070116	0.00018382
3.46	0.00003474	0.00002141	-0.09804542	0.00174591	0.00023518	-0.00018050
3.47	0.00018049	0.00017701	-0.09783808	-0.00027910	-0.00024598	0.00029057
3.48	0.00019904	-0.00000605	-0.09806748	0.00089149	0.00048072	-0.00003379
3.49	-0.00000798	-0.00031984	-0.09778892	0.00112407	-0.00007198	-0.00032973
3.50	-0.00017764	-0.00001184	-0.09782105	0.00095508	-0.00030028	0.00011039
3.51	-0.00021419	-0.00019601	-0.09807535	0.00010809	-0.00040866	-0.00032765
3.52	0.00008528	-0.00009903	-0.09784549	0.00098977	0.00074653	-0.00097792
3.53	0.00011490	-0.00019575	-0.09788743	0.00132771	0.00082548	-0.00015443
3.54	-0.00035682	-0.00023802	-0.09791049	0.00093994	0.00074452	0.00070247
3.55	-0.00026274	-0.00002700	-0.09805858	0.00092810	-0.00039385	-0.00015227
3.56	-0.00025460	0.00001302	-0.09763021	0.00098588	-0.00040282	0.00022876
3.57	-0.00026583	-0.00010090	-0.09782585	0.00019788	0.00001209	-0.00035077
3.58	-0.00030924	-0.00029449	-0.09771838	0.00008393	-0.00013500	-0.00031535
3.59	-0.00053240	0.00012502	-0.09770659	0.00074972	0.00016763	0.00123913
3.60	-0.00043661	0.00003754	-0.09775964	0.00069337	0.00042232	0.00110885
3.61	0.00001692	0.00009846	-0.09800434	-0.00028519	-0.00069376	0.00054989
3.62	-0.00000385	-0.00013540	-0.09773030	0.00077202	-0.00161235	0.00018694
3.63	0.00012599	-0.00011678	-0.09792059	0.00067100	-0.00073310	0.00010029
3.64	0.00015423	0.00003256	-0.09805747	0.00070735	-0.00074674	-0.00072530
3.65	-0.00014914	-0.00015442	-0.09806991	0.00079169	-0.00130541	-0.00031675
3.66	-0.00002620	-0.00022218	-0.09802149	-0.00035781	-0.00075452	0.00085011
3.67	0.00021719	-0.00017365	-0.09792349	-0.00055914	-0.00110863	-0.00024626
3.68	0.00007859	0.00014395	-0.09810687	0.00012561	-0.00007833	0.00015167
3.69	0.00016180	0.00000230	-0.09815695	0.00048339	-0.00062788	0.00033113
3.70	-0.00005621	0.00000424	-0.09810365	0.00118596	0.00005818	0.00065024
3.71	0.00035721	0.00005424	-0.09790089	0.00056040	0.00001320	0.00004420
3.72	0.00011384	-0.00007486	-0.09809153	0.00091244	-0.00118951	-0.00114347
3.73	-0.00015409	-0.00018843	-0.09798513	0.00075447	-0.00067126	0.00078090
3.74	0.00017874	-0.00023055	-0.09820475	0.00050395	-0.00143408	-0.00005914
3.75	-0.00006088	-0.00017546	-0.09804972	0.00170611	-0.00079761	0.00112043
3.76	0.00006975	0.00019193	-0.09783881	0.00069385	-0.00180176	0.00080440
3.77	0.00003688	-0.00003826	-0.09777617	0.00061428	-0.00130802	-0.00045349
3.78	0.00009721	-0.00041556	-0.09804129	0.00122220	-0.00122921	-0.00012599
3.79	-0.00013035	-0.00014897	-0.09783235	0.00052895	-0.00074927	-0.00062555
3.80	0.00032110	-0.00008809	-0.09777701	0.00153679	0.00045894	-0.00026369
3.81	-0.00006507	-0.00026541	-0.09789508	0.00077439	-0.00074341	0.00048889
3.82	0.00008346	0.00011305	-0.09785524	0.00030150	-0.00098008	0.00027161
3.83	0.00006426	0.00013224	-0.09782157	0.00056837	-0.00114190	0.00097367
3.84	0.00012145	-0.00016992	-0.09782619	-0.00002722	-0.00011847	-0.00033744
3.85	0.00000001	0.00019328	-0.09799463	0.00123809	-0.00011393	0.00045015
3.86	0.00031296	0.00002371	-0.09796473	0.00077816	0.00034600	-0.00031927
3.87	0.00039482	0.00004952	-0.09802139	0.00165240	-0.00091983	-0.00047850
3.88	-0.00006329	0.00020620	-0.09809127	0.00051185	-0.00048710	-0.00018583
3.89	0.00041988	-0.00002762	-0.09791586	0.00133638	-0.00038938	-0.00035020
3.90	0.00025806	0.00020639	-0.09779145	0.00138428	-0.00040616	-0.00020142
3.91	-0.00008722	-0.00002372	-0.09775001	0.00196664	-0.00107126	-0.00043973
3.92	0.00025632	0.00018239	-0.09818787	0.00135350	-0.00087428	-0.00105381
3.93	0.00024531	-0.00019493	-0.09790510	0.00057327	-0.00126137	-0.00145193
3.94	0.00006870	-0.00013917	-0.09799325	-0.00013403	0.00014037	-0.00070093
3.95	0.00003760	-0.00014403	-0.09797108	-0.00012986	-0.00087926	-0.00018075
3.96	0.00045027	0.00004153	-0.09779489	0.00022435	-0.00167068	-0.00072433
3.97	-0.00006004	-0.00001362	-0.09758188	0.00030923	-0.00139012	0.00021048
3.98	-0.00012173	0.00012723	-0.09760647	0.00002850	-0.00123890	-0.00004784
3.99	-0.00000348	0.00014741	-0.09757899	0.00057205	-0.00154703	0.00024866
4.00	-0.00022739	0.00000348	-0.09775969	0.00030983	-0.00031366	-0.00039874
4.01	-0.00013907	0.00002477	-0.09794070	-0.00017992	0.00027067	0.00037688
4.02	0.00004333	-0.00024696	-0.09792047	-0.00037793	-0.00031668	0.00062385
4.03	-0.00000076	-0.00007121	-0.09761977	0.00082243	-0.00184008	0.00045838
4.04	0.00017716	-0.00006629	-0.09763521	0.00042401	-0.00020952	-0.00000268
4.05	-0.00003312	-0.00016960	-0.09747560	0.00062288	-0.00046848	-0.00002894
4.06	0.00036379	0.00029976	-0.09776786	0.00079325	-0.00048172	0.00069828
4.07	0.00022608	0.00006732	-0.09793932	-0.00004674	-0.00062512	0.00075315
4.08	0.00008954	0.00002602	-0.09781903	-0.00025917	-0.00108474	-0.00063931
4.09	0.00013560	0.00007582	-0.09787172	-0.00061123	-0.00017557	0.00113677
4.10	0.00015855	0.00025935	-0.09768919	0.00031305	-0.00030305	-0.00018605
4.11	0.00033027	0.00013696	-0.09787872	-0.00013915	-0.00019535	0.00048942
4.12	0.00036200	0.00013890	-0.09774883	-0.00028521	0.00027855	-0.00049636
4.13	0.00000252	0.00006843	-0.09814854	-0.00104886	0.00019967	0.00063361
4.14	0.00044604	-0.00016398	-0.09787149	-0.00062995	0.00017666	0.00032639
4.15	0.00028328	-0.00004588	-0.09790360	0.00089064	-0.00030880	0.00003510
4.16	-0.00008324	-0.00003335	-0.09817334	-0.00032551	-0.00127329	-0.00056360
4.17	0.00024898	0.00016625	-0.09786000	-0.00006045	-0.00063234	0.00007254
4.18	-0.00004634	0.00001929	-0.09796571	0.00024602	0.00062388	-0.00072430
4.19	0.00006121	0.00007285	-0.09804426	-0.00114478	0.00033427	0.00071941
4.20	-0.00021337	-0.00014346	-0.09787869	0.00022010	-0.00052293	0.00050469
4.21	-0.00004084	-0.00005502	-0.09803494	-0.00022792	-0.00039346	0.00044370
4.22	-0.00005864	0.00002317	-0.09802169	0.00040695	-0.00115952	0.00059284
4.23	-0.00010308	0.00012585	-0.09785530	0.00019056	-0.00056361	0.00038410
4.24	-0.00009067	-0.00007414	-0.09814541	0.00029479	-0.00092784	0.00021926
4.25	-0.00007698	-0.00007810	-0.09808739	-0.00098408	-0.00104852	0.00052896
4.26	-0.00007972	0.00002454	-0.09804521	0.00129538	-0.00008824	0.00014610
4.27	-0.00008176	-0.00005760	-0.09793282	0.00073066	-0.00064610	0.00111168
4.28	0.00022539	0.00000375	-0.09804803	-0.00097890	0.00013655	0.00058959
4.29	-0.00003927	-0.00000480	-0.09788674	0.00015682	0.00046065	0.00025317
4.30	-0.00007864	0.00011333	-0.09813270	-0.00030187	0.00036853	-0.00047527
4.31	0.00002326	-0.00002965	-0.09753758	0.00085422	0.00026061	0.00053263
4.32	-0.00000368	0.00012479	-0.09804977	0.00116467	0.00040291	0.00133327
4.33	0.00007997	0.00019220	-0.09769316	0.00136915	-0.00039286	0.00004337
4.34	0.00009991	0.00028569	-0.09779352	0.00094476	0.00023055	0.00123196
4.35	-0.00017748	0.00025695	-0.09770854	0.00092275	0.00064892	-0.00001278
4.36	0.00020354	0.00018583	-0.09739589	0.00078979	0.00104059	0.00026705
4.37	-0.00000756	0.00037107	-0.09792523	0.00003339	-0.00093378	0.00004198
4.38	0.00015634	0.00003954	-0.09760042	0.00070257	-0.00067772	-0.00111689
4.39	-0.00019200	0.00007764	-0.09758465	0.00057746	0.00101452	0.00048267
4.40	-0.00008329	0.00015625	-0.09789016	0.00083844	-0.00029125	0.00043675
4.41	-0.00005878	-0.00004852	-0.09774028	0.00027638	-0.00002022	0.00054267
4.42	0.00012954	0.00004031	-0.09819389	0.00029216	0.00055955	0.00073492
4.43	0.00007635	0.00010700	-0.09799938	-0.00015628	0.00095594	0.00019428
4.44	0.00001636	0.00021537	-0.09793081	0.00057182	0.00088817	-0.00049697
4.45	0.00006865	0.00010369	-0.09790486	0.00085005	-0.00144132	-0.00057307
4.46	-0.00011369	-0.00005615	-0.09781883	0.00105631	0.00016167	-0.00047515
4.47	0.00000575	0.00017681	-0.09783041	0.00114404	-0.00039683	0.00065243
4.48	-0.00017161	0.00013740	-0.09783951	0.00067379	0.00008226	-0.00069957
4.49	-0.00003195	-0.00012315	-0.09802707	0.00109678	-0.00037389	-0.00071705
4.50	-0.00014680	-0.00001618	-0.09765040	0.00064207	0.00072332	0.00025457
4.51	0.00017480	-0.00018569	-0.09785278	0.00055739	0.00045864	0.00009196
4.52	-0.00035135	0.00001110	-0.09779379	0.00113653	0.00089776	-0.00065706
4.53	0.00023087	0.00003816	-0.09803077	0.00117915	-0.00036378	-0.00010889
4.54	-0.00006211	-0.00013376	-0.09791256	0.00074051	0.00043355	-0.00077253
4.55	0.00022335	-0.00003851	-0.09791961	0.00040391	0.00010851	-0.00046726
4.56	0.00009094	0.00011424	-0.09785460	0.00098014	0.00070081	0.00017222
4.57	-0.00006659	0.00015618	-0.09811887	0.00056168	0.00012368	-0.00012510
4.58	-0.00010664	-0.00010146	-0.09793930	0.00118095	0.00019676	-0.00017361
4.59	0.00012684	-0.00001056	-0.09775922	0.00049802	0.00080918	-0.00024455
4.60	-0.00015000	-0.00018095	-0.09795823	0.00059722	0.00065280	0.00005510
4.61	-0.00016391	-0.00023952	-0.09810233	0.00112037	0.00072748	-0.00052900
4.62	-0.00017605	-0.00016369	-0.09782971	0.00115264	0.00067350	0.00004451
4.63	-0.00009705	-0.00020595	-0.09779502	0.00111198	0.00017436	-0.00038131
4.64	-0.00035730	0.00006596	-0.09769717	0.00092933	0.00044303	-0.00037174
4.65	0.00019261	-0.00021430	-0.09791516	0.00152937	0.00057703	0.00074236
4.66	0.00009838	-0.00004571	-0.09789901	0.00052684	-0.00022684	0.00127985
4.67	-0.00000549	-0.00011183	-0.09825297	0.00104520	0.00023854	0.00102243
4.68	-0.00008040	-0.00016145	-0.09802310	0.00013605	0.00067688	0.00112956
4.69	-0.00016041	-0.00016190	-0.09779044	0.00102980	0.00011873	0.00154205
4.70	-0.00015949	-0.00011068	-0.09789704	0.00040605	0.00024798	0.00006896
4.71	-0.00005157	-0.00022837	-0.09783981	-0.00064384	0.00014168	0.00053725
4.72	-0.00010926	-0.00018892	-0.09775369	-0.00036229	-0.00149155	0.00039375
4.73	0.00012685	-0.00015679	-0.09800782	0.00104585	-0.00063915	0.00065608
4.74	-0.00002401	-0.00006179	-0.09755667	0.00122902	0.00064845	0.00146883
4.75	-0.00002032	0.00000124	-0.09788460	0.00027630	-0.00068948	0.00178374
4.76	0.00001842	0.00005458	-0.09821322	0.00072530	-0.00115746	0.00123729
4.77	-0.00000384	0.00019350	-0.09788976	0.00042817	-0.00082189	0.00081549
4.78	-0.00011801	-0.00000597	-0.09798626	-0.00046844	-0.00085698	0.00004071
4.79	0.00018519	-0.00009517	-0.09791733	0.00143429	0.00052913	-0.00062223
4.80	-0.00011833	0.00007199	-0.09775448	0.00143529	0.00037244	-0.00042590
4.81	0.00007349	0.00007666	-0.09795256	0.00070342	-0.00122234	-0.00019319
4.82	0.00027518	0.00001602	-0.09800122	0.00067267	-0.00048357	-0.00016733
4.83	0.00022425	-0.00001090	-0.09776573	0.00015798	-0.00052150	-0.00118158
4.84	0.00000165	-0.00021741	-0.09783873	0.00036531	0.00010928	0.00021032
4.85	0.00037818	-0.00020838	-0.09764995	-0.00001289	0.00002834	-0.00017670
4.86	0.00018988	-0.00004726	-0.09762754	-0.00056731	-0.00016198	-0.00005134
4.87	-0.00019830	-0.00017700	-0.09794508	0.00109717	-0.00065175	0.00065994
4.88	0.00024922	0.00009151	-0.09757869	-0.00023241	0.00008468	-0.00098709
4.89	0.00029422	-0.00010602	-0.09795453	0.00028498	-0.00095870	-0.00089461
4.90	0.00014585	-0.00008894	-0.09765003	0.00035546	-0.00076669	-0.00159485
4.91	0.00024324	0.00009044	-0.09775752	0.00180207	-0.00112160	-0.00073402
4.92	-0.00003227	-0.00008499	-0.09765286	0.00093700	-0.00016350	-0.00082255
4.93	0.00004356	-0.00003357	-0.09743173	0.00029812	-0.00051200	0.00035531
4.94	0.00018536	0.00011174	-0.09768080	0.00044536	0.00028230	0.00043360
4.95	0.00002337	-0.00014973	-0.09759586	0.00070149	-0.00003613	0.00131961
4.96	0.00012149	-0.00002768	-0.09757556	0.00078731	0.00013068	0.00099625
4.97	0.00015967	0.00015573	-0.09761706	0.00073759	0.00065801	-0.00054044
4.98	0.00005039	0.00018388	-0.09750383	0.00054674	0.00031391	-0.00009719
4.99	0.00035305	-0.00010714	-0.09759510	0.00013465	-0.00012600	-0.00027374
5.00	0.02028129	0.00022948	-0.09813573	0.00029061	0.00034501	-0.00033027
5.01	0.02018343	-0.00033082	-0.09777561	0.00135030	0.00115041	0.00108435
5.02	0.01991667	-0.00032442	-0.09809979	0.00181801	0.00015692	0.00058493
5.03	0.02006608	0.00025953	-0.09775679	0.00097807	0.00086373	-0.00067556
5.04	0.02024731	0.00020936	-0.09792940	0.00025693	0.00060289	-0.00034671
5.05	0.01972042	-0.00003481	-0.09800732	-0.00068757	0.00160294	-0.00019379
5.06	0.01977014	-0.00011332	-0.09800015	-0.00014634	0.00098566	-0.00081819
5.07	0.01995342	-0.00001179	-0.09787805	-0.00081186	0.00130318	0.00037484
5.08	0.01992277	0.00002423	-0.09777919	0.00064044	0.00036291	-0.00126595
5.09	0.02006751	0.00057143	-0.09782141	0.00054359	0.00055323	-0.00065984
5.10	0.01985103	0.00009447	-0.09785916	0.00152326	0.00083781	-0.00031222
5.11	0.02002252	-0.00005692	-0.09789705	0.00082260	0.00086888	0.00043775
5.12	0.02013429	-0.00009291	-0.09800037	0.00092183	-0.00001651	-0.00004578
5.13	0.01984246	0.00004438	-0.09780521	0.00095765	0.00020186	-0.00030626
5.14	0.02010611	0.00008430	-0.09787139	0.00085988	-0.00061297	-0.00099355
5.15	0.01985274	0.00007847	-0.09829059	0.00070341	0.00045181	-0.00062580
5.16	0.01977832	0.00013654	-0.09804159	0.00031737	0.00114518	0.00040907
5.17	0.01985850	-0.00014293	-0.09761341	0.00095363	0.00016423	-0.00070304
5.18	0.02001615	0.00015126	-0.09790536	0.00067886	-0.00084770	0.00060703
5.19	0.01991743	0.00021160	-0.09772343	-0.00045982	-0.00028735	0.00076405
5.20	0.01974838	0.00032833	-0.09805732	0.00036565	0.00047184	-0.00069494
5.21	0.01979960	-0.00013567	-0.09789558	0.00037187	0.00023257	-0.00007666
5.22	0.01983301	-0.00001520	-0.09824453	-0.00008601	-0.00019128	-0.00034572
5.23	0.02026013	0.00017145	-0.09772529	-0.00026442	0.00128337	-0.00078016
5.24	0.02004895	-0.00036214	-0.09761358	0.00066413	0.00043332	-0.00087301
5.25	0.01979015	0.00009502	-0.09769625	0.00112355	0.00106322	0.00008451
5.26	0.01987142	-0.00031539	-0.09788343	0.00088335	-0.00000088	0.00047606
5.27	0.02003916	-0.00015334	-0.09779364	0.00031698	-0.00045861	-0.00030233
5.28	0.02020617	-0.00000700	-0.09807766	0.00019366	0.00038100	-0.00017767
5.29	0.01984232	0.00024641	-0.09785816	0.00040368	0.00035121	0.00022659
5.30	0.01981260	-0.00004704	-0.09768057	-0.00040605	0.00023474	-0.00013967
5.31	0.01976291	0.00010947	-0.09791723	0.00054956	0.00044198	0.00071163
5.32	0.01965454	-0.00001134	-0.09800685	0.00039797	0.00074940	0.00056623
5.33	0.01993744	0.00013435	-0.09780907	-0.00001702	0.00079995	0.00003203
5.34	0.02008081	0.00011983	-0.09784077	-0.00046797	0.00054929	-0.00099062
5.35	0.02005378	0.00052182	-0.09746220	0.00060743	0.00058687	-0.00062285
5.36	0.01999039	0.00000236	-0.09803745	0.00053230	0.00136161	0.00020512
5.37	0.01980855	0.00010248	-0.09794697	-0.00051443	0.00130647	-0.00043712
5.38	0.01978408	0.00003506	-0.09786933	0.00006130	0.00023341	-0.00111219
5.39	0.01991123	-0.00002410	-0.09811197	-0.00003223	-0.00007164	-0.00030017
5.40	0.02019968	-0.00009565	-0.09800913	0.00081145	0.00095226	-0.00035513
5.41	0.01997611	-0.00006372	-0.09777070	0.00010262	0.00051146	0.00062543
5.42	0.02000180	0.00001146	-0.09776633	0.00002272	0.00022988	0.00019277
5.43	0.01992771	0.00002350	-0.09771680	-0.00005310	0.00092599	0.00025186
5.44	0.02001198	-0.00011277	-0.09767323	-0.00018472	-0.00047206	0.00024180
5.45	0.01996260	0.00020503	-0.09765516	0.00008019	0.00037438	0.00040521
5.46	0.01998735	-0.00012025	-0.09789953	-0.00053661	0.00056625	0.00025896
5.47	0.01987985	-0.00002258	-0.09768709	-0.00044905	0.00194920	0.00029549
5.48	0.01985435	-0.00023213	-0.09759025	-0.00004201	0.00075154	0.00054041
5.49	0.01979686	0.00017383	-0.09781325	-0.00015679	0.00104541	0.00030657
5.50	0.02001689	0.00018721	-0.09778903	-0.00057943	0.00098102	0.00052075
5.51	0.01971263	0.00008052	-0.09822117	-0.00049334	0.00038979	0.00118518
5.52	0.02029162	0.00006527	-0.09794316	-0.00010513	-0.00009176	-0.00008465
5.53	0.01976319	0.00035475	-0.09775478	-0.00022116	0.00011736	-0.00027214
5.54	0.01971109	0.00008448	-0.09794813	0.00008101	-0.00035327	-0.00016608
5.55	0.01982078	0.00016903	-0.09816840	-0.00019715	-0.00026675	0.00019434
5.56	0.01988545	-0.00018226	-0.09808600	-0.00112538	-0.00008781	0.00051781
5.57	0.01986146	-0.00017890	-0.09821506	-0.00020087	0.00027407	0.00007085
5.58	0.02011300	-0.00007162	-0.09792854	-0.00021630	0.00031209	-0.00035472
5.59	0.02006112	-0.00029196	-0.09761007	-0.00031985	-0.00019038	0.00059673
5.60	0.01985012	-0.00018131	-0.09764514	0.00005524	-0.00038023	0.00070538
5.61	0.02002724	0.00001829	-0.09794410	0.00028145	0.00082633	0.00102988
5.62	0.01997560	-0.00018585	-0.09803736	-0.00058138	0.00006486	0.00088869
5.63	0.01995624	-0.00006021	-0.09780679	-0.00091547	-0.00033988	-0.00026210
5.64	0.01990365	-0.00008038	-0.09794670	-0.00014541	-0.00027819	0.00055289
5.65	0.02004334	0.00005640	-0.09795872	-0.00071908	-0.00004882	0.00053117
5.66	0.01993515	-0.00010062	-0.09801739	-0.00037267	0.00034039	0.00051891
5.67	0.02012633	-0.00032982	-0.09795602	-0.00101026	-0.00019137	-0.00010486
5.68	0.02010196	-0.00014413	-0.09808144	-0.00063808	-0.00108621	0.00012289
5.69	0.02035547	0.00004160	-0.09773979	-0.00122995	0.00007605	-0.00041911
5.70	0.02006088	-0.00037003	-0.09802927	-0.00050553	0.00020895	0.00089103
5.71	0.01976914	-0.00028770	-0.09800563	-0.00153949	-0.00023428	0.00017361
5.72	0.01981357	-0.00014774	-0.09780824	-0.00143059	0.00017514	0.00140520
5.73	0.02029174	0.00003611	-0.09808003	0.00026059	0.00059311	0.00101297
5.74	0.01980226	0.00001139	-0.09801306	-0.00007129	-0.00014709	0.00012381
5.75	0.02022215	-0.00008480	-0.09777795	0.00083071	-0.00093798	0.00060164
5.76	0.01992020	-0.00030219	-0.09776652	-0.00043813	-0.00093587	0.00005283
5.77	0.02005499	-0.00008518	-0.09775898	0.00048303	-0.00086977	0.00094109
5.78	0.02009018	0.00002591	-0.09786224	-0.00048322	-0.00039721	0.00063687
5.79	0.02026296	0.00010805	-0.09807686	0.00025088	-0.00016995	0.00028781
5.80	0.02020198	0.00000863	-0.09776990	-0.00144198	0.00085149	0.00093905
5.81	0.01982574	0.00000194	-0.09797066	-0.00060982	-0.00010709	0.00069370
5.82	0.01985240	0.00017164	-0.09806882	-0.00061191	0.00140476	0.00058022
5.83	0.02014379	0.00033931	-0.09803313	-0.00079665	0.00096600	0.00064740
5.84	0.01977060	0.00021546	-0.09783956	-0.00148825	0.00040641	0.00026154
5.85	0.02016368	0.00000083	-0.09796151	-0.00072098	-0.00025371	0.00112315
5.86	0.01982045	0.00027951	-0.09745393	-0.00020501	0.00017847	0.00021350
5.87	0.01984591	-0.00015754	-0.09807085	0.00064298	0.00198250	0.00033231
5.88	0.01963076	-0.00008601	-0.09816640	0.00007577	0.00041481	-0.00053517
5.89	0.02007939	0.00001218	-0.09804625	-0.00051525	0.00050150	-0.00037936
5.90	0.02001228	-0.00010041	-0.09808902	-0.00091990	0.00069402	-0.00007886
5.91	0.01979889	0.00009173	-0.09819869	0.00032551	-0.00022026	-0.00019664
5.92	0.02007329	-0.00007972	-0.09809587	0.00090771	0.00005778	0.00052205
5.93	0.02036186	0.00016724	-0.09833140	-0.00014238	0.00060676	0.00017039
5.94	0.02013710	-0.00009886	-0.09822161	-0.00017864	-0.00007999	0.00034774
5.95	0.01986251	-0.00023039	-0.09801481	-0.00061366	-0.00047181	0.00021527
5.96	0.01979721	0.00001965	-0.09788214	-0.00073017	-0.00088416	0.00005553
5.97	0.02006816	0.00001603	-0.09815067	-0.00030622	-0.00111703	-0.00009834
5.98	0.02003450	-0.00009625	-0.09807265	0.00113342	-0.00024060	0.00001061
5.99	0.02005532	0.00006774	-0.09792108	0.00024024	-0.00085779	-0.00013712
6.00	-0.00006266	-0.00011533	-0.09808218	-0.00053578	-0.00101522	0.00009866
6.01	-0.00015434	-0.00006755	-0.09789619	0.00011430	-0.00103745	0.00074315
6.02	-0.00005601	0.00020436	-0.09796558	0.00047032	-0.00022687	0.00013866
6.03	0.00027237	-0.00007184	-0.09797125	-0.00130539	0.00028352	-0.00097264
6.04	0.00003916	-0.00007387	-0.09799168	-0.00033006	-0.00022470	0.00074113
6.05	0.00007641	0.00028549	-0.09791418	-0.00064904	-0.00037347	-0.00010678
6.06	-0.00011516	-0.00019101	-0.09788033	-0.00029580	0.00059027	-0.00032997
6.07	0.00030749	-0.00009644	-0.09788784	0.00073012	-0.00062316	-0.00099126
6.08	-0.00019393	0.00019945	-0.09784122	0.00005344	-0.00045834	-0.00141778
6.09	0.00032582	-0.00011807	-0.09803001	0.00058284	-0.00048536	-0.00001764
6.10	0.00024732	-0.00001874	-0.09766206	-0.00019008	0.00025312	0.00008431
6.11	0.00006836	0.00018185	-0.09821845	0.00076602	0.00013248	-0.00126413
6.12	0.00020422	-0.00006112	-0.09796566	-0.00035610	0.00011734	0.00009628
6.13	-0.00001271	0.00003646	-0.09784892	-0.00071489	-0.00030099	0.00069427
6.14	0.00028678	0.00009115	-0.09802341	0.00073981	0.00030657	0.00046511
6.15	0.00011207	0.00000141	-0.09804598	0.00047358	-0.00011056	0.00001253
6.16	0.00003530	0.00004784	-0.09781164	0.00013962	0.00033507	-0.00134245
6.17	-0.00013372	0.00012967	-0.09800145	0.00046235	0.00028034	-0.00079887
6.18	0.00007813	0.00022867	-0.09783491	0.00004944	0.00009363	-0.00037259
6.19	0.00035776	0.00035470	-0.09757442	0.00039562	0.00034800	0.00017155
6.20	0.00023331	0.00015533	-0.09806502	0.00028644	0.00016523	0.00050825
6.21	-0.00006214	0.00000806	-0.09788299	0.00102755	-0.00005704	-0.00029731
6.22	0.00027940	0.00013408	-0.09755855	-0.00037738	0.00098504	-0.00041026
6.23	0.00002476	-0.00016238	-0.09768087	-0.00009652	-0.00021842	-0.00076420
6.24	0.00030392	0.00024283	-0.09800706	0.00081896	0.00065860	-0.00049155
6.25	-0.00014488	0.00007419	-0.09800120	0.00002600	0.00038084	-0.00108210
6.26	-0.00005575	0.00003638	-0.09806734	-0.00059807	0.00090134	-0.00088888
6.27	0.00006364	0.00015271	-0.09788615	0.00069496	0.00124886	-0.00033415
6.28	0.00002375	-0.00003884	-0.09781667	0.00062472	0.00062641	0.00005149
6.29	-0.00007815	0.00007485	-0.09774467	0.00005619	0.00003682	-0.00040425
6.30	-0.00024122	-0.00015717	-0.09790452	-0.00016391	0.00074970	0.00013654
6.31	-0.00018482	0.00008927	-0.09780922	-0.00019478	0.00063308	0.00068931
6.32	0.00003194	0.00001262	-0.09763944	0.00009158	0.00017139	0.00010990
6.33	-0.00028207	-0.00001953	-0.09792393	-0.00031232	-0.00030590	0.00007257
6.34	-0.00009919	-0.00009309	-0.09806002	-0.00053803	0.00020452	-0.00052418
6.35	-0.00004664	-0.00007848	-0.09785351	-0.00066548	-0.00011856	-0.00139815
6.36	0.00017589	-0.00009917	-0.09797725	-0.00046903	0.00103543	-0.00054291
6.37	-0.00005733	0.00004768	-0.09799275	0.00026739	0.00005300	-0.00143178
6.38	0.00001004	-0.00020812	-0.09807486	-0.00166054	-0.00005155	-0.00046255
6.39	0.00016627	-0.00003864	-0.09807353	-0.00097929	0.00076973	-0.00055802
6.40	0.00000609	-0.00007409	-0.09795236	-0.00102206	0.00083947	-0.00078985
6.41	0.00008960	0.00015758	-0.09799939	-0.00115383	0.00043818	0.00032642
6.42	0.00013707	0.00018538	-0.09801189	-0.00125539	0.00054421	0.00010936
6.43	0.00005100	-0.00010215	-0.09785451	-0.00105768	-0.00003126	-0.00115008
6.44	-0.00004770	0.00000878	-0.09801512	0.00015568	-0.00041607	-0.00087536
6.45	0.00027310	-0.00001625	-0.09782254	-0.00026605	-0.00044734	-0.00164850
6.46	0.00015106	0.00010258	-0.09787565	-0.00067226	0.00005083	-0.00009198
6.47	-0.00017624	-0.00001460	-0.09802866	-0.00061761	0.00040979	0.00016361
6.48	0.00029483	-0.00003296	-0.09791947	-0.00130638	-0.00005921	-0.00020184
6.49	0.00042033	0.00017523	-0.09788123	-0.00144050	0.00103795	-0.00014914
6.50	0.00019677	0.00005514	-0.09783670	0.00015069	-0.00009544	-0.00092547
6.51	0.00029598	-0.00015327	-0.09791722	-0.00045165	0.00024591	-0.00052066
6.52	0.00025023	-0.00012879	-0.09811626	-0.00223415	0.00061422	-0.00067498
6.53	0.00024801	0.00007957	-0.09801018	-0.00062834	0.00038240	-0.00003185
6.54	0.00040631	0.00004159	-0.09771683	-0.00031716	0.00053325	0.00028782
6.55	0.00014803	0.00004121	-0.09800656	0.00023795	0.00038649	0.00065321
6.56	0.00016474	-0.00007169	-0.09788918	-0.00099827	0.00040795	0.00005302
6.57	0.00010777	0.00015463	-0.09787990	-0.00123151	0.00026221	-0.00088903
6.58	0.00032322	0.00020249	-0.09805515	-0.00074807	-0.00018892	-0.00180560
6.59	-0.00002905	0.00012165	-0.09773630	0.00080301	0.00001376	-0.00139723
6.60	-0.00009742	0.00021421	-0.09783527	-0.00042720	0.00014680	-0.00092027
6.61	-0.00005279	0.00014781	-0.09782846	-0.00062658	-0.00029010	-0.00091508
6.62	0.00024923	-0.00017524	-0.09781591	0.00007736	0.00075604	-0.00155075
6.63	0.00013541	0.00012110	-0.09772640	-0.00003410	0.00002248	-0.00059600
6.64	0.00036064	0.00013103	-0.09788775	-0.00157683	0.00038832	-0.00027260
6.65	0.00020638	0.00013320	-0.09774023	-0.00060367	0.00072004	-0.00064161
6.66	0.00040491	0.00001353	-0.09770007	-0.00013574	-0.00086054	-0.00094409
6.67	0.00034976	-0.00007498	-0.09790984	-0.00143876	0.00038149	-0.00090801
6.68	0.00035032	0.00010501	-0.09809750	-0.00043131	-0.00002140	-0.00090644
6.69	0.00038471	0.00011353	-0.09769529	0.00012992	0.00026219	-0.00114077
6.70	0.00046589	-0.00032619	-0.09814599	-0.00035883	-0.00020741	0.00057192
6.71	0.00046905	-0.00008871	-0.09804959	0.00027245	0.00054534	-0.00046970
6.72	0.00025968	-0.00005426	-0.09807995	0.00144881	0.00068649	-0.00067759
6.73	0.00013513	-0.00004963	-0.09811204	0.00113309	0.00087222	-0.00037927
6.74	0.00009389	-0.00030668	-0.09769833	-0.00044873	0.00155394	0.00006368
6.75	-0.00025714	0.00014690	-0.09770005	-0.00167430	0.00041101	0.00043667
6.76	-0.00000927	-0.00035558	-0.09780348	-0.00045350	0.00086872	-0.00010177
6.77	0.00011141	-0.00036226	-0.09788893	-0.00061408	0.00068251	-0.00066135
6.78	0.00005707	-0.00025879	-0.09791859	0.00059340	0.00038113	-0.00085744
6.79	0.00023570	-0.00016951	-0.09781337	0.00111630	0.00095444	-0.00025517
6.80	0.00028990	-0.00015854	-0.09809182	-0.00054634	0.00059229	0.00013362
6.81	0.00021868	-0.00011502	-0.09803597	-0.00117128	0.00080327	-0.00052066
6.82	-0.00007329	0.00005226	-0.09772739	-0.00043143	0.00113181	-0.00012683
6.83	0.00002676	-0.00023993	-0.09786700	-0.00070854	0.00071038	-0.00115726
6.84	-0.00001303	-0.00019194	-0.09791952	-0.00014209	0.00167251	-0.00052469
6.85	0.00013651	-0.00010315	-0.09797397	-0.00001820	0.00249343	-0.00152607
6.86	-0.00000228	0.00018451	-0.09765283	-0.00053136	0.00086095	-0.00053642
6.87	0.00024759	0.00039541	-0.09765730	-0.00114371	0.00166608	0.00033800
6.88	0.00003782	-0.00025018	-0.09801590	-0.00065565	0.00065634	-0.00037348
6.89	0.00018564	-0.00011166	-0.09785375	-0.00111195	0.00035776	-0.00007047
6.90	0.00012136	-0.00014124	-0.09768887	0.00001638	0.00058393	-0.00114006
6.91	-0.00005893	0.00007518	-0.09772678	-0.00156799	0.00115097	-0.00006496
6.92	-0.00032532	-0.00000743	-0.09780475	-0.00093319	0.00106384	-0.00065704
6.93	-0.00015569	-0.00001363	-0.09759144	-0.00092967	0.00085616	-0.00050467
6.94	-0.00005497	0.00016213	-0.09775995	-0.00044600	0.00086738	0.00024715
6.95	0.00010424	0.00008654	-0.09775974	-0.00058945	0.00121206	-0.00080728
6.96	0.00013314	0.00007382	-0.09797021	-0.00010186	0.00146136	-0.00049053
6.97	0.00012667	-0.00014295	-0.09806743	-0.00021542	0.00115389	0.00085251
6.98	0.00004590	0.00001003	-0.09800956	-0.00037426	-0.00031435	-0.00007442
6.99	0.00003989	0.00000332	-0.09798540	0.00025133	-0.00053920	-0.00044830
7.00	0.00006658	-0.00011852	-0.09824222	0.00013655	0.00030620	-0.00052818
7.01	0.00004008	0.00004034	-0.09819741	-0.00101367	0.00134154	-0.00056585
7.02	0.00007977	0.00012851	-0.09785366	-0.00029816	0.00069729	0.00011009
7.03	0.00017032	-0.00002443	-0.09808128	-0.00094991	0.00074431	-0.00046560
7.04	0.00038996	0.00026965	-0.09793593	-0.00105987	0.00044663	-0.00072552
7.05	-0.00006407	0.00020083	-0.09782429	-0.00070579	0.00084998	-0.00004292
7.06	0.00017110	0.00008816	-0.09778444	-0.00040385	0.00117581	-0.00021940
7.07	0.00002601	0.00010936	-0.09791692	-0.00040165	0.00073204	-0.00094482
7.08	0.00015030	0.00051823	-0.09814427	0.00030814	0.00121792	-0.00076307
7.09	0.00009446	0.00018476	-0.09779137	-0.00027531	0.00086208	-0.00006226
7.10	0.00029556	-0.00018096	-0.09779677	-0.00012490	0.00152023	-0.00071266
7.11	0.00040719	0.00001243	-0.09787417	-0.00036181	0.00003201	-0.00123850
7.12	0.00019585	0.00000631	-0.09767965	-0.00013297	0.00056980	0.00004447
7.13	0.00013981	0.00006076	-0.09796026	-0.00022214	0.00076053	0.00048752
7.14	0.00007547	0.00018948	-0.09786267	-0.00079997	0.00106289	-0.00015876
7.15	0.00012798	0.00022693	-0.09778358	-0.00093364	0.00115870	-0.00029736
7.16	0.00032110	0.00020299	-0.09791288	0.00005503	0.00173012	-0.00094508
7.17	-0.00002574	0.00031406	-0.09796215	-0.00024419	0.00133129	-0.00053378
7.18	0.00002343	-0.00026895	-0.09789280	-0.00080860	0.00057299	0.00111578
7.19	0.00003693	0.00001573	-0.09787728	-0.00046056	0.00091429	-0.00044277
7.20	0.00002149	-0.00005454	-0.09788284	-0.00043098	0.00092649	0.00080673
7.21	-0.00001189	0.00027987	-0.09804877	0.00042541	0.00021180	0.00048202
7.22	0.00017611	0.00020104	-0.09791821	0.00005243	0.00085844	-0.00050290
7.23	-0.00023183	0.00024978	-0.09772311	-0.00029813	0.00029270	-0.00095955
7.24	-0.00013634	-0.00006776	-0.09765632	-0.00062049	0.00048881	-0.00020546
7.25	0.00033923	0.00042521	-0.09802479	0.00075039	0.00021645	-0.00044210
7.26	0.00024264	0.00004348	-0.09798455	0.00015507	0.00049369	-0.00008783
7.27	0.00009083	0.00016188	-0.09823132	-0.00045649	0.00085820	0.00009433
7.28	0.00027526	-0.00009172	-0.09760019	-0.00014779	0.00111944	0.00037213
7.29	-0.00002165	0.00031490	-0.09767187	-0.00026406	0.00112661	0.00044569
7.30	-0.00010971	0.00005267	-0.09788682	-0.00007077	0.00100277	-0.00042952
7.31	0.00010838	-0.00027767	-0.09791904	-0.00017701	0.00095175	-0.00043297
7.32	0.00041104	-0.00027321	-0.09786789	-0.00014973	0.00078715	0.00125375
7.33	-0.00003433	-0.00019006	-0.09801085	-0.00035642	0.00140787	-0.00052287
7.34	0.00022885	-0.00002715	-0.09756767	-0.00107746	0.00221011	0.00097902
7.35	0.00019410	-0.00003362	-0.09764138	-0.00095439	0.00086811	-0.00009126
7.36	-0.00001575	0.00006683	-0.09794450	-0.00048603	0.00082209	-0.00043227
7.37	0.00002352	0.00009741	-0.09797704	-0.00013362	0.00015650	0.00030628
7.38	-0.00005767	0.00005602	-0.09783967	-0.00134599	0.00114276	0.00031352
7.39	-0.00018765	0.00001188	-0.09782910	-0.00058181	0.00114726	-0.00013207
7.40	0.00020999	0.00012825	-0.09789767	0.00050880	-0.00008985	-0.00109030
7.41	0.00006839	0.00002668	-0.09798573	0.00084956	0.00153146	0.00031167
7.42	0.00009681	-0.00003404	-0.09794256	0.00024459	0.00124055	0.00026643
7.43	0.00004101	-0.00014541	-0.09795693	0.00016248	0.00098843	0.00037353
7.44	0.00007650	-0.00001848	-0.09789956	0.00049582	-0.00007107	-0.00001594
7.45	-0.00019463	-0.00012431	-0.09789007	-0.00020126	0.00061152	0.00045242
7.46	0.00020905	-0.00008361	-0.09760742	0.00068601	0.00052413	0.00011654
7.47	0.00004895	0.00002118	-0.09782260	0.00015438	-0.00075802	-0.00016116
7.48	0.00003246	-0.00010336	-0.09785640	0.00075845	0.00013625	0.00035719
7.49	0.00012426	-0.00032517	-0.09767183	0.00052050	-0.00075328	-0.00117682
7.50	-0.00019547	0.00004873	-0.09764921	0.00008487	0.00060312	-0.00016163
7.51	0.00004644	-0.00003794	-0.09758428	-0.00011398	0.00081441	-0.00072564
7.52	-0.00010720	-0.00016096	-0.09741536	-0.00090076	0.00011598	-0.00009813
7.53	0.00017401	-0.00033012	-0.09781124	-0.00102390	0.00039136	-0.00064991
7.54	0.00009824	-0.00009962	-0.09757752	-0.00000099	0.00034131	-0.00108979
7.55	0.00008214	-0.00013718	-0.09782188	-0.00006381	0.00077675	0.00009782
7.56	-0.00024217	-0.00010622	-0.09783745	0.00005819	0.00149110	-0.00033458
7.57	0.00002847	-0.00013190	-0.09783561	0.00129523	0.00115190	-0.00090361
7.58	0.00000041	0.00001654	-0.09735473	0.00046763	0.00011871	-0.00223883
7.59	-0.00007144	0.00006980	-0.09799375	0.00030244	0.00017496	-0.00144182
7.60	-0.00006585	0.00017087	-0.09748247	-0.00065999	0.00068055	-0.00018815
7.61	0.00000974	-0.00008115	-0.09774943	-0.00006636	0.00124859	-0.00051327
7.62	-0.00025091	-0.00002781	-0.09764531	0.00149648	0.00147470	-0.00054066
7.63	0.00001883	0.00003611	-0.09785385	0.00002659	0.00127944	-0.00022947
7.64	0.00009203	-0.00015174	-0.09774207	0.00042538	-0.00017199	-0.00055625
7.65	-0.00011389	-0.00041955	-0.09801755	0.00022917	0.00081884	-0.00097622
7.66	0.00021946	-0.00007434	-0.09814103	-0.00024358	0.00038268	-0.00020129
7.67	-0.00001177	-0.00027504	-0.09770350	-0.00064217	0.00031427	-0.00052835
7.68	-0.00013917	-0.00034514	-0.09775468	0.00110940	0.00041519	-0.00134764
7.69	-0.00003840	0.00003484	-0.09807730	0.00041555	0.00127407	-0.00015301
7.70	0.00020878	0.00005610	-0.09789755	0.00059874	0.00108934	-0.00053370
7.71	-0.00007564	-0.00021349	-0.09772425	-0.00032181	0.00091281	-0.00000783
7.72	-0.00025075	-0.00004015	-0.09785845	-0.00047967	0.00091081	-0.00037558
7.73	-0.00015307	-0.00005143	-0.09801979	0.00081179	0.00118118	-0.00045056
7.74	-0.00020374	-0.00012306	-0.09799226	0.00007270	0.00047925	-0.00100376
7.75	-0.00005395	-0.00011818	-0.09785562	0.00013367	0.00121022	-0.00055433
7.76	-0.00008307	-0.00010606	-0.09747255	0.00088680	0.00005713	-0.00054461
7.77	0.00015127	0.00012258	-0.09775669	0.00093580	0.00072615	-0.00079136
7.78	-0.00028940	-0.00003816	-0.09778648	0.00008079	0.00108810	-0.00004372
7.79	-0.00008705	0.00000387	-0.09772486	0.00013006	0.00072844	-0.00087015
7.80	0.00012096	-0.00014408	-0.09768981	-0.00085021	0.00042589	-0.00180906
7.81	-0.00013648	-0.00006933	-0.09755163	-0.00000753	0.00067647	-0.00077792
7.82	-0.00032652	0.00015759	-0.09780927	0.00077299	0.00120741	-0.00144140
7.83	0.00013097	-0.00019049	-0.09792291	0.00001337	0.00162789	-0.00132615
7.84	0.00003887	-0.00000823	-0.09790504	-0.00035820	0.00136406	-0.00052061
7.85	0.00009571	0.00007688	-0.09766627	0.00037688	0.00105342	-0.00038364
7.86	-0.00031628	-0.00033783	-0.09776714	0.00057006	0.00129027	-0.00097483
7.87	0.00003758	-0.00008670	-0.09789088	0.00199666	0.00075193	-0.00149228
7.88	-0.00014548	-0.00010964	-0.09789595	0.00033311	0.00028784	-0.00066962
7.89	0.00009227	0.00010931	-0.09783884	0.00086669	0.00003803	-0.00072055
7.90	0.00018314	-0.00038063	-0.09766235	0.00015648	0.00036009	-0.00144558
7.91	-0.00025637	0.00006845	-0.09795015	0.00133351	0.00080332	0.00003741
7.92	-0.00001161	0.00010055	-0.09783081	-0.00066717	0.00099102	-0.00080564
7.93	-0.00016931	-0.00005258	-0.09773872	0.00073854	0.00164529	-0.00032799
7.94	-0.00012400	-0.00003000	-0.09788609	0.00010382	0.00097197	-0.00021207
7.95	0.00002589	0.00024863	-0.09769014	0.00103318	0.00077705	-0.00015355
7.96	0.00000136	0.00005843	-0.09775297	0.00075546	0.00100378	-0.00066405
7.97	-0.00014591	-0.00001875	-0.09779895	0.00070477	0.00187809	-0.00066610
7.98	-0.00003967	0.00005201	-0.09784203	-0.00033909	0.00148408	-0.00051724
7.99	0.00001319	-0.00004693	-0.09777076	0.00011683	0.00071492	-0.00016982
8.00	0.00010446	-0.00030833	-0.09792710	-0.00030559	0.00027117	-0.00095498
8.01	0.00001252	-0.00011570	-0.09811452	0.00014771	0.00049005	-0.00198441
8.02	-0.00020160	0.00008453	-0.09777607	0.00018069	-0.00012983	-0.00157665
8.03	-0.00019020	-0.00013379	-0.09790899	0.00098769	-0.00034062	-0.00059571
8.04	0.00002791	-0.00031059	-0.09790596	0.00106245	0.00122984	-0.00132542
8.05	0.00010450	-0.00012034	-0.09784510	0.00079860	0.00029348	-0.00096702
8.06	0.00001161	0.00005859	-0.09785391	0.00014094	0.00151367	-0.00086881
8.07	0.00008113	0.00026032	-0.09760343	0.00062354	0.00150949	-0.00213679
8.08	0.00007190	-0.00043785	-0.09779727	0.00088583	0.00048060	-0.00084879
8.09	0.00016088	0.00004365	-0.09798443	-0.00008070	0.00108600	-0.00076810
8.10	-0.00012366	-0.00027864	-0.09781500	-0.00052390	0.00071877	-0.00009901
8.11	-0.00018868	-0.00003970	-0.09802789	-0.00041106	0.00172623	-0.00074481
8.12	0.00011187	0.00015169	-0.09795584	-0.00164116	0.00029926	-0.00006681
8.13	-0.00000107	-0.00003525	-0.09794493	0.00003221	0.00108366	-0.00029542
8.14	0.00012081	0.00005907	-0.09769151	0.00005150	0.00143536	-0.00077201
8.15	0.00001670	-0.00016014	-0.09792301	-0.00091110	0.00115434	0.00069798
8.16	-0.00020442	-0.00012555	-0.09757343	-0.00061181	0.00138780	0.00037305
8.17	-0.00008829	-0.00039550	-0.09790017	-0.00097295	0.00000670	-0.00020594
8.18	0.00003518	0.00002220	-0.09755191	-0.00171987	0.00155427	-0.00058294
8.19	0.00013924	0.00006835	-0.09779668	0.00030754	-0.00016720	0.00094202
8.20	0.00016920	-0.00002801	-0.09771682	0.00032924	-0.00030905	0.00026351
8.21	0.00028218	0.00012768	-0.09774515	0.00029380	0.00072798	0.00013120
8.22	-0.00010975	-0.00001580	-0.09767221	-0.00020808	0.00141494	0.00132847
8.23	0.00013663	0.00009434	-0.09791127	-0.00052497	0.00038778	0.00001000
8.24	0.00032305	-0.00016841	-0.09778863	-0.00082958	0.00113205	-0.00032345
8.25	0.00036358	0.00008165	-0.09785746	-0.00076717	0.00098506	-0.00104041
8.26	-0.00014259	-0.00009575	-0.09758488	0.00035800	-0.00003869	-0.00030942
8.27	0.00011259	-0.00006025	-0.09754200	0.00035302	0.00148465	0.00032336
8.28	0.00013385	0.00000178	-0.09764560	0.00121359	0.00073235	-0.00103354
8.29	-0.00004790	-0.00010955	-0.09751287	0.00019341	0.00108448	0.00030636
8.30	0.00015455	-0.00038487	-0.09783580	0.00040193	0.00095803	0.00004041
8.31	-0.00002222	-0.00008558	-0.09777490	0.00063649	0.00070120	-0.00019673
8.32	0.00021709	0.00006238	-0.09776583	0.00044463	0.00055150	-0.00095406
8.33	0.00003426	-0.00024345	-0.09790582	-0.00183512	0.00002503	-0.00106281
8.34	0.00000575	-0.00006820	-0.09784824	0.00013271	0.00089603	-0.00016994
8.35	-0.00000604	-0.00000243	-0.09795861	0.00004698	0.00074509	-0.00109511
8.36	0.00006821	-0.00016770	-0.09809999	-0.00065110	0.00025971	-0.00085304
8.37	0.00015205	-0.00000737	-0.09774928	-0.00093669	0.00005680	-0.00058569
8.38	0.00019361	-0.00001780	-0.09782940	0.00114391	0.00132907	-0.00041675
8.39	-0.00011548	-0.00044644	-0.09799312	-0.00003803	0.00107377	-0.00094975
8.40	-0.00016534	0.00005193	-0.09789780	-0.00022649	0.00186392	-0.00200657
8.41	0.00012573	-0.00003411	-0.09782633	0.00000315	0.00105290	-0.00056368
8.42	0.00007982	-0.00001837	-0.09792247	-0.00109996	0.00086366	-0.00022732
8.43	-0.00000301	-0.00011979	-0.09792867	-0.00015383	-0.00022623	-0.00103136
8.44	0.00016213	-0.00015192	-0.09822511	0.00025374	0.00027926	-0.00106948
8.45	-0.00000518	-0.00004911	-0.09798229	0.00051361	0.00038276	0.00036075
8.46	-0.00009693	-0.00023467	-0.09800474	-0.00028390	0.00084187	-0.00022161
8.47	0.00003597	-0.00017554	-0.09795830	-0.00015075	0.00095073	-0.00017283
8.48	-0.00017284	-0.00004665	-0.09829142	-0.00047256	0.00095294	0.00017911
8.49	-0.00001704	-0.00031563	-0.09789374	0.00016555	0.00092463	0.00065600
8.50	-0.00011414	-0.00029007	-0.09772076	-0.00087866	0.00148527	-0.00005613
8.51	0.00019552	-0.00029788	-0.09793985	0.00038709	0.00110616	-0.00031244
8.52	0.00016035	0.00004986	-0.09796657	0.00022768	0.00040481	-0.00025255
8.53	0.00012799	-0.00015245	-0.09783929	-0.00017566	0.00105007	0.00055666
8.54	0.00001756	-0.00026878	-0.09783077	0.00025109	0.00125941	0.00021962
8.55	-0.00000403	-0.00015580	-0.09782144	-0.00015092	0.00143649	0.00004585
8.56	-0.00006290	0.00001516	-0.09789282	-0.00032232	0.00157379	0.00023168
8.57	0.00009769	-0.00010861	-0.09787150	0.00010230	0.00047828	-0.00002388
8.58	-0.00002095	0.00001061	-0.09788249	0.00030438	-0.00022402	-0.00021588
8.59	0.00032276	-0.00018961	-0.09777179	0.00076274	0.00072473	-0.00002324
8.60	-0.00003875	-0.00020533	-0.09796553	0.00030278	0.00101243	-0.00071414
8.61	0.00009030	-0.00008075	-0.09802800	-0.00007659	0.00085470	-0.00017947
8.62	0.00003957	0.00005789	-0.09775748	0.00080425	-0.00032101	0.00129707
8.63	0.00006173	-0.00019552	-0.09770815	0.00045490	0.00060829	0.00035652
8.64	0.00002120	0.00021123	-0.09785247	0.00066521	0.00171823	-0.00066125
8.65	-0.00008252	-0.00007106	-0.09809960	0.00037659	0.00075070	0.00021301
8.66	0.00017470	0.00018192	-0.09823020	0.00147456	0.00030419	-0.00021740
8.67	0.00007143	0.00015637	-0.09803054	0.00081836	0.00017097	0.00000017
8.68	0.00023641	0.00003408	-0.09782168	0.00008053	-0.00058497	-0.00023295
8.69	0.00035719	-0.00030887	-0.09748600	-0.00029364	0.00033736	-0.00046927
8.70	-0.00000183	0.00013594	-0.09803141	0.00065414	0.00032534	-0.00105351
8.71	0.00003301	-0.00010373	-0.09779015	0.00063104	0.00037652	0.00039479
8.72	0.00042778	0.00012990	-0.09785443	0.00078159	0.00059864	0.00041769
8.73	0.00016064	0.00027359	-0.09789994	0.00069251	-0.00014404	-0.00034357
8.74	0.00022381	0.00020505	-0.09779985	0.00094138	0.00098688	-0.00085813
8.75	0.00036830	-0.00020584	-0.09808962	0.00020395	-0.00069018	0.00002891
8.76	0.00024814	-0.00000240	-0.09823399	0.00097044	0.00186156	0.00028674
8.77	-0.00016392	-0.00000941	-0.09799881	0.00124598	-0.00008743	-0.00063407
8.78	0.00010592	0.00011418	-0.09780869	0.00094912	0.00032699	0.00037107
8.79	-0.00008434	0.00007079	-0.09784972	0.00112861	0.00189115	0.00095964
8.80	-0.00001474	-0.00020059	-0.09798481	0.00061453	0.00085700	0.00032240
8.81	-0.00009567	-0.00005729	-0.09812955	0.00153096	-0.00039363	-0.00000357
8.82	0.00014252	-0.00004601	-0.09812315	0.00104896	0.00035864	-0.00044436
8.83	0.00020716	-0.00020080	-0.09796743	0.00022727	0.00025603	-0.00009998
8.84	0.00021163	0.00005228	-0.09829465	0.00061884	0.00066868	0.00084536
8.85	0.00016847	-0.00010833	-0.09779270	0.00062631	0.00048345	-0.00021390
8.86	-0.00005894	0.00005595	-0.09789553	0.00128677	0.00073813	-0.00059170
8.87	0.00025926	0.00011608	-0.09792917	0.00096747	0.00093693	0.00064425
8.88	0.00013385	0.00032644	-0.09776895	0.00127308	0.00136407	-0.00012045
8.89	0.00018004	-0.00019745	-0.09770622	0.00014349	0.00141063	0.00026147
8.90	0.00002618	0.00016843	-0.09799121	0.00006396	0.00146125	-0.00100213
8.91	0.00022785	0.00017671	-0.09769113	-0.00076620	-0.00008815	-0.00027516
8.92	0.00039913	0.00018030	-0.09785500	0.00009604	0.00067316	0.00000195
8.93	0.00027377	0.00013557	-0.09769248	0.00011644	0.00090020	0.00066321
8.94	0.00008634	0.00022199	-0.09799645	0.00009988	0.00015357	-0.00023391
8.95	0.00012715	0.00026465	-0.09774005	0.00055274	0.00005892	0.00049009
8.96	0.00033924	0.00004427	-0.09773537	0.00026249	0.00041229	0.00015747
8.97	0.00012147	0.00008360	-0.09771666	0.00110942	0.00077537	-0.00071218
8.98	0.00012827	0.00019765	-0.09767881	0.00059481	0.00038233	-0.00083919
8.99	0.00011751	0.00017192	-0.09769388	0.00088207	0.00093367	-0.00030884
9.00	0.00004816	0.00018351	-0.09757629	0.00100360	0.00139479	0.00049311
9.01	-0.00008225	0.00031315	-0.09797761	0.00111429	-0.00005512	-0.00069102
9.02	-0.00032465	-0.00001900	-0.09790918	0.00144836	0.00030039	0.00048672
9.03	-0.00011904	0.00029850	-0.09790908	0.00105101	0.00093638	0.00049559
9.04	0.00001698	0.00014629	-0.09786467	0.00043387	0.00079663	-0.00021142
9.05	0.00030338	0.00010969	-0.09776720	0.00108014	-0.00013527	-0.00136605
9.06	-0.00002386	0.00012215	-0.09755495	0.00057321	0.00025965	-0.00049584
9.07	0.00006217	-0.00013155	-0.09795933	0.00068706	-0.00016298	-0.00030079
9.08	0.00004953	-0.00026158	-0.09792377	0.00063426	-0.00008221	-0.00042301
9.09	0.00002519	-0.00007613	-0.09779026	0.00072782	0.00008162	-0.00041025
9.10	-0.00014721	0.00006488	-0.09775795	0.00072273	0.00019789	-0.00005021
9.11	-0.00011951	0.00012469	-0.09762886	0.00011008	0.00018128	-0.00081257
9.12	0.00012430	-0.00020123	-0.09761076	0.00073346	0.00045840	0.00016139
9.13	0.00011187	0.00021355	-0.09797396	-0.00073605	0.00135995	-0.00071283
9.14	-0.00008803	0.00011260	-0.09802813	-0.00053086	0.00028065	-0.00078142
9.15	-0.00009200	0.00013203	-0.09786774	0.00000002	0.00135861	-0.00060032
9.16	-0.00004591	-0.00020372	-0.09741312	-0.00115920	0.00183484	-0.00114432
9.17	-0.00028504	0.00014558	-0.09765166	-0.00000650	0.00090438	-0.00091344
9.18	0.00026980	0.00018168	-0.09773742	0.00029211	0.00156482	-0.00238827
9.19	-0.00011774	0.00029561	-0.09776716	-0.00021930	0.00209132	-0.00137055
9.20	0.00016287	0.00044645	-0.09766044	-0.00055791	0.00138500	-0.00176020
9.21	0.00017799	0.00008842	-0.09762368	-0.00060833	0.00018245	-0.00190754
9.22	0.00029103	0.00000743	-0.09803359	-0.00093750	0.00067624	-0.00045460
9.23	0.00010304	-0.00002982	-0.09771144	0.00015551	-0.00015109	-0.00132740
9.24	0.00040384	-0.00015414	-0.09787057	-0.00024946	-0.00013278	0.00010525
9.25	0.00018417	0.00005958	-0.09786007	-0.00074356	-0.00030025	0.00018112
9.26	-0.00002229	-0.00005280	-0.09776345	-0.00073840	0.00030014	-0.00056223
9.27	0.00001785	-0.00009826	-0.09755660	0.00059622	0.00020742	-0.00008865
9.28	0.00025789	-0.00000055	-0.09764611	0.00055825	-0.00054886	-0.00046537
9.29	0.00021560	0.00005035	-0.09786472	0.00097870	-0.00024643	-0.00043783
9.30	-0.00001561	0.00016854	-0.09773595	-0.00065080	-0.00021088	-0.00052449
9.31	0.00005379	-0.00002106	-0.09791001	-0.00068335	0.00034316	-0.00133873
9.32	0.00027383	0.00000659	-0.09790760	-0.00003668	0.00012974	0.00021365
9.33	0.00021744	-0.00021127	-0.09800682	-0.00013519	-0.00034272	-0.00089040
9.34	0.00008245	-0.00033270	-0.09804106	0.00057097	-0.00027076	-0.00045705
9.35	0.00048055	-0.00009653	-0.09793997	0.00002054	0.00069444	-0.00036401
9.36	0.00028873	-0.00028488	-0.09798286	0.00045222	0.00130659	-0.00085041
9.37	0.00036847	-0.00011505	-0.09817269	0.00108584	0.00039469	-0.00100209
9.38	0.00036549	-0.00037790	-0.09803091	-0.00057714	0.00024337	-0.00195338
9.39	0.00002050	-0.00010939	-0.09767249	0.00007250	0.00110457	-0.00002102
9.40	-0.00001120	-0.00000026	-0.09785808	0.00005036	0.00033733	0.00026196
9.41	0.00021342	-0.00005510	-0.09758493	0.00001062	0.00132340	0.00032571
9.42	-0.00010374	0.00028863	-0.09802512	0.00017625	0.00022210	-0.00069168
9.43	0.00009964	0.00020203	-0.09794124	-0.00074952	0.00133388	-0.00004389
9.44	0.00004972	-0.00029982	-0.09786449	-0.00066637	0.00016161	-0.00118645
9.45	-0.00000541	0.00011227	-0.09796604	-0.00085644	0.00194147	-0.00160210
9.46	0.00031897	0.00005497	-0.09802753	-0.00111662	0.00052046	-0.00134955
9.47	0.00009185	-0.00001850	-0.09807383	-0.00078311	0.00145847	-0.00075400
9.48	0.00019130	-0.00006598	-0.09804293	-0.00092916	0.00056870	-0.00172967
9.49	0.00018244	0.00040333	-0.09815202	-0.00093421	0.00014831	-0.00102008
9.50	-0.00012719	0.00022581	-0.09782191	-0.00118177	0.00035969	-0.00066962
9.51	0.00010239	0.00017794	-0.09780798	-0.00093285	0.00003649	-0.00151307
9.52	0.00027214	0.00004597	-0.09783162	-0.00062638	0.00014372	-0.00130568
9.53	0.00023969	-0.00008979	-0.09773171	-0.00130804	-0.00029570	-0.00234011
9.54	0.00033941	0.00006004	-0.09785709	-0.00089975	0.00125397	-0.00032577
9.55	0.00044815	-0.00030436	-0.09796817	0.00004535	-0.00033911	-0.00104187
9.56	0.00000466	-0.00022324	-0.09771631	-0.00019951	0.00013838	-0.00092656
9.57	-0.00007093	-0.00002071	-0.09791795	0.00022420	0.00025730	-0.00028448
9.58	0.00020694	-0.00032102	-0.09774000	-0.00168330	0.00010635	-0.00061579
9.59	0.00021853	0.00042103	-0.09774417	-0.00026022	0.00044310	-0.00058656
9.60	0.00012359	0.00001842	-0.09758932	-0.00066688	-0.00024720	-0.00032814
9.61	0.00003459	0.00020570	-0.09783418	0.00082121	-0.00069579	-0.00030587
9.62	0.00013298	-0.00000083	-0.09774626	0.00005261	-0.00095833	-0.00004711
9.63	0.00013683	0.00002045	-0.09767161	0.00021336	-0.00157503	-0.00112179
9.64	0.00000732	-0.00045007	-0.09797283	0.00042781	-0.00089102	-0.00043360
9.65	-0.00009250	-0.00003284	-0.09781773	0.00017181	-0.00098662	-0.00038420
9.66	-0.00006442	0.00027143	-0.09784611	0.00086593	-0.00005276	-0.00012847
9.67	0.00009127	-0.00001051	-0.09798496	0.00001977	-0.00001807	-0.00011325
9.68	0.00012480	0.00019775	-0.09802065	0.00004323	-0.00075319	-0.00092010
9.69	0.00036303	-0.00011652	-0.09769285	-0.00046439	-0.00025441	-0.00116562
9.70	0.00023043	-0.00004039	-0.09761875	-0.00051068	0.00070233	-0.00176508
9.71	0.00039134	0.00005810	-0.09785486	-0.00009218	0.00067037	-0.00074784
9.72	0.00027118	-0.00015817	-0.09774168	-0.00022115	0.00048280	-0.00076860
9.73	0.00020096	0.00023625	-0.09776409	-0.00050548	0.00111727	-0.00034747
9.74	0.00006890	-0.00012493	-0.09805852	-0.00055349	-0.00002118	-0.00127548
9.75	0.00012351	-0.00010575	-0.09768549	-0.00039296	0.00031036	-0.00008178
9.76	0.00008766	-0.00017674	-0.09805770	-0.00013952	0.00093947	-0.00015002
9.77	-0.00029637	-0.00009866	-0.09786962	-0.00074559	0.00030819	-0.00003448
9.78	0.00000244	0.00000585	-0.09805313	-0.00014230	0.00012326	-0.00029406
9.79	-0.00008858	0.00001580	-0.09804307	-0.00024769	0.00015766	-0.00050786
9.80	0.00024179	0.00011471	-0.09795458	-0.00009896	0.00114029	-0.00004612
9.81	-0.00024670	0.00002944	-0.09787498	-0.00000168	0.00030252	0.00044425
9.82	0.00013369	-0.00009029	-0.09801961	-0.00015713	0.00086813	0.00066703
9.83	0.00020313	-0.00020526	-0.09761783	-0.00050529	0.00005535	-0.00029381
9.84	0.00007661	-0.00003373	-0.09785464	-0.00086695	0.00101226	0.00028175
9.85	0.00016663	0.00012822	-0.09777636	-0.00072955	-0.00014071	0.00064867
9.86	0.00008213	-0.00017797	-0.09796632	-0.00034219	-0.00047422	0.00040433
9.87	0.00002670	0.00007459	-0.09802540	0.00014562	0.00036471	-0.00070771
9.88	0.00008772	-0.00001785	-0.09799385	0.00058715	0.00005564	-0.00096657
9.89	0.00004267	-0.00038319	-0.09799803	0.00047134	-0.00047967	-0.00028175
9.90	0.00008434	0.00008296	-0.09786433	-0.00093731	0.00027825	-0.00054039
9.91	0.00006485	-0.00021814	-0.09788276	-0.00052427	0.00007013	0.00009038
9.92	0.00040014	-0.00020308	-0.09776496	0.00010430	0.00017965	-0.00029504
9.93	0.00015668	-0.00012505	-0.09778815	-0.00030218	-0.00081588	-0.00030146
9.94	0.00000899	-0.00012541	-0.09795635	-0.00039673	-0.00081812	-0.00084749
9.95	-0.00017292	-0.00018511	-0.09791277	-0.00105421	-0.00065848	-0.00173384
9.96	0.00011058	-0.00017518	-0.09805413	0.00018242	-0.00089182	-0.00120805
9.97	0.00004653	-0.00008045	-0.09782498	0.00023827	-0.00096280	0.00025539
9.98	0.00020480	-0.00015410	-0.09794035	-0.00004303	-0.00038032	-0.00116102
9.99	-0.00008507	-0.00002779	-0.09768640	-0.00073338	-0.00039802	-0.00156806
10.00	-0.00003675	-0.00005483	-0.09814616	0.00046608	0.00071384	-0.00154379
10.01	-0.00001408	-0.00016385	-0.09798610	-0.00012464	0.00013282	-0.00146231
10.02	0.00010340	0.00002283	-0.09793914	-0.00019667	0.00045167	-0.00117264
10.03	-0.00009704	-0.00013021	-0.09823827	0.00060635	0.00076209	-0.00105109
10.04	0.00019770	0.00011653	-0.09785905	-0.00007767	0.00078841	-0.00042450
10.05	0.00001742	-0.00006191	-0.09776003	0.00101452	-0.00035229	-0.00109691
10.06	-0.00014488	-0.00021182	-0.09764866	-0.00032326	-0.00068159	0.00016085
10.07	-0.00004509	-0.00013135	-0.09786801	-0.00000438	-0.00032290	-0.00004965
10.08	0.00029097	0.00020496	-0.09790270	0.00031066	-0.00052799	-0.00036009
10.09	0.00035619	-0.00009161	-0.09766831	-0.00071209	0.00025866	0.00007414
10.10	0.00019282	0.00010430	-0.09781542	0.00027790	-0.00005462	0.00033969
10.11	0.00016345	-0.00005106	-0.09775775	-0.00024563	-0.00033341	0.00151645
10.12	0.00009233	-0.00011694	-0.09793994	0.00011070	0.00036301	0.00025466
10.13	0.00023241	-0.00012959	-0.09771289	-0.00027469	0.00043103	-0.00033315
10.14	-0.00017379	-0.00013198	-0.09774323	-0.00009987	0.00010825	0.00063771
10.15	-0.00008809	0.00010994	-0.09790016	-0.00081564	0.00004632	0.00041644
10.16	-0.00011901	-0.00001975	-0.09823344	0.00012210	0.00050717	-0.00021731
10.17	-0.00010067	-0.00002826	-0.09801999	-0.00041796	0.00089569	-0.00007227
10.18	-0.00014850	0.00012272	-0.09784618	0.00078961	0.00179019	-0.00015533
10.19	-0.00020685	0.00000819	-0.09796008	-0.00020629	0.00072634	-0.00005465
10.20	-0.00007765	-0.00001486	-0.09790572	0.00076033	0.00035431	-0.00108360
10.21	-0.00014654	-0.00004958	-0.09791739	0.00004753	0.00050758	-0.00085510
10.22	-0.00029760	-0.00012220	-0.09791439	0.00082735	0.00147051	-0.00091741
10.23	-0.00021391	-0.00001711	-0.09780454	0.00076042	0.00072985	-0.00015971
10.24	-0.00007447	0.00001038	-0.09764443	-0.00070081	-0.00006013	-0.00010607
10.25	-0.00000451	0.00003677	-0.09780225	0.00007575	0.00011457	-0.00060359
10.26	0.00000772	0.00017917	-0.09788211	0.00072389	0.00051935	-0.00035714
10.27	-0.00011776	-0.00001649	-0.09778632	-0.00016673	-0.00025903	-0.00015180
10.28	-0.00019240	0.00010408	-0.09805326	0.00006317	0.00064867	-0.00058529
10.29	0.00003438	0.00016452	-0.09805144	-0.00023477	0.00017924	0.00012269
10.30	-0.00013222	0.00007944	-0.09797392	0.00091130	0.00013635	-0.00083100
10.31	0.00010539	0.00019733	-0.09819585	0.00035017	0.00042751	-0.00094962
10.32	0.00005693	0.00023180	-0.09778031	0.00012568	-0.00026807	-0.00125622
10.33	0.00010251	0.00020254	-0.09794552	0.00021583	-0.00059667	0.00038047
10.34	0.00005808	-0.00025694	-0.09794707	-0.00009720	0.00043809	-0.00062371
10.35	0.00002380	0.00029561	-0.09801291	-0.00029777	0.00010718	0.00046548
10.36	0.00000496	-0.00009189	-0.09772184	0.00044537	0.00081230	0.00013757
10.37	-0.00011699	0.00024999	-0.09814499	0.00024614	-0.00014503	0.00017327
10.38	-0.00008140	0.00020101	-0.09802422	0.00025942	0.00106958	0.00033759
10.39	-0.00003099	-0.00022644	-0.09776030	0.00010197	-0.00033962	-0.00122271
10.40	-0.00007649	0.00004020	-0.09797887	0.00073085	-0.00009485	-0.00088867
10.41	-0.00021186	-0.00014324	-0.09765793	0.00029571	-0.00044421	-0.00152208
10.42	0.00009259	-0.00000504	-0.09783065	-0.00012408	0.00003878	-0.00050094
10.43	-0.00018744	0.00015646	-0.09799812	0.00076112	0.00018459	0.00031929
10.44	-0.00021117	-0.00029102	-0.09756886	0.00088110	0.00089855	-0.00045501
10.45	-0.00005191	-0.00019208	-0.09758906	0.00065013	0.00043699	-0.00008764
10.46	0.00000159	-0.00034644	-0.09801031	0.00139402	0.00096323	-0.00023463
10.47	-0.00031368	-0.00013439	-0.09758896	0.00070624	0.00021131	-0.00070437
10.48	0.00006554	-0.00013400	-0.09785043	0.00087130	0.00147840	-0.00030097
10.49	0.00014657	-0.00006009	-0.09784723	0.00062771	0.00031034	-0.00123143
10.50	-0.00011129	0.00010936	-0.09762625	-0.00050490	0.00002503	-0.00021616
10.51	0.00005303	-0.00026602	-0.09797685	-0.00081967	-0.00051133	-0.00070961
10.52	-0.00005236	0.00003279	-0.09803114	-0.00048347	-0.00077904	-0.00029888
10.53	-0.00018828	0.00003649	-0.09779122	0.00005182	-0.00054662	0.00039861
10.54	0.00019993	-0.00016706	-0.09795111	0.00021568	-0.00010214	-0.00072151
10.55	0.00001912	-0.00014707	-0.09802846	0.00096371	-0.00026847	-0.00002693
10.56	-0.00017589	-0.00007177	-0.09795280	-0.00030863	0.00091219	-0.00038418
10.57	0.00021072	-0.00024801	-0.09776511	0.00024021	0.00091908	0.00007801
10.58	0.00004901	-0.00019134	-0.09765625	0.00047150	-0.00015425	0.00080908
10.59	0.00002656	-0.00023065	-0.09761580	-0.00050064	0.00081115	0.00128874
10.60	-0.00018648	-0.00011520	-0.09811433	0.00003958	-0.00030633	0.00009956
10.61	0.00002114	-0.00027283	-0.09780061	-0.00005323	0.00039742	0.00055338
10.62	0.00029133	-0.00034581	-0.09774348	0.00114082	0.00060189	0.00070712
10.63	-0.00013126	0.00003394	-0.09786525	-0.00003776	0.00093217	0.00129132
10.64	0.00009288	-0.00021014	-0.09766150	-0.00064197	0.00043313	0.00163453
10.65	0.00006761	-0.00005774	-0.09782488	0.00079210	0.00086028	0.00161754
10.66	-0.00012276	-0.00004306	-0.09775644	0.00135911	0.00084585	0.00141493
10.67	-0.00005849	-0.00006500	-0.09765490	0.00107321	-0.00039704	0.00098858
10.68	-0.00006775	-0.00006504	-0.09802093	0.00013529	-0.00027398	0.00135646
10.69	-0.00008658	-0.00029639	-0.09779846	0.00072389	0.00100563	0.00129833
10.70	-0.00024940	0.00011965	-0.09789531	-0.00044094	-0.00033951	0.00105055
10.71	0.00007150	-0.00003801	-0.09778323	0.00037330	0.00026095	0.00002169
10.72	0.00013398	-0.00032033	-0.09799569	-0.00052183	0.00032568	0.00082261
10.73	0.00012688	0.00008956	-0.09789581	0.00028949	-0.00042381	0.00015196
10.74	-0.00018487	0.00014478	-0.09798318	-0.00014979	0.00057597	0.00064000
10.75	-0.00002115	-0.00036576	-0.09809242	0.00086600	0.00039332	-0.00040638
10.76	0.00053391	0.00021862	-0.09797499	0.00033894	0.00030387	0.00002989
10.77	0.00000585	0.00025663	-0.09823098	-0.00019870	-0.00020219	-0.00022453
10.78	0.00025692	-0.00013481	-0.09769482	-0.00052246	0.00048343	-0.00024472
10.79	-0.00002796	-0.00006850	-0.09803836	-0.00099434	0.00007854	-0.00016604
10.80	0.00007882	-0.00010350	-0.09800430	0.00011648	0.00005995	0.00008275
10.81	-0.00009067	-0.00007001	-0.09817011	-0.00010123	-0.00001303	-0.00001826
10.82	-0.00024055	0.00015340	-0.09798257	-0.00080076	-0.00060346	0.00003728
10.83	-0.00000894	0.00006791	-0.09782156	0.00042841	0.00002206	-0.00008461
10.84	0.00007369	-0.00000259	-0.09796979	-0.00005908	0.00001691	-0.00096189
10.85	-0.00018587	0.00019465	-0.09798201	0.00084224	0.00128259	-0.00087202
10.86	0.00015929	-0.00036640	-0.09806625	-0.00032150	0.00080348	-0.00040636
10.87	0.00007054	-0.00024874	-0.09791564	-0.00022058	0.00117128	0.00075830
10.88	0.00005049	-0.00004704	-0.09767069	-0.00037300	0.00043085	-0.00006363
10.89	0.00009762	-0.00016429	-0.09809400	0.00003911	0.00104692	0.00030938
10.90	-0.00009601	0.00004074	-0.09822323	-0.00033710	0.00064460	0.00018343
10.91	0.00022430	-0.00001039	-0.09810062	0.00095715	-0.00027114	-0.00050610
10.92	0.00000106	0.00003628	-0.09816915	-0.00017684	-0.00155776	0.00026076
10.93	0.00013303	0.00005256	-0.09773153	-0.00117446	-0.00126304	-0.00055266
10.94	0.00028222	-0.00017209	-0.09769085	-0.00120819	-0.00014128	-0.00143990
10.95	0.00024539	-0.00037570	-0.09790869	-0.00084379	-0.00052628	-0.00150900
10.96	0.00017543	-0.00015286	-0.09795795	-0.00043241	-0.00116140	-0.00028218
10.97	0.00020809	-0.00023622	-0.09808497	-0.00005402	0.00007923	-0.00078345
10.98	0.00011114	-0.00025671	-0.09805926	-0.00053223	-0.00053387	-0.00095198
10.99	0.00013745	0.00020597	-0.09774655	-0.00066456	-0.00042089	-0.00060305
11.00	0.00001153	0.00011506	-0.09800251	-0.00154723	-0.00075161	0.00015771
11.01	0.00014349	-0.00008011	-0.09794533	-0.00027498	-0.00037201	-0.00069124
11.02	0.00021668	0.00006660	-0.09799944	0.00038153	-0.00001559	-0.00185670
11.03	0.00009808	0.00005219	-0.09773867	-0.00005331	0.00004451	-0.00102524
11.04	-0.00001775	-0.00019643	-0.09813366	-0.00042603	-0.00192063	-0.00007048
11.05	0.00015883	0.00007667	-0.09797192	0.00051011	0.00004910	-0.00034448
11.06	0.00003619	0.00004137	-0.09799703	-0.00009121	-0.00010460	0.00004635
11.07	-0.00007724	-0.00039270	-0.09784735	-0.00023708	-0.00097123	-0.00007254
11.08	-0.00001112	-0.00002338	-0.09811367	-0.00027370	-0.00005809	-0.00037450
11.09	-0.00031651	-0.00009955	-0.09815353	0.00001760	0.00031417	-0.00010535
11.10	0.00009090	-0.00013063	-0.09785514	-0.00031576	-0.00064817	-0.00005984
11.11	-0.00007366	-0.00002301	-0.09770319	-0.00084344	-0.00021119	0.00011553
11.12	0.00042547	-0.00010634	-0.09799581	-0.00063066	-0.00093690	-0.00115212
11.13	-0.00023951	0.00011474	-0.09803914	-0.00032667	-0.00052558	-0.00130153
11.14	0.00022370	0.00007697	-0.09780900	-0.00073864	-0.00161516	-0.00122220
11.15	-0.00009096	0.00011113	-0.09768575	0.00108681	-0.00055791	-0.00112164
11.16	0.00012485	0.00001838	-0.09807818	0.00049044	-0.00135722	-0.00094731
11.17	-0.00003979	0.00006810	-0.09771454	-0.00001993	-0.00149620	-0.00055760
11.18	-0.00008196	0.00004880	-0.09799215	-0.00020818	-0.00060059	-0.00056294
11.19	0.00008803	-0.00008545	-0.09793188	-0.00086805	-0.00016923	-0.00030442
11.20	-0.00012518	0.00022337	-0.09801989	0.00036830	-0.00108476	-0.00052998
11.21	-0.00028667	-0.00018664	-0.09795610	0.00006651	-0.00113020	-0.00072476
11.22	-0.00005806	0.00018496	-0.09803885	-0.00042028	-0.00132779	-0.00073158
11.23	-0.00012917	-0.00012662	-0.09753530	0.00055062	-0.00049934	-0.00066912
11.24	0.00023057	0.00020734	-0.09771211	-0.00047583	-0.00060108	-0.00044914
11.25	-0.00019003	-0.00018045	-0.09793500	-0.00117087	-0.00000336	-0.00099755
11.26	-0.00016354	-0.00009836	-0.09807476	-0.00017358	-0.00022545	-0.00047561
11.27	-0.00006481	-0.00017151	-0.09788129	-0.00061337	-0.00149140	0.00032298
11.28	-0.00008945	-0.00007307	-0.09817390	-0.00040606	0.00009309	-0.00097740
11.29	0.00010117	-0.00036511	-0.09788881	-0.00063414	-0.00045074	-0.00061581
11.30	-0.00003442	-0.00019894	-0.09800194	-0.00032996	-0.00014036	-0.00064595
11.31	0.00026086	-0.00014202	-0.09784348	-0.00073561	0.00073302	-0.00033303
11.32	0.00008538	0.00022168	-0.09797097	-0.00009736	-0.00015126	0.00091047
11.33	0.00007029	-0.00006076	-0.09758036	-0.00091843	-0.00030565	-0.00030120
11.34	-0.00009657	0.00006664	-0.09781960	-0.00024882	0.00053230	-0.00164449
11.35	0.00008670	0.00028257	-0.09779898	-0.00034902	-0.00043818	-0.00088274
11.36	0.00008975	0.00013141	-0.09802030	-0.00037843	0.00002671	-0.00124127
11.37	-0.00040831	0.00026550	-0.09798049	0.00003997	-0.00007566	-0.00141067
11.38	-0.00008389	-0.00043725	-0.09772446	0.00019192	-0.00067323	-0.00182005
11.39	0.00010243	-0.00015104	-0.09782483	-0.00023582	0.00009754	0.00019978
11.40	0.00002538	-0.00014520	-0.09811813	0.00001831	0.00006400	-0.00011726
11.41	0.00028016	-0.00007901	-0.09785309	-0.00031918	-0.00010763	-0.00123338
11.42	0.00013555	0.00011241	-0.09806487	-0.00150309	0.00091651	0.00006333
11.43	0.00015705	-0.00011964	-0.09791614	-0.00010328	-0.00019085	-0.00081646
11.44	0.00002974	-0.00000118	-0.09759709	0.00037558	-0.00056588	-0.00035533
11.45	0.00006295	0.00033620	-0.09770022	-0.00034351	0.00047213	-0.00133146
11.46	-0.00019845	0.00025381	-0.09766834	-0.00084026	0.00042052	-0.00180896
11.47	-0.00005320	0.00010359	-0.09776395	-0.00011694	-0.00128937	-0.00117679
11.48	0.00021821	0.00000106	-0.09748626	-0.00015454	-0.00024966	-0.00101086
11.49	-0.00034330	-0.00014344	-0.09810287	-0.00106898	0.00005855	-0.00080650
11.50	-0.00000138	0.00008221	-0.09808406	-0.00167348	-0.00050048	-0.00119442
11.51	-0.00012937	-0.00025213	-0.09766974	-0.00051544	-0.00018153	-0.00037366
11.52	-0.00012978	0.00004820	-0.09801178	-0.00035043	-0.00045051	-0.00013657
11.53	0.00021238	-0.00008137	-0.09816474	0.00038677	-0.00007085	-0.00028591
11.54	0.00011382	0.00003606	-0.09800114	-0.00003888	0.00196573	-0.00003534
11.55	0.00025285	-0.00007150	-0.09820569	0.00015273	0.00012321	0.00004281
11.56	-0.00037364	0.00013849	-0.09805230	0.00132775	-0.00163976	-0.00112182
11.57	0.00005132	-0.00036707	-0.09793999	0.00100129	-0.00108615	-0.00056886
11.58	0.00013505	-0.00002472	-0.09779012	-0.00001523	0.00030035	0.00043497
11.59	-0.00013950	0.00015509	-0.09808072	-0.00030591	0.00020419	0.00092492
11.60	0.00017915	-0.00011251	-0.09819863	-0.00016271	-0.00040940	0.00060878
11.61	-0.00005820	-0.00007244	-0.09781908	0.00001631	-0.00009875	-0.00005288
11.62	0.00020076	0.00000788	-0.09808530	0.00059539	-0.00006843	0.00008185
11.63	0.00032451	0.00027924	-0.09800228	-0.00006964	0.00042849	0.00109511
11.64	0.00018292	0.00010744	-0.09811873	-0.00068337	-0.00006648	0.00030643
11.65	0.00004119	0.00013970	-0.09777721	0.00034704	0.00004612	0.00094134
11.66	-0.00024928	0.00005308	-0.09770283	-0.00014740	0.00116772	-0.00036713
11.67	0.00011615	0.00017302	-0.09812539	-0.00051392	0.00140522	-0.00046097
11.68	-0.00005527	-0.00016562	-0.09795915	0.00068995	0.00078489	-0.00050874
11.69	-0.00001309	0.00038555	-0.09762356	0.00032980	-0.00086331	-0.00058512
11.70	0.00003014	0.00043939	-0.09768568	0.00073589	-0.00090544	0.00100171
11.71	0.00016552	0.00013478	-0.09772549	-0.00064869	0.00036244	-0.00104888
11.72	0.00001660	0.00014244	-0.09815562	0.00001001	0.00035897	-0.00042879
11.73	0.00023211	0.00024267	-0.09798651	-0.00031614	-0.00031906	-0.00000570
11.74	0.00002490	-0.00008900	-0.09804156	0.00072950	-0.00062812	0.00005554
11.75	0.00006340	0.00005508	-0.09816409	0.00065026	-0.00111609	-0.00016821
11.76	-0.00021320	0.00019151	-0.09786733	0.00023850	-0.00068675	-0.00032873
11.77	-0.00002693	0.00012640	-0.09812948	0.00015042	-0.00004508	-0.00078584
11.78	0.00004749	-0.00017311	-0.09803561	-0.00011312	0.00041447	-0.00064684
11.79	0.00006792	-0.00013866	-0.09812987	-0.00059310	0.00077731	-0.00100786
11.80	0.00025544	-0.00005865	-0.09819194	-0.00006126	0.00020421	-0.00084739
11.81	-0.00014919	0.00002859	-0.09809950	0.00009999	0.00073091	-0.00010771
11.82	-0.00009609	-0.00014897	-0.09782433	0.00061478	-0.00057325	-0.00047570
11.83	0.00014532	-0.00005089	-0.09800183	0.00080488	0.00001151	-0.00038898
11.84	0.00014106	0.00006201	-0.09830962	-0.00003144	0.00003637	-0.00028258
11.85	-0.00021803	0.00017252	-0.09821726	0.00099549	0.00071622	-0.00078996
11.86	-0.00011516	0.00005431	-0.09818311	0.00050467	0.00077569	-0.00050764
11.87	0.00004467	0.00007947	-0.09792627	0.00051368	0.00016851	-0.00025477
11.88	0.00031471	-0.00002776	-0.09781181	0.00067219	0.00003406	-0.00046550
11.89	0.00042054	-0.00000499	-0.09799231	0.00160554	-0.00054471	-0.00061103
11.90	0.00003827	-0.00001494	-0.09811605	0.00067506	0.00037529	-0.00004471
11.91	-0.00004955	-0.00009631	-0.09786441	0.00019318	0.00073590	0.00023450
11.92	0.00034844	0.00007099	-0.09766716	0.00031530	0.00038215	-0.00000971
11.93	0.00015916	0.00005226	-0.09805304	0.00121935	-0.00084930	0.00081080
11.94	0.00019336	0.00001534	-0.09779292	0.00014772	-0.00034942	-0.00031149
11.95	0.00012389	-0.00026440	-0.09774195	-0.00019419	0.00054250	-0.00022472
11.96	0.00048185	-0.00003801	-0.09811395	0.00019652	0.00020071	-0.00107829
11.97	0.00011174	-0.00018635	-0.09806844	-0.00125650	0.00023726	-0.00016671
11.98	0.00008995	0.00008577	-0.09811270	-0.00098764	0.00019387	-0.00070290
11.99	0.00037389	-0.00001895	-0.09800811	-0.00070851	-0.00053819	-0.00043509
12.00	0.00015502	0.00004441	-0.09825456	-0.00043938	0.00053179	-0.00002199
12.01	0.00019504	0.00032706	-0.09804798	0.00018312	0.00118996	-0.00016170
12.02	0.00026632	0.00000682	-0.09831914	-0.00095900	0.00039057	-0.00047305
12.03	0.00023028	-0.00001328	-0.09789940	-0.00030221	0.00027102	-0.00012996
12.04	0.00008798	0.00004837	-0.09790234	-0.00065161	0.00078045	-0.00078021
12.05	0.00016694	0.00017721	-0.09832808	-0.00022573	0.00017731	-0.00035035
12.06	0.00025396	0.00029732	-0.09799526	-0.00064615	-0.00068219	-0.00085326
12.07	0.00020827	0.00033550	-0.09815626	-0.00100392	-0.00100047	-0.00079365
12.08	0.00037527	0.00014510	-0.09807544	-0.00086802	-0.00115959	-0.00108740
12.09	0.00005173	-0.00002898	-0.09786195	-0.00082183	-0.00010424	-0.00149474
12.10	0.00013837	-0.00029530	-0.09799696	-0.00098131	0.00045048	-0.00183291
12.11	-0.00002813	0.00010051	-0.09769157	-0.00019092	0.00071353	0.00026513
12.12	0.00009598	-0.00015886	-0.09803631	-0.00033504	0.00063503	0.00046041
12.13	0.00007823	0.00012676	-0.09774581	-0.00029960	-0.00056402	-0.00036519
12.14	0.00026003	0.00012720	-0.09791781	0.00096277	0.00089986	-0.00033162
12.15	0.00042068	-0.00005573	-0.09810378	0.00017846	0.00000977	0.00005772
12.16	0.00023244	-0.00001302	-0.09780746	0.00078259	0.00063662	-0.00017785
12.17	0.00033531	0.00009831	-0.09783432	-0.00016742	0.00010439	-0.00004910
12.18	0.00048560	-0.00030576	-0.09806084	-0.00030133	0.00059735	0.00000888
12.19	0.00009575	-0.00008650	-0.09804320	-0.00027437	-0.00052548	-0.00102262
12.20	-0.00027664	-0.00009472	-0.09781950	0.00052218	0.00037438	-0.00119967
12.21	0.00043392	0.00013487	-0.09794623	0.00075999	0.00011468	0.00009359
12.22	0.00035067	0.00020580	-0.09780607	-0.00051645	0.00020663	0.00003083
12.23	0.00028135	-0.00013698	-0.09811058	0.00021079	0.00041168	-0.00018941
12.24	-0.00013690	0.00011887	-0.09789920	-0.00096741	0.00043034	-0.00054611
12.25	0.00041027	0.00013462	-0.09794228	0.00037112	0.00088512	0.00030672
12.26	0.00008486	-0.00011383	-0.09788633	0.00081002	0.00152485	0.00075652
12.27	0.00027519	-0.00006768	-0.09803610	0.00063642	0.00013670	-0.00072379
12.28	0.00019905	-0.00026344	-0.09773391	-0.00028002	-0.00015190	-0.00171112
12.29	0.00022709	0.00005437	-0.09780913	0.00071375	0.00098462	-0.00117053
12.30	0.00026080	-0.00011082	-0.09797613	-0.00025156	-0.00109402	-0.00008974
12.31	0.00031033	0.00001623	-0.09776886	-0.00107650	-0.00069433	-0.00031187
12.32	0.00008669	-0.00000229	-0.09782948	-0.00097102	-0.00002807	-0.00052386
12.33	0.00048969	-0.00006469	-0.09799848	-0.00046655	0.00033159	-0.00093312
12.34	0.00031664	0.00001008	-0.09818934	0.00019897	0.00039769	0.00036581
12.35	0.00016176	-0.00010905	-0.09804690	-0.00031503	-0.00021180	0.00007953
12.36	0.00029236	0.00009581	-0.09813401	-0.00041133	0.00025706	0.00086405
12.37	0.00032124	-0.00035528	-0.09802245	-0.00008367	0.00036085	0.00024908
12.38	0.00033292	-0.00009678	-0.09797683	-0.00054601	-0.00081692	-0.00062287
12.39	0.00028608	-0.00013669	-0.09774226	-0.00010051	-0.00040575	-0.00020214
12.40	0.00017990	-0.00000406	-0.09765576	0.00056318	0.00007315	0.00003778
12.41	0.00030623	-0.00004212	-0.09786412	-0.00099998	-0.00034074	0.00000162
12.42	0.00012388	-0.00045785	-0.09784877	0.00036439	0.00009640	0.00028909
12.43	0.00041847	-0.00006781	-0.09771192	-0.00084530	-0.00053813	-0.00009221
12.44	0.00021127	-0.00012090	-0.09789391	-0.00002958	-0.00063576	-0.00167598
12.45	0.00000979	-0.00005112	-0.09806722	-0.00006658	0.00033683	-0.00138125
12.46	0.00036242	-0.00027289	-0.09776984	-0.00001660	0.00034635	-0.00139939
12.47	0.00065603	-0.00002360	-0.09796648	-0.00064008	0.00023059	0.00015572
12.48	-0.00005762	-0.00016325	-0.09788103	-0.00062428	-0.00007053	-0.00046558
12.49	0.00032332	0.00001409	-0.09769055	0.00068255	0.00040117	-0.00068724
12.50	0.00015124	0.00026638	-0.09816843	0.00019611	0.00067254	-0.00086105
12.51	0.00003776	0.00006878	-0.09800593	0.00006100	0.00010990	-0.00070418
12.52	0.00020127	-0.00018352	-0.09794145	-0.00045300	-0.00011581	-0.00042215
12.53	0.00029901	0.00006057	-0.09794110	-0.00049338	0.00001956	-0.00025723
12.54	0.00015776	-0.00005892	-0.09805316	-0.00038016	-0.00018420	0.00018267
12.55	0.00044425	0.00008958	-0.09803012	-0.00161296	-0.00074471	-0.00159072
12.56	0.00025634	0.00018696	-0.09807918	0.00040394	0.00000322	-0.00119068
12.57	0.00050320	-0.00003289	-0.09796923	-0.00040103	-0.00044373	-0.00032836
12.58	0.00009108	-0.00018959	-0.09792384	0.00033076	-0.00038820	-0.00112713
12.59	0.00016525	-0.00026241	-0.09817391	-0.00120762	-0.00030566	-0.00127798
12.60	0.00025234	-0.00015418	-0.09775572	0.00001660	-0.00057474	-0.00095215
12.61	0.00042009	0.00005220	-0.09780344	-0.00115733	-0.00010685	-0.00006337
12.62	0.00015854	-0.00010121	-0.09798454	-0.00039072	0.00063169	-0.00024907
12.63	0.00046996	0.00011938	-0.09784273	0.00014307	0.00008923	-0.00046320
12.64	0.00026095	0.00007307	-0.09830886	-0.00069451	-0.00063858	-0.00056857
12.65	0.00013747	0.00008531	-0.09818100	-0.00098811	0.00048801	-0.00055349
12.66	0.00044693	0.00022718	-0.09799000	0.00056972	-0.00077422	-0.00099490
12.67	0.00002924	-0.00004847	-0.09812429	0.00055995	-0.00106892	-0.00117737
12.68	0.00024258	-0.00009124	-0.09818586	0.00093839	0.00043118	-0.00102313
12.69	0.00016729	-0.00010895	-0.09840230	-0.00052907	-0.00029833	-0.00094990
12.70	0.00026639	0.00000655	-0.09813376	0.00001127	-0.00065650	-0.00082811
12.71	0.00001850	-0.00002665	-0.09808228	0.00016717	-0.00018644	-0.00008100
12.72	0.00002513	-0.00026632	-0.09776717	0.00021685	-0.00046500	0.00040884
12.73	0.00032497	-0.00017651	-0.09772009	-0.00057477	-0.00013204	0.00049795
12.74	0.00004093	-0.00011523	-0.09800102	0.00057045	0.00074913	0.00040304
12.75	0.00032750	-0.00002963	-0.09822139	0.00060953	-0.00002765	-0.00011316
12.76	0.00017594	-0.00028100	-0.09796638	0.00017230	0.00132150	-0.00005411
12.77	0.00014404	-0.00005902	-0.09792998	0.00021513	0.00046843	-0.00030606
12.78	0.00026198	-0.00022976	-0.09811834	0.00072452	-0.00071208	-0.00016928
12.79	0.00017008	-0.00009504	-0.09772747	0.00034274	-0.00018864	-0.00186137
12.80	0.00009963	-0.00019136	-0.09782966	0.00017172	-0.00002453	0.00013297
12.81	0.00026793	-0.00014923	-0.09776486	-0.00000754	-0.00086491	-0.00016341
12.82	-0.00012875	-0.00025977	-0.09788272	0.00046452	-0.00169775	-0.00048549
12.83	0.00024221	-0.00036847	-0.09798550	0.00011864	-0.00077171	-0.00004591
12.84	-0.00016461	-0.00012220	-0.09814228	-0.00026962	-0.00147814	-0.00032171
12.85	0.00002608	-0.00019470	-0.09804170	-0.00020820	-0.00022660	0.00020331
12.86	0.00019119	0.00009498	-0.09802636	0.00017640	0.00035162	0.00033892
12.87	0.00022645	-0.00020426	-0.09771461	-0.00078606	0.00026020	0.00060762
12.88	-0.00010532	-0.00001290	-0.09789091	-0.00017896	0.00050961	0.00059733
12.89	-0.00012298	-0.00003192	-0.09802144	0.00029580	-0.00031615	0.00068877
12.90	-0.00008352	-0.00011829	-0.09802322	-0.00050828	-0.00003672	0.00099853
12.91	0.00002524	-0.00023299	-0.09782661	-0.00160610	-0.00077914	0.00002473
12.92	0.00004951	-0.00010333	-0.09827488	0.00040973	-0.00108995	-0.00078738
12.93	-0.00013192	0.00005498	-0.09821478	-0.00061988	-0.00063124	-0.00013386
12.94	-0.00003823	-0.00007144	-0.09806664	0.00037493	0.00001342	0.00002433
12.95	-0.00023919	-0.00003447	-0.09797607	0.00009473	0.00029106	-0.00091227
12.96	0.00004773	0.00006764	-0.09803535	0.00003052	0.00049582	-0.00014255
12.97	0.00010785	0.00003545	-0.09796503	0.00072650	0.00020630	0.00080602
12.98	0.00011578	-0.00024589	-0.09808368	0.00072012	0.00018553	0.00127847
12.99	0.00040199	0.00016440	-0.09834544	0.00044774	0.00042918	-0.00009146
13.00	0.00027430	-0.03144994	-0.09817407	0.00103786	0.00004069	-0.89991299
13.01	0.00032022	-0.03142222	-0.09816309	0.00032706	0.00092656	-0.89963379
13.02	0.00017052	-0.03143858	-0.09796950	0.00030818	0.00058883	-0.89962877
13.03	0.00017454	-0.03139899	-0.09821669	0.00025111	0.00044657	-0.90003877
13.04	0.00003062	-0.03120240	-0.09832049	-0.00007194	0.00082212	-0.89957409
13.05	0.00026596	-0.03147200	-0.09805200	0.00006089	0.00053302	-0.89877863
13.06	0.00001984	-0.03143182	-0.09787716	0.00056801	0.00047580	-0.89957849
13.07	0.00022136	-0.03122283	-0.09791743	0.00003944	0.00033880	-0.89985320
13.08	-0.00014331	-0.03131844	-0.09821708	0.00055061	0.00001787	-0.89994353
13.09	0.00017862	-0.03163932	-0.09770283	0.00032287	0.00046350	-0.89950055
13.10	-0.00000947	-0.03124479	-0.09762709	-0.00083810	-0.00005324	-0.90000437
13.11	-0.00013655	-0.03145137	-0.09809664	-0.00000605	-0.00023799	-0.90005973
13.12	0.00021222	-0.03152817	-0.09812510	0.00024137	-0.00042650	-0.90040383
13.13	0.00017205	-0.03121088	-0.09794587	0.00027070	-0.00068380	-0.89950204
13.14	0.00026225	-0.03125927	-0.09828157	0.00027150	-0.00021939	-0.90055035
13.15	-0.00011465	-0.03122998	-0.09801535	0.00031014	-0.00005999	-0.90108471
13.16	-0.00016171	-0.03127759	-0.09809819	0.00025317	-0.00001585	-0.89974431
13.17	-0.00012542	-0.03140014	-0.09798692	-0.00018743	0.00041785	-0.89910795
13.18	0.00003428	-0.03113128	-0.09812745	0.00101846	0.00047781	-0.90007830
13.19	-0.00004684	-0.03093011	-0.09822528	0.00078769	0.00085539	-0.90007301
13.20	-0.00010271	-0.03118653	-0.09830178	0.00054593	0.00048795	-0.89906727
13.21	-0.00017166	-0.03141704	-0.09792773	0.00065571	0.00029442	-0.89884080
13.22	-0.00026213	-0.03149184	-0.09819885	-0.00013135	0.00055077	-0.89989798
13.23	-0.00008124	-0.03159253	-0.09794485	-0.00100600	0.00059124	-0.90025659
13.24	0.00008541	-0.03116948	-0.09817837	-0.00001394	0.00074517	-0.90018355
13.25	-0.00018853	-0.03139241	-0.09803682	-0.00094459	0.00098218	-0.90039135
13.26	-0.00012142	-0.03139499	-0.09794506	-0.00089830	0.00068211	-0.89906840
13.27	-0.00028409	-0.03163584	-0.09809828	-0.00143948	0.00135510	-0.90003953
13.28	-0.00004751	-0.03162528	-0.09813814	-0.00072338	0.00013028	-0.90119459
13.29	-0.00006828	-0.03112850	-0.09814096	-0.00068971	-0.00012624	-0.89957427
13.30	0.00005603	-0.03155174	-0.09829281	0.00025747	0.00019828	-0.89863304
13.31	0.00003253	-0.03140290	-0.09811624	-0.00001869	0.00104043	-0.89962275
13.32	-0.00005709	-0.03145571	-0.09811595	-0.00040865	0.00015959	-0.90024860
13.33	-0.00010258	-0.03156156	-0.09815416	-0.00047605	0.00006276	-0.89909719
13.34	0.00028086	-0.03127935	-0.09830490	0.00059950	0.00134705	-0.89926661
13.35	-0.00013536	-0.03119729	-0.09813579	-0.00048270	0.00086770	-0.89916624
13.36	0.00000521	-0.03098903	-0.09794142	-0.00031740	0.00013551	-0.90004884
13.37	-0.00000525	-0.03106776	-0.09795781	-0.00056552	0.00008438	-0.89952642
13.38	0.00011602	-0.03126412	-0.09778358	-0.00021667	0.00048412	-0.89869796
13.39	0.00019604	-0.03132164	-0.09787974	0.00032939	0.00095707	-0.89922332
13.40	0.00020393	-0.03097376	-0.09829610	0.00037582	0.00085432	-0.90047407
13.41	-0.00010229	-0.03116418	-0.09832251	-0.00084703	-0.00071373	-0.89950074
13.42	0.00002384	-0.03104543	-0.09806868	-0.00063393	0.00008053	-0.89984215
13.43	0.00017284	-0.03123516	-0.09783782	-0.00015685	0.00034105	-0.89942578
13.44	-0.00017233	-0.03129868	-0.09805077	-0.00107016	-0.00016082	-0.89874475
13.45	-0.00002451	-0.03145188	-0.09829138	-0.00112682	0.00006070	-0.89937617
13.46	0.00010872	-0.03132752	-0.09799306	-0.00104399	0.00082400	-0.90102768
13.47	0.00012219	-0.03104857	-0.09802747	-0.00020186	0.00064515	-0.89935005
13.48	0.00028983	-0.03131888	-0.09811809	0.00018024	0.00099714	-0.89984975
13.49	-0.00004838	-0.03112249	-0.09820071	0.00023143	0.00156630	-0.89948963
13.50	0.00030451	-0.03112053	-0.09788327	-0.00101686	0.00143914	-0.90046529
13.51	0.00012615	-0.03109985	-0.09793388	-0.00089915	0.00128072	-0.90052304
13.52	0.00023319	-0.03134179	-0.09813184	-0.00012250	0.00109176	-0.89925317
13.53	0.00011252	-0.03082454	-0.09803556	-0.00027564	0.00094460	-0.89906731
13.54	-0.00003783	-0.03092602	-0.09813781	0.00105698	0.00096057	-0.89955673
13.55	0.00015055	-0.03078868	-0.09821475	0.00113579	0.00032422	-0.89886335
13.56	-0.00001416	-0.03134768	-0.09808338	0.00019774	0.00030967	-0.89937065
13.57	0.00033517	-0.03126489	-0.09795561	0.00107283	0.00082411	-0.89954283
13.58	0.00010081	-0.03103452	-0.09825566	-0.00059739	0.00012963	-0.89930584
13.59	0.00029028	-0.03134712	-0.09805849	-0.00032870	0.00017934	-0.90000121
13.60	0.00003586	-0.03100023	-0.09798446	-0.00105110	0.00126131	-0.89943936
13.61	0.00013217	-0.03152349	-0.09808339	-0.00001926	0.00089400	-0.89976764
13.62	0.00042436	-0.03120259	-0.09830708	-0.00024992	-0.00049075	-0.89930510
13.63	-0.00001726	-0.03105959	-0.09853380	-0.00052156	-0.00006073	-0.89852993
13.64	0.00010889	-0.03117757	-0.09842858	-0.00107400	-0.00035851	-0.89960744
13.65	0.00037986	-0.03127951	-0.09843240	-0.00017807	-0.00061539	-0.89956378
13.66	0.00032968	-0.03108615	-0.09801823	0.00108239	-0.00002070	-0.89948188
13.67	0.00003335	-0.03121457	-0.09834396	-0.00021013	0.00008753	-0.89946577
13.68	-0.00005472	-0.03124626	-0.09834850	0.00029241	-0.00023103	-0.90085028
13.69	0.00022322	-0.03106993	-0.09826378	0.00030561	0.00064302	-0.89980223
13.70	0.00026730	-0.03113805	-0.09797273	0.00137666	-0.00092300	-0.89990040
13.71	0.00004713	-0.03128252	-0.09826246	0.00028729	-0.00051732	-0.89961860
13.72	-0.00008847	-0.03113572	-0.09845454	0.00072835	-0.00077478	-0.89998951
13.73	-0.00001951	-0.03112040	-0.09809691	-0.00018377	-0.00127966	-0.89960797
13.74	-0.00013455	-0.03134946	-0.09804059	-0.00016687	-0.00051011	-0.89932482
13.75	-0.00015527	-0.03102816	-0.09796241	0.00010635	-0.00085982	-0.89959968
13.76	-0.00020896	-0.03115608	-0.09818731	-0.00027474	-0.00039171	-0.90011386
13.77	0.00013858	-0.03118424	-0.09819802	-0.00048162	-0.00047326	-0.89980488
13.78	0.00011391	-0.03122227	-0.09796321	-0.00128052	-0.00003195	-0.90027395
13.79	-0.00009033	-0.03118785	-0.09814169	0.00045564	0.00023203	-0.90074069
13.80	0.00012464	-0.03118357	-0.09775864	0.00023328	0.00067309	-0.89989979
13.81	0.00033567	-0.03101330	-0.09796056	-0.00108762	0.00024159	-0.89964407
13.82	-0.00016257	-0.03091842	-0.09816685	-0.00042209	-0.00016218	-0.89830957
13.83	0.00000664	-0.03117947	-0.09787081	0.00004780	-0.00018819	-0.89962124
13.84	0.00026928	-0.03124462	-0.09823128	0.00055442	-0.00105110	-0.89947789
13.85	0.00031914	-0.03125317	-0.09833194	0.00019940	0.00002224	-0.89981743
13.86	0.00019960	-0.03082165	-0.09815038	0.00057354	-0.00032896	-0.89912124
13.87	0.00003883	-0.03117542	-0.09837912	0.00036904	-0.00068981	-0.90002216
13.88	0.00001774	-0.03090511	-0.09822757	0.00051556	-0.00039732	-0.89964763
13.89	0.00000888	-0.03088640	-0.09840709	-0.00040509	-0.00150556	-0.89938037
13.90	0.00028460	-0.03091827	-0.09794821	0.00046759	-0.00008830	-0.89859721
13.91	0.00020700	-0.03110706	-0.09818257	0.00082322	-0.00055178	-0.89965311
13.92	0.00032398	-0.03090772	-0.09804762	0.00044355	0.00014743	-0.89897244
13.93	0.00003350	-0.03095350	-0.09782500	0.00081785	-0.00016536	-0.89977269
13.94	0.00028868	-0.03087283	-0.09790960	0.00072005	-0.00029826	-0.89975299
13.95	0.00025149	-0.03083727	-0.09813784	0.00065919	0.00088042	-0.89891438
13.96	0.00015247	-0.03101509	-0.09783065	0.00055014	-0.00037349	-0.90014043
13.97	-0.00002683	-0.03096365	-0.09803574	0.00068613	-0.00004671	-0.89914141
13.98	0.00016464	-0.03108903	-0.09814776	0.00140276	0.00015478	-0.89917175
13.99	0.00009178	-0.03083834	-0.09805095	0.00119660	-0.00035825	-0.89904251
14.00	-0.00010768	0.00002112	-0.09832221	0.00146275	0.00009108	0.00182144
14.01	0.00004041	0.00007591	-0.09784017	0.00104498	0.00126758	0.00091669
14.02	-0.00020856	0.00031620	-0.09774875	-0.00003465	-0.00060533	0.00087397
14.03	-0.00015569	0.00004390	-0.09794864	0.00096794	0.00032209	0.00084721
14.04	0.00000474	-0.00006770	-0.09796254	0.00128647	-0.00010347	0.00117637
14.05	0.00027298	0.00023343	-0.09817407	0.00072566	0.00017003	0.00033395
14.06	0.00007190	-0.00000513	-0.09797502	0.00067581	-0.00087634	0.00070724
14.07	-0.00007700	0.00004448	-0.09785663	0.00082908	-0.00020859	0.00044311
14.08	-0.00018700	0.00022929	-0.09789091	0.00068980	0.00029464	-0.00067989
14.09	0.00011286	0.00001588	-0.09782651	0.00014551	-0.00077906	0.00026222
14.10	0.00008530	0.00009691	-0.09770648	-0.00056149	-0.00051917	-0.00018455
14.11	0.00010519	0.00000449	-0.09802733	0.00104361	-0.00107572	0.00076321
14.12	-0.00003297	0.00010256	-0.09789321	0.00042903	0.00052101	0.00105203
14.13	-0.00019125	0.00002055	-0.09825766	0.00074407	-0.00019184	0.00034888
14.14	-0.00023539	-0.00004299	-0.09798627	0.00059353	-0.00008013	0.00018989
14.15	-0.00013719	-0.00018779	-0.09819457	0.00094205	-0.00070425	0.00044021
14.16	0.00025136	-0.00001358	-0.09810043	0.00049662	0.00022952	-0.00024905
14.17	-0.00021778	0.00031095	-0.09811477	0.00075571	0.00003619	-0.00000187
14.18	-0.00009386	0.00011982	-0.09830163	0.00044272	-0.00075307	-0.00073527
14.19	0.00030728	-0.00007836	-0.09822290	-0.00039515	-0.00076606	0.00025596
14.20	-0.00001305	0.00028302	-0.09838435	0.00073483	-0.00012151	-0.00087008
14.21	-0.00003936	0.00023790	-0.09805663	0.00070584	0.00008485	-0.00157397
14.22	-0.00015301	-0.00003692	-0.09816651	0.00039983	-0.00025328	-0.00146326
14.23	-0.00017217	-0.00014334	-0.09804374	-0.00015361	0.00043808	-0.00106814
14.24	0.00004541	0.00010752	-0.09796950	0.00036484	0.00009546	-0.00144163
14.25	-0.00035212	0.00003980	-0.09830412	0.00140180	0.00007621	-0.00137527
14.26	0.00000226	-0.00002131	-0.09847617	0.00010231	0.00093861	-0.00067037
14.27	-0.00021102	0.00001269	-0.09803532	0.00139177	-0.00030549	-0.00004725
14.28	-0.00000585	0.00004877	-0.09830180	0.00082652	-0.00127571	-0.00120746
14.29	-0.00000536	0.00013092	-0.09801824	0.00075244	-0.00081664	-0.00000315
14.30	-0.00013139	-0.00003239	-0.09798125	0.00112451	0.00048932	-0.00039818
14.31	0.00003719	0.00018390	-0.09829091	0.00046524	0.00124458	-0.00023330
14.32	0.00040649	-0.00026175	-0.09804399	0.00041993	-0.00038927	0.00011145
14.33	0.00023923	0.00013594	-0.09801551	0.00064483	0.00072397	0.00085230
14.34	0.00009789	0.00002640	-0.09813775	0.00126901	0.00060621	0.00126317
14.35	0.00016312	0.00013711	-0.09799076	0.00000428	0.00040360	-0.00034240
14.36	0.00001740	-0.00003728	-0.09789952	-0.00004585	-0.00027618	0.00001063
14.37	-0.00017405	-0.00023883	-0.09803860	0.00020893	0.00004267	0.00026559
14.38	-0.00002602	0.00000164	-0.09783431	0.00028667	0.00019234	-0.00078141
14.39	0.00000593	0.00020674	-0.09825241	0.00086831	-0.00019195	-0.00029021
14.40	0.00003916	0.00012917	-0.09821357	0.00144128	-0.00038987	-0.00032888
14.41	0.00016607	0.00034740	-0.09827699	0.00145162	-0.00052209	-0.00021534
14.42	-0.00027122	0.00027503	-0.09802756	0.00054717	0.00039520	-0.00168259
14.43	0.00016562	-0.00000750	-0.09792721	0.00046856	-0.00014216	-0.00100607
14.44	-0.00021024	0.00030548	-0.09809262	0.00191836	0.00068280	-0.00065835
14.45	-0.00016861	0.00018762	-0.09806391	0.00089703	0.00026795	0.00086983
14.46	-0.00005473	0.00011097	-0.09833523	0.00086390	-0.00064618	-0.00002780
14.47	0.00009177	0.00009173	-0.09833225	0.00103522	0.00041080	-0.00091616
14.48	-0.00012606	-0.00026558	-0.09803039	0.00215814	0.00112367	-0.00043569
14.49	-0.00027049	0.00006716	-0.09810173	0.00120461	0.00175743	-0.00023327
14.50	0.00009107	-0.00001460	-0.09783873	0.00194411	-0.00020290	0.00047819
14.51	-0.00008856	0.00005971	-0.09829915	0.00129830	-0.00047433	0.00027581
14.52	-0.00020852	0.00019705	-0.09822898	0.00145702	0.00060145	-0.00000050
14.53	-0.00001315	0.00017235	-0.09790063	0.00060017	-0.00003550	-0.00004249
14.54	0.00008667	-0.00012865	-0.09820761	0.00077761	0.00036076	0.00031152
14.55	0.00000697	0.00015052	-0.09789772	0.00076879	0.00026909	-0.00065412
14.56	0.00025785	-0.00007502	-0.09813523	0.00003644	0.00088884	-0.00224551
14.57	0.00005929	0.00005314	-0.09823323	-0.00052202	0.00023117	-0.00057632
14.58	-0.00014615	0.00020787	-0.09809414	0.00116384	-0.00033246	0.00012210
14.59	0.00020015	0.00004855	-0.09810433	0.00065184	-0.00030449	-0.00005538
14.60	0.00012275	0.00024536	-0.09831034	0.00058701	-0.00027395	-0.00112631
14.61	-0.00012492	0.00032859	-0.09819082	0.00105924	-0.00008565	-0.00073160
14.62	-0.00002320	-0.00017337	-0.09824891	0.00122523	-0.00167445	-0.00003322
14.63	0.00023886	-0.00011899	-0.09810195	0.00095358	0.00014814	0.00054598
14.64	0.00034490	-0.00002333	-0.09799560	0.00030870	-0.00119583	-0.00058885
14.65	0.00012325	0.00011603	-0.09810870	0.00152618	-0.00096519	-0.00049330
14.66	-0.00000363	-0.00021552	-0.09808000	0.00075673	-0.00012832	-0.00027088
14.67	0.00008880	0.00001848	-0.09837867	0.00006650	-0.00038768	-0.00011576
14.68	-0.00019149	0.00003017	-0.09820793	0.00092934	-0.00062753	-0.00060207
14.69	0.00007166	-0.00017544	-0.09813741	0.00027136	-0.00027572	0.00078374
14.70	0.00008652	0.00002137	-0.09814819	0.00048266	0.00030416	-0.00015794
14.71	0.00007300	0.00017229	-0.09819287	0.00098998	-0.00072305	-0.00111450
14.72	0.00006963	-0.00005052	-0.09798640	0.00038183	-0.00116973	-0.00054885
14.73	0.00008679	0.00002790	-0.09830392	0.00069300	0.00002035	0.00078154
14.74	0.00001290	0.00014475	-0.09822819	-0.00019995	-0.00063662	-0.00013054
14.75	0.00025020	0.00016245	-0.09778692	0.00067347	-0.00017696	-0.00063956
14.76	0.00004197	-0.00000782	-0.09823849	-0.00002728	-0.00014193	-0.00070910
14.77	0.00011123	0.00022429	-0.09792662	0.00135851	0.00001613	-0.00073111
14.78	-0.00000328	0.00007461	-0.09813910	0.00019130	-0.00067873	-0.00032526
14.79	-0.00013932	0.00012031	-0.09808469	0.00121060	-0.00176222	-0.00078774
14.80	-0.00000343	0.00014848	-0.09820119	0.00114788	-0.00124905	-0.00020315
14.81	0.00001749	-0.00033112	-0.09805542	0.00082200	-0.00002818	-0.00179752
14.82	-0.00013386	-0.00002889	-0.09820612	0.00053119	-0.00038917	-0.00125902
14.83	-0.00006736	-0.00003958	-0.09791430	0.00030192	-0.00079521	0.00009023
14.84	-0.00012280	0.00024184	-0.09804395	-0.00079304	-0.00000699	0.00045012
14.85	-0.00038109	-0.00011845	-0.09817612	0.00007963	-0.00022902	-0.00040508
14.86	-0.00009572	0.00006844	-0.09789264	-0.00077068	-0.00036346	0.00028567
14.87	0.00005969	-0.00031165	-0.09806086	-0.00044014	-0.00082681	0.00031952
14.88	-0.00016353	0.00005208	-0.09791434	0.00122825	0.00006895	-0.00057984
14.89	0.00009312	0.00012221	-0.09788368	0.00105110	0.00009032	0.00089180
14.90	-0.00020475	-0.00004152	-0.09767928	-0.00027616	-0.00021349	0.00028287
14.91	-0.00012607	-0.00010499	-0.09774421	0.00069325	-0.00011898	0.00099662
14.92	-0.00017435	0.00006194	-0.09800787	0.00060607	0.00065188	-0.00049116
14.93	0.00005517	0.00012627	-0.09804589	0.00043121	-0.00054439	-0.00005959
14.94	-0.00005342	-0.00009944	-0.09810520	-0.00007544	-0.00067195	-0.00057456
14.95	0.00009153	-0.00004533	-0.09789811	0.00060008	-0.00081311	-0.00075073
14.96	-0.00000162	0.00009554	-0.09798634	0.00059677	-0.00124919	-0.00070455
14.97	0.00006302	0.00014062	-0.09762905	0.00001548	-0.00039762	-0.00187283
14.98	0.00003488	0.00010487	-0.09802090	-0.00078880	-0.00001668	-0.00140146
14.99	-0.00006395	-0.00032924	-0.09791971	-0.00061000	-0.00023344	-0.00051146
15.00	0.00002252	-0.00019139	-0.09787676	0.00043887	-0.00056377	-0.00053831
15.01	-0.00043936	0.00018304	-0.09796581	-0.00046131	0.00050504	-0.00019047
15.02	-0.00011375	0.00000171	-0.09777381	-0.00035536	-0.00004391	0.00034225
15.03	0.00003721	-0.00003484	-0.09776540	-0.00040073	-0.00049500	-0.00016203
15.04	-0.00000210	-0.00017136	-0.09792931	0.00020632	-0.00067417	-0.00045171
15.05	-0.00015918	-0.00031546	-0.09793908	-0.00023384	-0.00053625	-0.00074274
15.06	-0.00005558	0.00012073	-0.09801490	-0.00006026	-0.00039777	-0.00023641
15.07	-0.00006642	0.00007116	-0.09829264	0.00021385	-0.00152987	0.00016347
15.08	-0.00027052	-0.00013681	-0.09816579	0.00047211	-0.00054068	0.00017985
15.09	-0.00005163	-0.00020717	-0.09811080	-0.00049739	-0.00096891	-0.00029513
15.10	-0.00009903	0.00016164	-0.09832356	-0.00021703	-0.00033115	-0.00030671
15.11	0.00001963	0.00005188	-0.09830936	-0.00040874	-0.00031842	0.00034310
15.12	-0.00006907	0.00022186	-0.09814238	0.00023564	0.00032762	0.00031861
15.13	-0.00037317	-0.00009048	-0.09820448	0.00008700	-0.00191881	0.00100087
15.14	-0.00009861	-0.00000300	-0.09800630	0.00017202	-0.00150349	0.00165534
15.15	-0.00023823	-0.00026941	-0.09779670	0.00014077	0.00021054	0.00012688
15.16	0.00004907	-0.00007590	-0.09784667	-0.00050813	-0.00028039	0.00003930
15.17	0.00001354	0.00022612	-0.09768282	-0.00086561	-0.00013232	-0.00078435
15.18	0.00029952	-0.00017303	-0.09799390	0.00007359	-0.00025426	0.00005209
15.19	0.00003472	0.00011197	-0.09799120	0.00096962	-0.00039032	0.00106115
15.20	-0.00004467	0.00002715	-0.09803246	-0.00020172	-0.00077826	0.00042461
15.21	-0.00020517	0.00020581	-0.09813134	0.00080699	-0.00128532	0.00125878
15.22	-0.00023705	0.00047519	-0.09811163	-0.00034923	-0.00037465	0.00029215
15.23	0.00022162	0.00010213	-0.09791070	0.00090776	-0.00081087	0.00039291
15.24	-0.00021597	0.00011904	-0.09790027	-0.00120197	0.00019091	-0.00031106
15.25	-0.00017530	0.00022977	-0.09804930	-0.00084245	-0.00126660	0.00063202
15.26	-0.00019686	-0.00018309	-0.09794191	-0.00062088	-0.00064495	0.00022713
15.27	0.00011355	0.00031649	-0.09787463	0.00068460	0.00036553	0.00054250
15.28	-0.00019165	0.00012808	-0.09786341	-0.00002754	0.00060099	0.00055850
15.29	-0.00006179	-0.00004611	-0.09795735	-0.00081816	0.00048846	-0.00009079
15.30	0.00006021	0.00011554	-0.09801228	-0.00042727	0.00006024	0.00034903
15.31	-0.00031595	-0.00016583	-0.09807095	-0.00102121	-0.00099291	0.00022779
15.32	-0.00005793	-0.00020626	-0.09772314	-0.00138002	-0.00064993	-0.00006696
15.33	-0.00043491	0.00003767	-0.09796942	0.00018522	-0.00111651	-0.00040398
15.34	-0.00029600	-0.00008854	-0.09789299	-0.00079908	-0.00050756	0.00026836
15.35	-0.00024842	0.00012390	-0.09788791	-0.00085926	-0.00084687	-0.00075050
15.36	-0.00032041	-0.00006466	-0.09784396	-0.00071136	0.00003435	-0.00016080
15.37	-0.00023125	0.00006882	-0.09783102	-0.00134388	-0.00030755	0.00057487
15.38	-0.00025898	0.00003648	-0.09802799	-0.00062892	-0.00002900	-0.00025238
15.39	0.00005930	0.00006313	-0.09807265	-0.00095805	0.00021588	-0.00022797
15.40	-0.00013552	-0.00001375	-0.09810845	-0.00114972	-0.00067743	-0.00009043
15.41	-0.00010862	0.00006968	-0.09780243	-0.00120465	-0.00095206	0.00107970
15.42	-0.00003933	-0.00003380	-0.09803527	0.00041188	-0.00063357	-0.00025705
15.43	-0.00001920	0.00032548	-0.09751424	0.00012943	0.00047734	-0.00080998
15.44	-0.00000863	-0.00007968	-0.09789995	-0.00054019	-0.00079441	-0.00018142
15.45	-0.00012209	0.00000121	-0.09787699	-0.00024679	-0.00048828	0.00114944
15.46	-0.00027645	0.00012772	-0.09785738	-0.00043976	-0.00053588	-0.00091138
15.47	-0.00026218	0.00002034	-0.09781808	-0.00085337	-0.00017202	-0.00041013
15.48	0.00006414	0.00026666	-0.09810819	-0.00094053	0.00081126	-0.00032503
15.49	-0.00013065	-0.00029753	-0.09794203	-0.00032681	0.00076740	0.00023796
15.50	-0.00016088	-0.00001879	-0.09797432	0.00015947	0.00004650	-0.00009925
15.51	-0.00001255	0.00017716	-0.09782426	-0.00089903	0.00014800	-0.00021722
15.52	0.00017546	0.00005355	-0.09801815	-0.00076732	-0.00037137	-0.00041447
15.53	0.00006696	0.00051154	-0.09846035	-0.00049415	0.00078072	0.00019511
15.54	-0.00008233	0.00030419	-0.09793145	0.00069505	-0.00031367	-0.00055620
15.55	0.00016773	0.00000039	-0.09827372	-0.00015517	-0.00021146	-0.00089208
15.56	-0.00032785	0.00015708	-0.09803665	-0.00003173	-0.00051423	0.00036388
15.57	0.00010913	-0.00025058	-0.09804979	0.00060638	-0.00014626	0.00038681
15.58	0.00003300	0.00019596	-0.09794349	0.00045985	-0.00040664	0.00061522
15.59	-0.00006169	0.00000397	-0.09774223	0.00073875	0.00055241	-0.00062942
15.60	-0.00010731	0.00014572	-0.09822348	0.00066420	-0.00054417	0.00026311
15.61	-0.00017194	0.00006816	-0.09776212	-0.00084961	0.00009682	-0.00085082
15.62	-0.00020592	0.00031174	-0.09808187	0.00065717	0.00089114	-0.00051690
15.63	0.00000596	-0.00000819	-0.09790132	0.00017876	-0.00048054	0.00055410
15.64	-0.00012112	0.00030682	-0.09835029	-0.00010754	-0.00030844	-0.00037840
15.65	-0.00015234	-0.00019795	-0.09798630	0.00048224	-0.00101961	-0.00062432
15.66	0.00006571	0.00020615	-0.09844574	0.00001771	-0.00052869	-0.00024319
15.67	-0.00015084	-0.00010705	-0.09812608	0.00040563	0.00046496	-0.00051219
15.68	-0.00010994	0.00027382	-0.09830726	0.00020631	-0.00019383	-0.00089031
15.69	-0.00034819	-0.00007456	-0.09815277	-0.00055821	-0.00029540	-0.00027777
15.70	0.00016915	0.00003363	-0.09827462	0.00041079	0.00027211	-0.00030249
15.71	-0.00019555	0.00020631	-0.09823645	0.00023771	-0.00102103	-0.00001679
15.72	-0.00012286	0.00031022	-0.09825350	0.00081666	-0.00019139	-0.00042474
15.73	0.00000317	0.00020091	-0.09801945	0.00085100	-0.00008068	0.00007575
15.74	0.00005234	0.00003919	-0.09802872	0.00113096	-0.00020859	-0.00042207
15.75	-0.00009505	0.00004321	-0.09798762	-0.00002716	-0.00053969	0.00051893
15.76	-0.00027790	0.00019858	-0.09788962	-0.00020165	-0.00144877	-0.00075312
15.77	-0.00042463	0.00021748	-0.09814275	-0.00054382	0.00083076	0.00055233
15.78	-0.00016362	0.00018194	-0.09804737	0.00027973	-0.00057854	-0.00020160
15.79	-0.00016212	0.00001273	-0.09800227	0.00017020	0.00017445	-0.00011524
15.80	-0.00022361	-0.00001408	-0.09782145	0.00090662	0.00064459	-0.00033233
15.81	-0.00017578	0.00029216	-0.09801823	0.00051605	-0.00003776	0.00012676
15.82	-0.00029196	0.00045938	-0.09785239	0.00014229	0.00018197	-0.00003094
15.83	-0.00011931	0.00028066	-0.09852287	0.00097268	-0.00024723	-0.00109671
15.84	-0.00032973	-0.00006449	-0.09833215	0.00028521	-0.00076380	-0.00055129
15.85	-0.00008626	0.00034049	-0.09804085	0.00073348	0.00011947	-0.00130474
15.86	-0.00032437	-0.00022254	-0.09811931	0.00104296	-0.00018927	-0.00014590
15.87	-0.00018185	-0.00004486	-0.09811199	0.00071319	-0.00013266	-0.00022528
15.88	-0.00017052	0.00001932	-0.09832116	-0.00062400	0.00090283	-0.00032096
15.89	0.00003317	0.00013881	-0.09812500	-0.00009148	0.00001187	-0.00010006
15.90	-0.00005119	0.00024842	-0.09794863	-0.00007946	-0.00015026	-0.00002715
15.91	0.00017482	0.00018012	-0.09802565	0.00042335	-0.00010072	-0.00062854
15.92	-0.00016679	0.00027705	-0.09795641	-0.00052304	0.00033575	-0.00017623
15.93	0.00013493	0.00005485	-0.09803791	-0.00122058	-0.00064210	-0.00024034
15.94	-0.00007327	-0.00006932	-0.09825773	-0.00064756	-0.00019815	-0.00053895
15.95	-0.00014532	0.00022522	-0.09788482	0.00040781	-0.00104609	0.00035187
15.96	-0.00022268	0.00030077	-0.09811722	0.00039425	0.00032515	0.00018070
15.97	-0.00012011	-0.00007855	-0.09828722	0.00014597	-0.00051284	-0.00023042
15.98	-0.00018899	-0.00004354	-0.09842232	-0.00041204	-0.00076362	0.00044553
15.99	-0.00026785	0.00025725	-0.09823889	0.00000257	0.00079471	-0.00008214
16.00	-0.00029702	0.00016875	-0.09829775	-0.00052294	-0.00075249	0.00016043
16.01	-0.00005909	0.00034109	-0.09820163	0.00095167	-0.00060653	0.00055921
16.02	0.00015347	0.00007995	-0.09796174	-0.00072671	-0.00082055	0.00072294
16.03	-0.00003433	-0.00009525	-0.09817355	0.00069481	0.00013551	-0.00017769
16.04	0.00011970	0.00004335	-0.09812323	0.00008149	0.00032376	-0.00014928
16.05	0.00018712	0.00031963	-0.09802800	0.00050928	-0.00046854	0.00102946
16.06	-0.00000715	0.00027058	-0.09803926	-0.00025011	-0.00121002	-0.00070717
16.07	-0.00000023	0.00013422	-0.09792854	0.00094221	-0.00082670	0.00064463
16.08	-0.00006660	0.00023552	-0.09772037	0.00033873	-0.00080774	0.00035213
16.09	0.00007836	0.00011252	-0.09794111	0.00109068	-0.00082086	0.00013237
16.10	-0.00026911	0.00027656	-0.09804096	0.00061468	-0.00106158	-0.00029497
16.11	-0.00023178	0.00006108	-0.09816885	0.00069250	-0.00147660	0.00051257
16.12	0.00012017	0.00029101	-0.09818034	0.00034766	-0.00078793	0.00098080
16.13	0.00005881	0.00012471	-0.09808570	0.00048300	-0.00053112	0.00050159
16.14	-0.00025487	0.00023649	-0.09820158	0.00139826	-0.00106694	-0.00021530
16.15	-0.00020347	0.00013337	-0.09795274	0.00093439	-0.00121651	0.00028735
16.16	-0.00005657	0.00025305	-0.09816406	-0.00055872	-0.00133626	-0.00085070
16.17	-0.00016121	0.00009119	-0.09817980	-0.00001234	-0.00035174	0.00079018
16.18	0.00002845	0.00014430	-0.09839902	0.00086212	-0.00067403	0.00050879
16.19	0.00005725	0.00043364	-0.09772844	-0.00013120	-0.00035944	0.00066653
16.20	-0.00006980	0.00029899	-0.09806214	0.00030736	-0.00007003	0.00017851
16.21	0.00001294	0.00003640	-0.09774892	0.00027670	-0.00004252	-0.00088784
16.22	0.00002076	0.00019239	-0.09785142	-0.00001581	-0.00070856	0.00057973
16.23	0.00010695	0.00001733	-0.09760014	0.00044859	-0.00028628	-0.00034946
16.24	0.00002767	-0.00001753	-0.09797870	-0.00039797	0.00012209	-0.00052242
16.25	0.00017955	0.00001285	-0.09781589	0.00056417	-0.00039316	0.00046389
16.26	0.00024162	0.00004565	-0.09819733	-0.00010833	-0.00033405	0.00038699
16.27	0.00032060	0.00051976	-0.09783057	-0.00034917	-0.00026440	-0.00029463
16.28	-0.00013453	0.00041910	-0.09779366	0.00022629	-0.00070700	0.00014393
16.29	0.00012635	0.00013589	-0.09772794	0.00083487	-0.00072482	-0.00013000
16.30	-0.00002040	0.00023185	-0.09800590	0.00103191	-0.00026819	0.00039056
16.31	0.00007808	0.00029015	-0.09801693	0.00101673	0.00128417	0.00083137
16.32	0.00019890	0.00046792	-0.09781725	0.00137876	0.00001407	0.00111631
16.33	0.00020426	0.00020484	-0.09779477	0.00029915	0.00034412	-0.00021254
16.34	0.00001864	0.00020723	-0.09787441	0.00100521	-0.00169268	0.00053247
16.35	0.00041080	0.00024508	-0.09808360	0.00021045	-0.00147606	-0.00041596
16.36	-0.00017127	0.00016325	-0.09817747	0.00094386	-0.00086652	-0.00031724
16.37	0.00003608	0.00002837	-0.09788856	0.00118017	-0.00017864	-0.00046132
16.38	-0.00025763	0.00050049	-0.09773417	0.00019923	-0.00129864	-0.00071354
16.39	-0.00003084	0.00011479	-0.09815941	0.00070008	-0.00098616	0.00053238
16.40	-0.00003570	0.00031199	-0.09811706	0.00069778	-0.00034480	0.00025678
16.41	-0.00015212	0.00039272	-0.09795390	0.00058357	-0.00083258	0.00136474
16.42	-0.00009728	0.00012044	-0.09800765	0.00060609	-0.00030634	-0.00027578
16.43	-0.00047710	-0.00005490	-0.09810847	0.00084579	-0.00007201	0.00114011
16.44	-0.00009016	0.00022926	-0.09809844	0.00061545	0.00043468	0.00099239
16.45	-0.00005308	-0.00012358	-0.09802577	0.00015828	-0.00045318	0.00001615
16.46	-0.00014717	0.00032506	-0.09790306	0.00105534	-0.00067079	0.00062180
16.47	-0.00005546	0.00016393	-0.09803971	0.00069116	-0.00042714	0.00015230
16.48	-0.00005585	0.00029412	-0.09769142	0.00030139	-0.00088642	0.00082090
16.49	-0.00014420	0.00018295	-0.09783583	0.00063875	-0.00097520	-0.00006916
16.50	-0.00023896	0.00013738	-0.09799111	0.00087753	-0.00043854	0.00033688
16.51	-0.00017675	0.00010667	-0.09802391	0.00101229	-0.00043728	-0.00111220
16.52	-0.00019613	0.00026524	-0.09822078	0.00040480	-0.00098994	-0.00013598
16.53	-0.00017583	-0.00005061	-0.09816653	0.00034998	-0.00076022	-0.00050895
16.54	-0.00013284	-0.00003833	-0.09781216	0.00081404	-0.00163893	0.00035477
16.55	-0.00005820	0.00033431	-0.09820213	0.00070952	-0.00165743	-0.00001192
16.56	-0.00014618	0.00003924	-0.09816387	0.00098701	-0.00099767	-0.00060936
16.57	-0.00001545	0.00035493	-0.09765862	0.00137931	-0.00073800	0.00080876
16.58	0.00016206	0.00014714	-0.09772421	0.00103222	-0.00023477	-0.00051251
16.59	0.00012789	0.00007073	-0.09793806	0.00009445	0.00008800	0.00052300
16.60	0.00008752	-0.00029596	-0.09806308	0.00119818	-0.00050735	0.00019889
16.61	-0.00031626	0.00014531	-0.09821892	0.00125900	-0.00119434	0.00053455
16.62	-0.00013515	0.00013821	-0.09797508	0.00139993	-0.00089846	-0.00026417
16.63	-0.00017446	-0.00018630	-0.09805267	0.00199166	-0.00029167	-0.00039407
16.64	-0.00005160	0.00000222	-0.09802568	0.00018492	-0.00172637	-0.00123513
16.65	-0.00046064	0.00007547	-0.09771461	-0.00026771	-0.00178546	0.00009170
16.66	-0.00019742	0.00011229	-0.09798879	0.00041801	-0.00099573	-0.00008681
16.67	-0.00029529	0.00005182	-0.09785509	-0.00021266	-0.00088988	-0.00007337
16.68	-0.00022220	0.00000161	-0.09792176	0.00020031	0.00043561	-0.00083747
16.69	-0.00029355	0.00007940	-0.09797950	-0.00041682	-0.00035304	-0.00072230
16.70	-0.00032009	-0.00020174	-0.09787393	-0.00009265	-0.00024913	-0.00048935
16.71	-0.00023767	-0.00021025	-0.09808078	0.00046603	-0.00008248	-0.00080245
16.72	-0.00029260	0.00003515	-0.09776704	0.00033527	0.00005245	0.00077671
16.73	-0.00025458	-0.00000851	-0.09796727	-0.00075259	-0.00114765	0.00037805
16.74	0.00012866	-0.00010105	-0.09786399	-0.00050212	-0.00043525	-0.00038003
16.75	0.00000948	0.00020068	-0.09772698	-0.00010246	-0.00087271	0.00074789
16.76	0.00013150	-0.00014462	-0.09796260	0.00002453	-0.00048197	-0.00031335
16.77	0.00033270	0.00011631	-0.09784956	-0.00064174	-0.00089975	0.00068980
16.78	0.00012098	-0.00018052	-0.09808242	0.00015889	-0.00055795	-0.00003403
16.79	-0.00006727	-0.00002071	-0.09796823	0.00067645	-0.00047940	0.00153620
16.80	0.00014930	-0.00040185	-0.09812722	0.00070114	-0.00056080	0.00086902
16.81	-0.00024027	0.00004966	-0.09784513	0.00081696	-0.00064620	0.00075713
16.82	-0.00005131	0.00005837	-0.09798146	-0.00072388	-0.00101924	0.00094160
16.83	-0.00001039	-0.00017024	-0.09789906	0.00095593	-0.00002922	-0.00068866
16.84	-0.00006564	-0.00028355	-0.09808152	0.00129066	0.00015133	0.00005158
16.85	-0.00012180	0.00002755	-0.09785477	0.00088963	0.00005762	0.00033602
16.86	-0.00022925	-0.00004703	-0.09799093	-0.00002417	-0.00054150	-0.00068427
16.87	0.00008848	-0.00009482	-0.09800675	-0.00049371	-0.00081751	0.00042975
16.88	-0.00007328	-0.00012327	-0.09782168	-0.00041900	-0.00037374	-0.00009434
16.89	-0.00017596	0.00008903	-0.09797842	-0.00012264	-0.00049327	0.00179559
16.90	-0.00026939	0.00031457	-0.09794614	0.00040865	-0.00037507	0.00059466
16.91	-0.00025665	-0.00000959	-0.09802456	0.00049204	-0.00074699	0.00060624
16.92	-0.00023703	-0.00005080	-0.09790743	-0.00026861	-0.00049675	0.00010456
16.93	-0.00010991	0.00029100	-0.09773783	-0.00010690	-0.00077530	-0.00002537
16.94	-0.00022606	0.00008183	-0.09831317	-0.00024637	-0.00011214	-0.00054946
16.95	0.00007957	0.00013148	-0.09818099	0.00105858	-0.00002599	-0.00008910
16.96	-0.00040912	-0.00005287	-0.09823400	0.00076152	0.00066172	0.00091586
16.97	-0.00011396	0.00022857	-0.09793666	0.00048118	-0.00039101	0.00004569
16.98	-0.00002810	-0.00001833	-0.09814041	-0.00046186	0.00037409	-0.00066389
16.99	-0.00015317	-0.00022475	-0.09788541	-0.00016241	0.00047450	-0.00061275
17.00	-0.00003515	-0.00000397	-0.09808985	0.00053868	0.00069945	0.00117554
17.01	-0.00003175	-0.00016972	-0.09792645	-0.00027531	0.00049338	0.00145278
17.02	-0.00011440	-0.00010601	-0.09790681	0.00053788	-0.00090000	0.00056018
17.03	-0.00013361	-0.00002401	-0.09795936	0.00012554	-0.00050567	0.00095480
17.04	-0.00012847	0.00012921	-0.09812227	0.00060911	-0.00092245	0.00066703
17.05	-0.00022191	-0.00019108	-0.09802154	-0.00030256	-0.00067633	0.00091686
17.06	-0.00007185	0.00003484	-0.09789590	0.00034751	-0.00069034	0.00106798
17.07	0.00035747	-0.00014136	-0.09794826	0.00082597	-0.00082371	0.00101522
17.08	0.00006600	-0.00031049	-0.09799586	0.00088808	-0.00154695	0.00098066
17.09	-0.00004145	-0.00031782	-0.09768220	0.00101578	-0.00184868	0.00105427
17.10	-0.00003534	0.00008934	-0.09777801	0.00149841	-0.00121974	0.00092212
17.11	0.00033350	0.00001224	-0.09777099	-0.00028830	-0.00187290	0.00040391
17.12	-0.00007989	-0.00027854	-0.09808701	-0.00018768	-0.00136662	0.00089693
17.13	-0.00002191	-0.00005193	-0.09799383	0.00050848	-0.00093393	0.00173243
17.14	-0.00005658	0.00005684	-0.09764809	0.00069498	-0.00113080	0.00128612
17.15	0.00018801	-0.00023046	-0.09786776	-0.00006476	-0.00107117	0.00222680
17.16	0.00019915	-0.00011327	-0.09814943	-0.00017192	-0.00080614	0.00187395
17.17	-0.00006524	-0.00001431	-0.09799430	-0.00051925	-0.00089395	0.00247070
17.18	-0.00018064	0.00018435	-0.09786716	-0.00008476	-0.00078484	0.00067093
17.19	-0.00029990	0.00014920	-0.09787622	0.00002503	-0.00019212	0.00069441
17.20	0.00020408	0.00017083	-0.09782550	0.00101337	-0.00046554	0.00110376
17.21	0.00018373	0.00006105	-0.09776262	0.00051530	-0.00021601	0.00156121
17.22	-0.00053919	0.00004409	-0.09795997	0.00024081	-0.00105201	0.00092317
17.23	-0.00005364	0.00030778	-0.09762855	-0.00085036	-0.00188216	0.00138207
17.24	0.00001605	-0.00009378	-0.09785307	-0.00053921	-0.00066995	0.00026117
17.25	0.00005791	0.00012764	-0.09786869	-0.00046817	-0.00147797	0.00005706
17.26	-0.00011119	-0.00012097	-0.09777664	-0.00054045	-0.00052489	0.00034472
17.27	-0.00006570	-0.00004034	-0.09779734	0.00034703	-0.00131704	-0.00024757
17.28	-0.00015859	0.00000476	-0.09778606	-0.00019930	-0.00013878	0.00091100
17.29	-0.00018431	-0.00029174	-0.09769831	-0.00041303	-0.00050614	0.00075416
17.30	-0.00022902	-0.00007064	-0.09798886	0.00108678	-0.00121632	0.00103466
17.31	-0.00023782	-0.00008298	-0.09822964	-0.00047268	-0.00067553	0.00068128
17.32	-0.00012407	-0.00011556	-0.09780872	0.00092858	-0.00051372	-0.00029581
17.33	-0.00021215	0.00014468	-0.09773064	0.00048512	-0.00128780	-0.00075616
17.34	0.00020026	-0.00011862	-0.09763535	-0.00027790	0.00012068	0.00093130
17.35	-0.00014045	-0.00001957	-0.09806034	0.00042546	0.00014866	0.00018586
17.36	0.00001771	0.00004783	-0.09760970	-0.00023310	-0.00098895	0.00058926
17.37	0.00012007	-0.00009769	-0.09776838	-0.00054978	-0.00110050	-0.00024733
17.38	0.00016979	-0.00012407	-0.09756060	0.00063647	0.00032420	0.00017736
17.39	-0.00001651	-0.00038428	-0.09781958	0.00106217	-0.00097802	0.00022035
17.40	-0.00032185	-0.00015698	-0.09783444	-0.00019931	-0.00116609	0.00025523
17.41	0.00014269	-0.00000034	-0.09825203	-0.00025381	-0.00081040	0.00117283
17.42	-0.00007647	-0.00012272	-0.09792965	0.00092323	0.00004247	-0.00017286
17.43	-0.00017606	-0.00019288	-0.09816139	0.00076987	-0.00007528	0.00171246
17.44	0.00014519	-0.00022287	-0.09761422	0.00054588	-0.00160997	0.00090697
17.45	0.00000230	0.00016867	-0.09777239	0.00131776	0.00015692	0.00024824
17.46	0.00000118	-0.00001502	-0.09778154	0.00117253	-0.00033736	-0.00022307
17.47	-0.00002694	0.00004894	-0.09798649	0.00057492	-0.00000624	0.00040869
17.48	-0.00006568	-0.00014030	-0.09783349	0.00011910	-0.00114123	-0.00005547
17.49	-0.00030266	0.00003321	-0.09782831	0.00042535	-0.00075871	0.00032877
17.50	-0.00027415	0.00010634	-0.09785685	0.00020343	-0.00100157	0.00136152
17.51	-0.00020516	0.00017323	-0.09773731	0.00006832	-0.00104154	0.00144240
17.52	-0.00016920	-0.00010557	-0.09772657	0.00075077	-0.00158300	0.00092081
17.53	-0.00031112	0.00009232	-0.09807155	-0.00035655	-0.00088758	0.00193383
17.54	-0.00037903	-0.00025729	-0.09790865	-0.00060978	-0.00104592	-0.00008675
17.55	-0.00035014	0.00014139	-0.09793127	-0.00151286	-0.00078736	0.00085725
17.56	-0.00014308	-0.00013681	-0.09811087	-0.00088946	-0.00036797	-0.00093266
17.57	-0.00018341	0.00004691	-0.09789758	-0.00090898	-0.00112355	0.00012006
17.58	0.00014749	-0.00030229	-0.09835452	-0.00039602	-0.00094102	-0.00025875
17.59	-0.00033848	-0.00008993	-0.09823639	-0.00060069	-0.00033376	-0.00027944
17.60	-0.00025996	-0.00035477	-0.09802804	-0.00156565	-0.00041708	0.00158478
17.61	-0.00009484	-0.00015971	-0.09816570	-0.00160157	-0.00069008	0.00038209
17.62	-0.00046490	-0.00014042	-0.09805395	-0.00104531	0.00015258	-0.00029586
17.63	-0.00028599	-0.00028557	-0.09792538	-0.00077515	-0.00027888	0.00001232
17.64	-0.00004842	-0.00034244	-0.09807536	-0.00033304	0.00000448	-0.00066693
17.65	-0.00022028	-0.00019887	-0.09792136	0.00036603	-0.00142340	-0.00013003
17.66	-0.00033235	0.00013222	-0.09808277	-0.00080764	-0.00209879	-0.00076570
17.67	-0.00047965	0.00014647	-0.09790236	-0.00029556	-0.00155406	-0.00099463
17.68	-0.00010216	0.00036641	-0.09783953	0.00063728	-0.00133231	-0.00060229
17.69	-0.00007057	-0.00018548	-0.09790485	0.00103192	-0.00158088	-0.00082856
17.70	0.00021067	-0.00011711	-0.09796776	0.00062956	-0.00121820	-0.00109240
17.71	-0.00004021	0.00015508	-0.09798437	0.00025742	-0.00130583	0.00024883
17.72	0.00021873	-0.00028274	-0.09824710	0.00053308	-0.00122265	0.00003963
17.73	0.00001647	-0.00017387	-0.09786446	0.00093280	-0.00023170	0.00052594
17.74	-0.00006479	-0.00022641	-0.09812009	0.00060657	-0.00144036	0.00026519
17.75	-0.00002843	0.00009074	-0.09824709	-0.00043811	-0.00116517	0.00017147
17.76	0.00007145	-0.00002828	-0.09799896	-0.00108377	-0.00026045	0.00064472
17.77	0.00012429	-0.00008163	-0.09778766	-0.00038224	-0.00096740	0.00024380
17.78	-0.00007083	0.00010835	-0.09818171	-0.00054195	-0.00088672	0.00032292
17.79	-0.00005192	0.00000212	-0.09825878	-0.00092357	-0.00094626	-0.00018426
17.80	0.00034911	-0.00017510	-0.09805530	0.00033041	-0.00083319	-0.00052788
17.81	0.00012659	-0.00015509	-0.09783094	-0.00081926	-0.00044656	-0.00000295
17.82	-0.00008196	-0.00021863	-0.09800177	-0.00030534	-0.00065493	0.00056801
17.83	0.00011638	-0.00034465	-0.09816119	0.00023441	-0.00163198	0.00035588
17.84	0.00016482	-0.00015121	-0.09838633	0.00096227	-0.00031895	0.00064460
17.85	-0.00026658	-0.00021057	-0.09824299	0.00030781	-0.00017511	-0.00046877
17.86	-0.00005129	-0.00013932	-0.09808064	0.00017591	-0.00029705	0.00007522
17.87	0.00000962	-0.00001750	-0.09802311	0.00077093	-0.00077392	-0.00110646
17.88	0.00002621	-0.00021558	-0.09793483	-0.00021091	-0.00117491	-0.00035812
17.89	0.00001360	0.00023231	-0.09815668	0.00033984	-0.00061378	0.00034357
17.90	0.00003017	-0.00047513	-0.09774105	0.00017276	-0.00063323	0.00049934
17.91	0.00010566	0.00014826	-0.09812189	-0.00047577	0.00056663	0.00182856
17.92	-0.00015940	-0.00033745	-0.09798553	-0.00031305	-0.00007372	0.00080245
17.93	0.00020445	-0.00019635	-0.09797704	-0.00065840	-0.00050371	0.00073204
17.94	-0.00012370	-0.00009910	-0.09807048	-0.00010496	0.00015319	0.00067074
17.95	0.00017323	-0.00017943	-0.09803338	-0.00002068	-0.00060068	0.00065977
17.96	0.00002171	-0.00022516	-0.09813946	0.00020406	-0.00063742	0.00152532
17.97	0.00001905	-0.00015904	-0.09804125	0.00063244	-0.00107325	0.00209039
17.98	0.00004610	-0.00011865	-0.09784898	-0.00002848	-0.00048503	0.00030040
17.99	0.00009508	-0.00017464	-0.09804612	-0.00094279	0.00033639	0.00075869
18.00	0.00021344	-0.00027368	-0.09774890	-0.00046618	-0.00039494	0.00097624
18.01	-0.00027982	-0.00017411	-0.09812423	0.00104129	-0.00014307	-0.00039717
18.02	-0.00009176	-0.00006343	-0.09795666	0.00024029	-0.00142033	-0.00002209
18.03	0.00013878	0.00019837	-0.09780528	-0.00022692	-0.00011745	-0.00105420
18.04	-0.00034251	0.00010431	-0.09807075	-0.00020178	-0.00044573	0.00109176
18.05	-0.00018884	-0.00024387	-0.09802712	0.00018575	0.00000227	0.00027898
18.06	-0.00015598	-0.00007033	-0.09807933	-0.00074417	-0.00024441	0.00126278
18.07	-0.00012490	-0.00036983	-0.09787116	0.00011312	-0.00043184	0.00100363
18.08	0.00007649	-0.00031038	-0.09767878	0.00005280	-0.00068481	0.00040930
18.09	-0.00010435	-0.00043725	-0.09797548	0.00070530	-0.00074955	0.00118874
18.10	-0.00014636	0.00030619	-0.09823489	0.00024164	0.00032352	0.00038994
18.11	-0.00013905	-0.00013102	-0.09835051	-0.00028305	-0.00034585	0.00039274
18.12	-0.00015842	-0.00022191	-0.09821120	0.00043332	0.00019077	0.00041969
18.13	-0.00020759	-0.00015476	-0.09809017	-0.00029748	-0.00017669	0.00081865
18.14	-0.00009982	-0.00028292	-0.09809082	-0.00052750	0.00013005	0.00086681
18.15	0.00004302	-0.00001236	-0.09792496	-0.00024756	-0.00044453	0.00113405
18.16	-0.00011590	-0.00020811	-0.09816710	-0.00022504	-0.00085448	0.00062285
18.17	-0.00003529	-0.00001548	-0.09805152	0.00049466	-0.00002383	0.00110347
18.18	0.00020143	-0.00026724	-0.09818744	-0.00047738	-0.00053792	-0.00010094
18.19	0.00000160	-0.00008729	-0.09829528	-0.00041778	0.00035520	0.00022603
18.20	0.00016910	-0.00013351	-0.09798933	0.00001812	0.00021311	0.00145025
18.21	0.00002845	-0.00028575	-0.09791537	0.00119414	-0.00001094	0.00098170
18.22	-0.00008339	-0.00016295	-0.09806082	-0.00058909	0.00033078	0.00060562
18.23	-0.00011958	-0.00011434	-0.09786502	0.00029461	-0.00017032	-0.00012787
18.24	-0.00040931	-0.00014972	-0.09846342	0.00002623	0.00053890	-0.00089751
18.25	-0.00010177	-0.00017627	-0.09825686	0.00046897	0.00038495	-0.00062249
18.26	-0.00022482	-0.00025645	-0.09834038	-0.00051800	-0.00095263	-0.00017338
18.27	0.00012732	-0.00027626	-0.09795239	-0.00047701	0.00032039	-0.00082437
18.28	-0.00012553	-0.00000099	-0.09787002	0.00008306	-0.00085636	-0.00041191
18.29	0.00009535	-0.00034027	-0.09821049	0.00049973	-0.00067057	0.00131408
18.30	-0.00024636	-0.00012461	-0.09784172	0.00097800	-0.00032024	0.00029475
18.31	-0.00041308	-0.00010193	-0.09808893	0.00008183	-0.00105625	-0.00009456
18.32	0.00003514	-0.00021042	-0.09800838	0.00009351	-0.00066137	-0.00107484
18.33	0.00022397	0.00005993	-0.09794781	-0.00037822	-0.00169349	-0.00099176
18.34	0.00008471	-0.00001764	-0.09799094	-0.00112805	-0.00155090	0.00014609
18.35	-0.00009741	-0.00008490	-0.09819168	-0.00071203	-0.00010879	0.00063202
18.36	-0.00014422	0.00007788	-0.09790376	-0.00013843	-0.00120947	0.00074238
18.37	0.00019326	-0.00017280	-0.09798070	0.00050326	-0.00134828	0.00156145
18.38	0.00004696	-0.00020730	-0.09802532	-0.00092658	-0.00066531	0.00014435
18.39	0.00001306	-0.00013693	-0.09790954	0.00054381	-0.00116466	0.00052300
18.40	-0.00017178	-0.00000322	-0.09814938	-0.00000719	0.00035911	0.00158628
18.41	-0.00002810	-0.00010618	-0.09797753	0.00006587	-0.00001774	0.00082570
18.42	-0.00012369	0.00000956	-0.09800757	0.00077321	-0.00080074	-0.00045918
18.43	-0.00010656	-0.00005415	-0.09807730	0.00000686	0.00003092	0.00044788
18.44	-0.00011059	-0.00032144	-0.09815074	0.00052262	-0.00045050	-0.00025016
18.45	0.00001998	-0.00005211	-0.09834790	0.00033965	-0.00160241	0.00003638
18.46	-0.00021167	0.00001866	-0.09801166	-0.00052348	-0.00055053	-0.00009662
18.47	0.00009183	-0.00021750	-0.09809901	0.00049509	-0.00098644	-0.00031371
18.48	-0.00018725	-0.00047839	-0.09815734	-0.00046279	0.00009838	0.00142381
18.49	0.00016552	-0.00060349	-0.09815112	-0.00044600	-0.00063233	0.00056781
18.50	0.00005746	0.00000503	-0.09819072	-0.00104842	-0.00081504	0.00021322
18.51	0.00010535	-0.00022968	-0.09805479	-0.00055987	-0.00026852	0.00130540
18.52	-0.00012396	-0.00036793	-0.09782093	-0.00032083	-0.00096266	0.00070856
18.53	-0.00014824	-0.00050704	-0.09811900	0.00001603	-0.00030117	0.00047211
18.54	0.00035857	-0.00032756	-0.09812288	-0.00054250	-0.00097216	0.00172001
18.55	0.00030448	-0.00026880	-0.09772642	-0.00128227	-0.00079747	0.00040713
18.56	0.00028838	-0.00022891	-0.09774158	0.00007948	-0.00001602	0.00106692
18.57	0.00013433	0.00013532	-0.09801219	0.00140269	-0.00063199	0.00091274
18.58	0.00027162	-0.00016020	-0.09797754	0.00180362	-0.00058451	0.00036844
18.59	0.00006400	-0.00036848	-0.09798438	0.00074368	-0.00057477	-0.00086895
18.60	-0.00016088	-0.00011361	-0.09806183	0.00036340	-0.00137936	-0.00088727
18.61	0.00006816	-0.00032905	-0.09801649	0.00054641	0.00059153	-0.00009589
18.62	0.00023770	-0.00010667	-0.09804780	0.00022357	-0.00081623	-0.00116914
18.63	0.00014753	-0.00011503	-0.09779731	0.00013391	-0.00072926	-0.00113256
18.64	-0.00000440	-0.00033310	-0.09797720	0.00043058	-0.00055619	-0.00016877
18.65	0.00019766	-0.00006510	-0.09781847	0.00034033	-0.00062703	-0.00015716
18.66	0.00007697	-0.00027745	-0.09761673	0.00005878	-0.00065063	0.00048434
18.67	0.00005149	-0.00043878	-0.09795236	0.00011568	-0.00097280	0.00105056
18.68	-0.00008996	-0.00055936	-0.09771148	-0.00029253	-0.00104420	0.00069459
18.69	-0.00005485	-0.00040129	-0.09767771	0.00032134	-0.00003460	-0.00009221
18.70	0.00018176	-0.00000472	-0.09792291	0.00047111	-0.00008684	0.00021924
18.71	0.00009643	0.00000182	-0.09791944	0.00023263	-0.00035918	-0.00046273
18.72	-0.00031584	-0.00016238	-0.09795022	-0.00024708	-0.00007545	0.00024847
18.73	-0.00013865	-0.00031604	-0.09821852	-0.00127661	0.00013623	0.00034870
18.74	-0.00035664	-0.00017414	-0.09774634	-0.00056378	-0.00010819	0.00037758
18.75	-0.00019606	-0.00013350	-0.09809098	-0.00023050	-0.00085212	-0.00058088
18.76	0.00007958	-0.00018915	-0.09821625	0.00002839	0.00009024	-0.00068944
18.77	-0.00021469	0.00007602	-0.09821895	0.00021547	-0.00065248	-0.00040265
18.78	0.00012673	-0.00011330	-0.09803210	-0.00020089	-0.00086396	-0.00033435
18.79	0.00026978	-0.00021868	-0.09793555	0.00031480	-0.00071090	-0.00061517
18.80	-0.00009831	-0.00012164	-0.09819358	-0.00024913	-0.00097179	-0.00069413
18.81	-0.00025791	0.00000746	-0.09813648	0.00038752	0.00032561	-0.00004017
18.82	0.00014751	-0.00001790	-0.09809507	-0.00040054	0.00005173	-0.00124377
18.83	0.00016554	-0.00003355	-0.09800296	-0.00071505	-0.00024715	-0.00116914
18.84	0.00035736	0.00009548	-0.09829494	-0.00055448	-0.00007766	-0.00115683
18.85	0.00001026	0.00006214	-0.09800330	-0.00113350	0.00022671	-0.00031321
18.86	-0.00020306	-0.00001062	-0.09798289	0.00113869	-0.00006174	-0.00012982
18.87	0.00005496	0.00007172	-0.09801307	0.00042155	-0.00064364	-0.00060976
18.88	0.00015493	-0.00006218	-0.09809287	-0.00003315	-0.00069227	-0.00096651
18.89	-0.00005175	-0.00012618	-0.09806789	0.00147487	-0.00040274	-0.00172882
18.90	-0.00018140	-0.00016441	-0.09784426	-0.00003003	-0.00010080	-0.00151805
18.91	-0.00002426	-0.00007638	-0.09802494	0.00030128	0.00084907	-0.00130639
18.92	-0.00005888	-0.00018369	-0.09824324	-0.00031140	-0.00154606	-0.00146189
18.93	0.00012499	-0.00009063	-0.09793691	0.00022449	-0.00067553	-0.00168990
18.94	-0.00010100	-0.00006175	-0.09797596	0.00077464	-0.00084055	-0.00190227
18.95	-0.00013501	-0.00038256	-0.09815555	-0.00058727	0.00014123	-0.00085563
18.96	-0.00000656	-0.00027129	-0.09779913	-0.00089735	0.00006781	-0.00046954
18.97	-0.00014355	-0.00035889	-0.09791472	0.00035075	-0.00060058	-0.00101678
18.98	0.00016327	-0.00028782	-0.09788517	-0.00051463	-0.00034819	-0.00010817
18.99	-0.00015533	-0.00020059	-0.09793665	-0.00013096	0.00006501	-0.00051426
19.00	0.00029376	0.00000088	-0.10830191	-0.00009047	0.29950511	-0.00046002
19.01	0.00109545	0.00014215	-0.10853441	-0.00042959	0.30052074	-0.00054150
19.02	0.00143563	-0.00017075	-0.10818982	-0.00108452	0.30141087	-0.00075173
19.03	0.00186590	0.00012247	-0.10818936	-0.00024855	0.30060474	-0.00085175
19.04	0.00264025	-0.00008750	-0.10825706	0.00064259	0.30133939	-0.00075343
19.05	0.00306639	0.00000545	-0.10807019	0.00024377	0.30016544	-0.00061558
19.06	0.00383819	-0.00008335	-0.10825752	0.00042148	0.29954014	-0.00133674
19.07	0.00403262	-0.00000277	-0.10840513	-0.00043866	0.29996205	-0.00070281
19.08	0.00485566	-0.00039769	-0.10798560	-0.00000524	0.30011568	-0.00093807
19.09	0.00496564	0.00007389	-0.10803434	-0.00046193	0.30005971	0.00046901
19.10	0.00570175	-0.00003361	-0.10804042	-0.00037277	0.29969169	0.00008223
19.11	0.00605520	-0.00014086	-0.10839809	-0.00147555	0.29966083	-0.00092498
19.12	0.00657718	0.00004204	-0.10844357	-0.00050481	0.29962483	0.00007763
19.13	0.00700343	-0.00015985	-0.10814558	-0.00121370	0.29976149	-0.00175793
19.14	0.00763845	-0.00013555	-0.10832972	-0.00036204	0.29976980	-0.00107351
19.15	0.00807694	-0.00001899	-0.10802035	-0.00006498	0.30022248	-0.00008954
19.16	0.00842369	-0.00012424	-0.10811847	-0.00012747	0.30002123	-0.00111773
19.17	0.00912343	-0.00007424	-0.10802498	0.00049120	0.29973313	-0.00060710
19.18	0.00960048	0.00001675	-0.10776729	0.00052934	0.29947346	-0.00172847
19.19	0.01029442	-0.00017963	-0.10747019	-0.00005735	0.29906852	-0.00203725
19.20	0.01068894	0.00015959	-0.10762622	0.00017415	0.29910870	-0.00246881
19.21	0.01100046	-0.00018794	-0.10780964	-0.00035815	0.30005219	-0.00283942
19.22	0.01188501	-0.00010390	-0.10747275	-0.00145968	0.29942627	-0.00172966
19.23	0.01262869	0.00012456	-0.10738445	-0.00021957	0.30020281	-0.00166517
19.24	0.01267766	-0.00014514	-0.10746944	-0.00069811	0.29963750	-0.00178098
19.25	0.01357059	-0.00005724	-0.10770986	-0.00006280	0.29994604	-0.00175402
19.26	0.01401527	-0.00001227	-0.10723809	0.00028587	0.29993502	-0.00094491
19.27	0.01436532	0.00010059	-0.10709406	-0.00044848	0.29997976	-0.00091204
19.28	0.01486873	-0.00003555	-0.10707506	0.00013278	0.30002251	-0.00138107
19.29	0.01534977	0.00002983	-0.10725201	0.00098481	0.29953554	-0.00126214
19.30	0.01597341	0.00015063	-0.10678439	0.00012490	0.30016892	-0.00044685
19.31	0.01618828	-0.00009571	-0.10686945	-0.00091989	0.30019064	-0.00126402
19.32	0.01667343	0.00002092	-0.10679113	-0.00033650	0.30019234	-0.00071699
19.33	0.01728700	-0.00010480	-0.10665229	0.00028774	0.30064530	-0.00226538
19.34	0.01794659	-0.00009807	-0.10649691	-0.00025122	0.30057452	-0.00122094
19.35	0.01813318	-0.00013583	-0.10645995	-0.00058572	0.30128839	-0.00067997
19.36	0.01866504	-0.00014818	-0.10653736	-0.00148239	0.30085510	-0.00122208
19.37	0.01934986	-0.00008768	-0.10633888	-0.00050344	0.30077276	-0.00092878
19.38	0.01993029	0.00004265	-0.10621862	-0.00047862	0.30040256	-0.00079334
19.39	0.02027071	-0.00029510	-0.10622121	0.00035207	0.29949765	-0.00072828
19.40	0.02094641	-0.00012220	-0.10598884	0.00050653	0.29981108	-0.00113182
19.41	0.02132674	0.00006163	-0.10589171	0.00017107	0.30036014	-0.00108315
19.42	0.02192223	-0.00025739	-0.10573525	0.00038915	0.29885843	-0.00062578
19.43	0.02225053	0.00012268	-0.10568044	0.00186790	0.29996978	-0.00031588
19.44	0.02282233	-0.00026246	-0.10541181	0.00173493	0.30005735	-0.00095175
19.45	0.02313305	-0.00001278	-0.10517176	0.00017270	0.29967880	-0.00125968
19.46	0.02371662	-0.00028948	-0.10544505	0.00072886	0.29974913	-0.00050009
19.47	0.02441407	-0.00037895	-0.10540575	-0.00003382	0.29884137	-0.00130943
19.48	0.02488094	0.00009838	-0.10504803	-0.00005125	0.29900614	-0.00125584
19.49	0.02532188	-0.00022206	-0.10511432	-0.00008764	0.30000101	-0.00079026
19.50	0.02559154	0.00010208	-0.10514992	0.00090090	0.29897709	-0.00118362
19.51	0.02625336	-0.00000028	-0.10451982	0.00084030	0.29830086	-0.00014597
19.52	0.02668035	0.00006610	-0.10451032	-0.00004734	0.29853970	0.00062908
19.53	0.02739950	-0.00000971	-0.10438371	-0.00066296	0.29937499	-0.00120962
19.54	0.02743688	0.00017769	-0.10420880	0.00115747	0.29924704	-0.00091901
19.55	0.02849822	0.00003786	-0.10410990	0.00026227	0.29863353	-0.00066395
19.56	0.02897106	0.00022423	-0.10383697	0.00036979	0.29857172	-0.00114657
19.57	0.02917365	-0.00012471	-0.10396534	0.00110468	0.29943591	-0.00168790
19.58	0.02956659	0.00003917	-0.10389091	0.00092202	0.29878576	-0.00080442
19.59	0.03019923	-0.00015905	-0.10335593	0.00182145	0.29941150	-0.00079001
19.60	0.03052648	0.00010863	-0.10322814	0.00187010	0.29891394	-0.00114246
19.61	0.03098370	0.00004319	-0.10326804	0.00054520	0.29987731	-0.00046477
19.62	0.03170605	-0.00020289	-0.10325219	0.00122085	0.29929093	-0.00162236
19.63	0.03214983	0.00002040	-0.10279326	0.00195927	0.30015145	-0.00132939
19.64	0.03239296	0.00013620	-0.10270434	0.00204917	0.30002139	-0.00125002
19.65	0.03329985	0.00003768	-0.10281315	0.00200131	0.29951260	-0.00077458
19.66	0.03356586	0.00008033	-0.10251174	0.00097980	0.29961769	-0.00195142
19.67	0.03450870	0.00001668	-0.10239445	0.00063637	0.29906866	-0.00115849
19.68	0.03457570	0.00017657	-0.10214611	0.00132602	0.29952743	-0.00153204
19.69	0.03534723	-0.00017060	-0.10180721	0.00057177	0.29954951	-0.00118623
19.70	0.03599475	0.00017346	-0.10179181	0.00034059	0.30060761	-0.00159086
19.71	0.03636682	0.00005189	-0.10152884	0.00150304	0.30007363	-0.00072727
19.72	0.03664343	0.00002117	-0.10152334	0.00099735	0.29931759	-0.00123046
19.73	0.03720418	-0.00008124	-0.10120117	0.00095115	0.29981141	-0.00068252
19.74	0.03721328	-0.00017775	-0.10114727	0.00091402	0.29951326	-0.00113537
19.75	0.03813047	0.00006459	-0.10103465	0.00042156	0.29891809	-0.00090854
19.76	0.03821692	0.00019058	-0.10033774	-0.00005741	0.29896876	-0.00138902
19.77	0.03917994	-0.00020920	-0.10037525	-0.00038325	0.29972627	-0.00078481
19.78	0.03934610	-0.00031503	-0.10032027	0.00054910	0.29876233	-0.00031753
19.79	0.03974855	-0.00029844	-0.09997814	-0.00100224	0.29933938	-0.00100822
19.80	0.04012802	0.00000478	-0.09936862	-0.00012806	0.30058122	-0.00179533
19.81	0.04102195	-0.00019625	-0.09973519	0.00147360	0.29970968	-0.00090847
19.82	0.04129069	0.00008864	-0.09891102	0.00097516	0.29935119	-0.00122260
19.83	0.04160694	-0.00012913	-0.09927505	0.00142960	0.30014731	-0.00191900
19.84	0.04227049	-0.00004225	-0.09879602	0.00166581	0.29973218	-0.00002312
19.85	0.04244957	0.00008116	-0.09842520	0.00152627	0.29971031	0.00047111
19.86	0.04300773	0.00003755	-0.09813161	0.00144140	0.29965179	0.00013112
19.87	0.04361300	0.00023180	-0.09834354	0.00052408	0.29958189	-0.00041391
19.88	0.04418767	-0.00019579	-0.09782339	0.00063630	0.29989377	-0.00048346
19.89	0.04452356	-0.00014258	-0.09763172	0.00038684	0.30047518	0.00001135
19.90	0.04480445	-0.00011136	-0.09739592	0.00033506	0.30008961	-0.00130633
19.91	0.04518185	-0.00001672	-0.09717225	0.00059530	0.29859920	-0.00089492
19.92	0.04571821	0.00016252	-0.09699766	0.00132235	0.29929018	0.00010018
19.93	0.04613033	-0.00001934	-0.09650173	0.00197490	0.29894186	-0.00018455
19.94	0.04701296	0.00001755	-0.09653169	0.00132789	0.29873434	0.00007830
19.95	0.04694066	0.00019317	-0.09620195	0.00217774	0.29875308	0.00003487
19.96	0.04726465	0.00026462	-0.09605099	0.00106936	0.29836500	-0.00089085
19.97	0.04782726	0.00010369	-0.09571571	0.00019402	0.29806366	-0.00007413
19.98	0.04840874	0.00012789	-0.09542577	0.00027136	0.29981828	-0.00065491
19.99	0.04891429	0.00027038	-0.09503492	0.00002011	0.30014112	-0.00091239
20.00	0.04865515	-0.00007170	-0.07469667	0.00051429	-0.29985623	0.00003908
20.01	0.04775446	-0.00012144	-0.07502273	0.00025411	-0.30020735	0.00010804
20.02	0.04727812	-0.00026406	-0.07544854	-0.00002421	-0.30034504	0.00003048
20.03	0.04721068	0.00006698	-0.07564864	0.00048624	-0.30084042	-0.00083572
20.04	0.04649552	-0.00000001	-0.07559547	-0.00031713	-0.30027265	-0.00073231
20.05	0.04628110	0.00010623	-0.07579333	-0.00042744	-0.29984114	0.00052479
20.06	0.04575315	0.00019676	-0.07639864	-0.00022133	-0.30023250	0.00018162
20.07	0.04549758	0.00015703	-0.07637347	0.00015066	-0.30064365	-0.00041124
20.08	0.04497073	0.00022018	-0.07652886	-0.00043926	-0.29950051	-0.00074130
20.09	0.04444449	0.00026581	-0.07710255	-0.00036772	-0.29955948	0.00046326
20.10	0.04406983	0.00019233	-0.07727286	0.00022014	-0.29926584	0.00093478
20.11	0.04354883	0.00010925	-0.07740136	-0.00032767	-0.30007210	0.00077582
20.12	0.04299160	0.00024547	-0.07769483	0.00039483	-0.30094603	0.00017586
20.13	0.04235709	0.00014145	-0.07794673	-0.00028651	-0.30035416	-0.00060065
20.14	0.04217589	0.00002925	-0.07818799	0.00170181	-0.29988596	0.00068908
20.15	0.04159933	0.00021798	-0.07822711	0.00086418	-0.29959159	0.00115540
20.16	0.04105826	0.00006943	-0.07863036	0.00086081	-0.30029122	0.00063517
20.17	0.04072423	0.00023756	-0.07876812	0.00154961	-0.30051061	-0.00074962
20.18	0.04003435	-0.00014737	-0.07883146	0.00094714	-0.30078049	0.00096274
20.19	0.03967062	0.00009709	-0.07925478	0.00115255	-0.30080239	-0.00007638
20.20	0.03923852	-0.00006282	-0.07934849	0.00014727	-0.29970628	-0.00025141
20.21	0.03878871	0.00004703	-0.07971042	-0.00020857	-0.29987085	0.00039137
20.22	0.03804500	0.00006753	-0.07988393	0.00056679	-0.30051874	-0.00032633
20.23	0.03774859	-0.00007134	-0.07972080	-0.00003034	-0.30139971	-0.00058379
20.24	0.03747181	-0.00026067	-0.08022996	0.00075179	-0.30133755	-0.00076655
20.25	0.03678632	-0.00030153	-0.08033677	0.00116837	-0.30095627	-0.00076772
20.26	0.03635229	-0.00002115	-0.08027990	0.00066199	-0.30028768	-0.00066581
20.27	0.03593065	-0.00024375	-0.08090386	0.00028875	-0.30033612	-0.00065254
20.28	0.03542060	-0.00023268	-0.08076801	-0.00093145	-0.30049987	-0.00062438
20.29	0.03479969	0.00003693	-0.08089826	-0.00081371	-0.30038284	-0.00035855
20.30	0.03421181	0.00012477	-0.08151933	0.00059893	-0.30071059	-0.00092843
20.31	0.03422363	0.00017061	-0.08170355	0.00011859	-0.30076766	-0.00034847
20.32	0.03360375	-0.00012092	-0.08193050	0.00051819	-0.29991984	-0.00044194
20.33	0.03324167	0.00027949	-0.08213830	-0.00003622	-0.30083446	0.00076504
20.34	0.03259075	-0.00008874	-0.08198088	-0.00013654	-0.29956703	0.00032613
20.35	0.03219852	-0.00020547	-0.08210395	-0.00039746	-0.30099786	0.00024681
20.36	0.03132912	-0.00001671	-0.08217174	-0.00018970	-0.30048513	0.00000959
20.37	0.03094078	-0.00020492	-0.08231603	-0.00037688	-0.29968295	-0.00060948
20.38	0.03067459	0.00022160	-0.08274958	-0.00071341	-0.30093122	-0.00047912
20.39	0.03005984	0.00026948	-0.08256734	0.00060918	-0.30158195	-0.00027332
20.40	0.02966207	-0.00003643	-0.08291739	-0.00004042	-0.30047851	-0.00126371
20.41	0.02926791	0.00020251	-0.08305818	-0.00176913	-0.30088913	-0.00044792
20.42	0.02859384	0.00009841	-0.08312423	-0.00116875	-0.30037335	-0.00050308
20.43	0.02826167	-0.00009916	-0.08336485	-0.00119011	-0.30065092	0.00060271
20.44	0.02763037	0.00014085	-0.08327519	-0.00065988	-0.30126375	0.00100775
20.45	0.02742092	-0.00005789	-0.08376196	0.00023346	-0.29986692	0.00107149
20.46	0.02687264	-0.00004535	-0.08389766	-0.00070619	-0.30076129	-0.00019538
20.47	0.02643477	-0.00013478	-0.08423324	-0.00006044	-0.30053532	0.00088632
20.48	0.02609932	0.00021429	-0.08416065	-0.00080455	-0.30053429	-0.00046989
20.49	0.02541952	-0.00029003	-0.08418036	0.00022696	-0.30038164	-0.00048204
20.50	0.02512696	-0.00012116	-0.08409625	0.00036179	-0.30133881	-0.00007480
20.51	0.02427078	0.00025520	-0.08466791	-0.00000282	-0.30040389	0.00036913
20.52	0.02377330	-0.00000683	-0.08442273	-0.00021171	-0.30011808	0.00004623
20.53	0.02335221	0.00019401	-0.08458483	0.00065019	-0.29978618	0.00027801
20.54	0.02298324	0.00023108	-0.08477789	0.00025761	-0.30049432	-0.00067547
20.55	0.02220688	0.00018342	-0.08516243	-0.00048963	-0.30087236	-0.00051305
20.56	0.02176719	0.00016230	-0.08517261	-0.00023192	-0.30025044	-0.00056374
20.57	0.02113463	0.00015596	-0.08489771	-0.00021344	-0.29978543	-0.00058724
20.58	0.02052037	-0.00008760	-0.08554134	-0.00070739	-0.30032062	-0.00039333
20.59	0.02001248	0.00019763	-0.08568227	-0.00006069	-0.29985970	0.00013790
20.60	0.01980731	-0.00010983	-0.08566865	-0.00036172	-0.29932416	-0.00038092
20.61	0.01896204	-0.00002357	-0.08538315	-0.00025551	-0.29998958	0.00017089
20.62	0.01884616	0.00013795	-0.08580349	0.00022906	-0.29888082	-0.00088041
20.63	0.01823621	0.00034761	-0.08588007	0.00004215	-0.29942128	0.00028578
20.64	0.01808068	0.00005239	-0.08582939	0.00046299	-0.29984963	-0.00052633
20.65	0.01721128	-0.00010414	-0.08601255	0.00016060	-0.29962199	0.00018942
20.66	0.01646556	0.00022239	-0.08605927	0.00101815	-0.30058898	-0.00013748
20.67	0.01619631	0.00013125	-0.08628912	0.00195351	-0.29954259	-0.00011848
20.68	0.01618052	0.00014090	-0.08654415	0.00040013	-0.29949335	-0.00009225
20.69	0.01505531	0.00008221	-0.08629714	0.00106113	-0.30023350	-0.00089895
20.70	0.01450548	0.00027341	-0.08654130	-0.00005363	-0.30078095	-0.00043738
20.71	0.01409979	0.00009810	-0.08666362	0.00081570	-0.30049037	0.00004488
20.72	0.01363983	0.00007811	-0.08655471	0.00041294	-0.29992623	-0.00027758
20.73	0.01315008	0.00018359	-0.08660713	-0.00026492	-0.29991945	0.00108770
20.74	0.01286554	0.00023822	-0.08692911	0.00060451	-0.29899257	0.00058248
20.75	0.01234178	-0.00002188	-0.08676146	-0.00070128	-0.29999683	0.00033191
20.76	0.01165159	-0.00001023	-0.08686428	0.00075606	-0.29935340	-0.00097059
20.77	0.01117271	0.00004757	-0.08695854	0.00002708	-0.29943428	-0.00037776
20.78	0.01052374	-0.00007895	-0.08714075	0.00032139	-0.30021065	0.00029819
20.79	0.01008951	0.00008809	-0.08718191	0.00054873	-0.30002767	0.00074690
20.80	0.00972675	0.00031272	-0.08705737	0.00032109	-0.29905031	0.00000114
20.81	0.00914677	0.00005471	-0.08709162	0.00024050	-0.29902916	0.00042984
20.82	0.00868378	0.00011722	-0.08718609	0.00146763	-0.29912962	0.00013609
20.83	0.00837474	-0.00005271	-0.08723187	0.00118987	-0.29911851	-0.00040517
20.84	0.00781407	0.00001665	-0.08724541	0.00168671	-0.29877280	0.00090673
20.85	0.00729805	0.00026493	-0.08748248	0.00081236	-0.29934885	0.00011019
20.86	0.00638445	0.00010571	-0.08745570	0.00076061	-0.30011160	-0.00027441
20.87	0.00567503	-0.00004882	-0.08749822	0.00064222	-0.30037322	0.00063553
20.88	0.00553181	-0.00007518	-0.08748750	0.00130665	-0.29994511	0.00021419
20.89	0.00516613	-0.00006579	-0.08747079	0.00067229	-0.29974960	0.00021153
20.90	0.00439935	0.00005308	-0.08758807	0.00150693	-0.29938992	0.00053916
20.91	0.00398098	-0.00016291	-0.08747686	0.00064930	-0.29976774	-0.00005085
20.92	0.00374420	0.00010408	-0.08748711	-0.00016976	-0.29981983	0.00090401
20.93	0.00298293	0.00007317	-0.08747380	-0.00010277	-0.30004399	0.00100569
20.94	0.00249554	0.00001980	-0.08727601	0.00102635	-0.29916618	0.00019370
20.95	0.00176738	0.00000890	-0.08776439	0.00020578	-0.29978350	-0.00000467
20.96	0.00137831	-0.00021918	-0.08764616	-0.00007331	-0.29849505	-0.00050884
20.97	0.00073514	0.00002993	-0.08798035	-0.00144867	-0.29921740	-0.00047297
20.98	0.00033459	0.00006857	-0.08774741	-0.00017247	-0.30036383	0.00031069
20.99	0.00000489	-0.00033595	-0.08757575	0.00106312	-0.30067831	0.00067750
21.00	-0.00012872	-0.03096959	-0.09772944	-0.00093122	0.00048108	-0.90016786
21.01	-0.00001262	-0.03096543	-0.09811992	0.00004464	0.00047204	-0.90019313
21.02	0.00018281	-0.03098110	-0.09795499	0.00069324	0.00077871	-0.90023559
21.03	-0.00028191	-0.03106892	-0.09774010	0.00144691	0.00068767	-0.90006254
21.04	0.00029710	-0.03066543	-0.09766564	0.00040476	0.00045583	-0.90011024
21.05	-0.00009008	-0.03102053	-0.09804219	0.00064347	-0.00018338	-0.90065065
21.06	-0.00029144	-0.03094570	-0.09783049	0.00038060	0.00009625	-0.89979625
21.07	-0.00004083	-0.03068051	-0.09791282	0.00067530	0.00012859	-0.89963356
21.08	0.00004255	-0.03085020	-0.09763527	0.00015297	-0.00011575	-0.89953099
21.09	-0.00032037	-0.03089825	-0.09775770	0.00066685	-0.00007836	-0.89971366
21.10	-0.00009185	-0.03094968	-0.09784502	-0.00003969	0.00101216	-0.90019683
21.11	-0.00016456	-0.03101997	-0.09791428	0.00095290	0.00142625	-0.90043908
21.12	-0.00023331	-0.03085494	-0.09811264	0.00082757	0.00017963	-0.90014862
21.13	-0.00004806	-0.03078553	-0.09815556	-0.00017906	0.00098420	-0.89956207
21.14	-0.00008180	-0.03101055	-0.09807492	0.00138602	0.00094909	-0.89953780
21.15	-0.00014758	-0.03090357	-0.09807435	0.00015237	0.00018169	-0.89893080
21.16	-0.00021511	-0.03078197	-0.09772803	-0.00023988	0.00023175	-0.90053521
21.17	-0.00006470	-0.03085687	-0.09795688	-0.00026703	0.00060659	-0.90093351
21.18	-0.00017497	-0.03067552	-0.09787900	0.00096472	-0.00123081	-0.90134825
21.19	-0.00001532	-0.03081110	-0.09790205	0.00098860	-0.00132857	-0.90090725
21.20	-0.00021358	-0.03065258	-0.09797520	0.00057508	-0.00075178	-0.90152517
21.21	0.00002245	-0.03060484	-0.09819616	0.00023040	0.00031840	-0.90111051
21.22	0.00011667	-0.03070993	-0.09788494	0.00081364	0.00002973	-0.90094562
21.23	0.00004493	-0.03042181	-0.09825407	0.00116798	0.00099678	-0.90139414
21.24	0.00035096	-0.03091715	-0.09792147	0.00139575	0.00007310	-0.90057600
21.25	0.00001749	-0.03094997	-0.09792899	0.00196146	-0.00006031	-0.90093495
21.26	-0.00004305	-0.03089432	-0.09782040	0.00124037	0.00099598	-0.90126657
21.27	0.00014362	-0.03074309	-0.09791494	0.00139671	0.00165531	-0.89999598
21.28	0.00017787	-0.03092270	-0.09798144	0.00111201	0.00153479	-0.90054908
21.29	-0.00022780	-0.03117993	-0.09789011	0.00081116	0.00005466	-0.90147908
21.30	-0.00003043	-0.03079570	-0.09798774	0.00198702	0.00114027	-0.90065320
21.31	-0.00001367	-0.03104462	-0.09798628	0.00100417	-0.00032344	-0.90071094
21.32	-0.00000604	-0.03120242	-0.09768300	0.00008688	-0.00025575	-0.90017623
21.33	-0.00029106	-0.03076466	-0.09775541	0.00126742	0.00074917	-0.90069357
21.34	0.00005089	-0.03100463	-0.09788211	0.00059316	-0.00046604	-0.89974097
21.35	-0.00000085	-0.03102768	-0.09800249	0.00158090	0.00018637	-0.90098588
21.36	-0.00002520	-0.03088640	-0.09798031	0.00134256	0.00024172	-0.90006925
21.37	-0.00001997	-0.03096075	-0.09785426	0.00088930	-0.00063084	-0.90044134
21.38	-0.00038063	-0.03082992	-0.09782575	0.00147560	-0.00038292	-0.90037401
21.39	-0.00004015	-0.03056870	-0.09774460	0.00092503	0.00055326	-0.89917798
21.40	-0.00011472	-0.03093023	-0.09817808	0.00096817	0.00009421	-0.89922111
21.41	0.00011514	-0.03094087	-0.09799026	0.00119847	-0.00125194	-0.89977230
21.42	0.00026494	-0.03066866	-0.09814138	0.00132357	-0.00152374	-0.90010645
21.43	-0.00005631	-0.03088799	-0.09820848	0.00024340	-0.00074234	-0.89962664
21.44	0.00008762	-0.03071037	-0.09807632	0.00058467	-0.00180456	-0.90021496
21.45	0.00002363	-0.03033797	-0.09783231	0.00079482	-0.00099617	-0.90059830
21.46	-0.00015696	-0.03045322	-0.09794205	0.00056090	-0.00164510	-0.90088592
21.47	0.00014537	-0.03077627	-0.09821473	0.00038256	-0.00064455	-0.90083006
21.48	-0.00000596	-0.03089280	-0.09805004	0.00126305	-0.00073589	-0.90091764
21.49	-0.00002649	-0.03056152	-0.09808064	0.00056012	-0.00108058	-0.90089123
21.50	-0.00006317	-0.03073898	-0.09809447	0.00083088	-0.00129004	-0.90054737
21.51	-0.00006704	-0.03046843	-0.09793831	0.00108325	-0.00091919	-0.90040157
21.52	-0.00003299	-0.03078368	-0.09780654	0.00164676	-0.00083705	-0.89989101
21.53	-0.00018172	-0.03078442	-0.09795857	0.00103630	0.00001912	-0.90051877
21.54	-0.00016728	-0.03053242	-0.09817545	0.00049751	-0.00003785	-0.90037732
21.55	-0.00012221	-0.03033027	-0.09778745	0.00116823	-0.00011364	-0.90075273
21.56	-0.00020174	-0.03047496	-0.09772067	0.00071407	-0.00029994	-0.90006319
21.57	-0.00004911	-0.03047019	-0.09790848	0.00087773	0.00039233	-0.89885909
21.58	0.00007510	-0.03049082	-0.09783416	0.00117052	-0.00164719	-0.89996602
21.59	-0.00011904	-0.03058662	-0.09798331	0.00136616	0.00021249	-0.90037955
21.60	-0.00014955	-0.03085353	-0.09788898	0.00150617	-0.00001794	-0.90016915
21.61	0.00005511	-0.03080157	-0.09783635	0.00168051	0.00023293	-0.90077330
21.62	0.00026253	-0.03086782	-0.09808430	0.00049857	0.00010354	-0.90023541
21.63	-0.00008462	-0.03092643	-0.09798526	0.00029871	-0.00004914	-0.90105109
21.64	0.00017323	-0.03074033	-0.09791518	-0.00019224	-0.00018325	-0.90033777
21.65	-0.00011262	-0.03054994	-0.09819165	0.00041361	-0.00062761	-0.90068828
21.66	-0.00000566	-0.03059588	-0.09780269	0.00155343	-0.00164442	-0.89911291
21.67	0.00002284	-0.03047570	-0.09779688	0.00118568	-0.00056745	-0.89925079
21.68	0.00003669	-0.03082448	-0.09797440	0.00048583	-0.00084822	-0.89968637
21.69	0.00001570	-0.03064538	-0.09800970	-0.00026220	-0.00047142	-0.89998206
21.70	-0.00007383	-0.03070089	-0.09791232	-0.00055918	-0.00083952	-0.89934280
21.71	0.00016537	-0.03042266	-0.09805710	0.00040628	0.00073625	-0.89931899
21.72	0.00021979	-0.03073498	-0.09780422	-0.00011551	0.00039879	-0.89887521
21.73	0.00013116	-0.03063183	-0.09784069	0.00036631	-0.00135536	-0.89915691
21.74	0.00013916	-0.03063796	-0.09823516	0.00008387	-0.00051058	-0.89964302
21.75	0.00008325	-0.03085107	-0.09789860	0.00035762	-0.00122693	-0.89991696
21.76	0.00000979	-0.03016513	-0.09795556	-0.00027474	-0.00050317	-0.90062765
21.77	0.00014449	-0.03038218	-0.09789627	0.00024168	-0.00064815	-0.89978601
21.78	-0.00017964	-0.03087084	-0.09774835	0.00076429	-0.00007714	-0.89987538
21.79	0.00007887	-0.03111158	-0.09781120	0.00024851	-0.00012212	-0.89932220
21.80	0.00000296	-0.03073611	-0.09792018	-0.00042197	-0.00172687	-0.89988411
21.81	-0.00016770	-0.03082882	-0.09786400	-0.00036744	-0.00138003	-0.89807122
21.82	-0.00026306	-0.03060353	-0.09792185	-0.00022800	-0.00095528	-0.90017624
21.83	0.00023921	-0.03058181	-0.09783886	0.00036072	-0.00070754	-0.89931407
21.84	0.00001677	-0.03084091	-0.09780249	0.00092149	-0.00058992	-0.89859347
21.85	-0.00017941	-0.03091678	-0.09797275	0.00026323	-0.00093743	-0.89907968
21.86	0.00011546	-0.03066367	-0.09789155	0.00023697	-0.00138382	-0.89890285
21.87	0.00002062	-0.03065738	-0.09796602	0.00088440	-0.00116419	-0.89942792
21.88	-0.00002076	-0.03061760	-0.09808494	0.00035900	-0.00113903	-0.89887575
21.89	0.00031055	-0.03081675	-0.09821527	0.00009518	-0.00032892	-0.89904390
21.90	-0.00013278	-0.03084019	-0.09782721	0.00103223	0.00022053	-0.90001462
21.91	0.00005455	-0.03064198	-0.09806647	-0.00053726	-0.00047940	-0.90035602
21.92	-0.00026443	-0.03052507	-0.09802160	-0.00073578	-0.00056610	-0.89963313
21.93	-0.00005697	-0.03083128	-0.09789971	-0.00068903	-0.00051033	-0.89887885
21.94	0.00000865	-0.03074357	-0.09799509	0.00111643	-0.00037756	-0.89903685
21.95	-0.00000827	-0.03065031	-0.09804678	0.00078454	-0.00087078	-0.89977399
21.96	0.00054350	-0.03081641	-0.09802251	0.00050217	-0.00180264	-0.89960013
21.97	-0.00009554	-0.03055828	-0.09787878	-0.00087583	-0.00021649	-0.90012876
21.98	0.00035398	-0.03084884	-0.09777462	-0.00012449	-0.00089159	-0.89974150
21.99	0.00019330	-0.03062943	-0.09795686	-0.00029220	-0.00012856	-0.89975638
22.00	0.00006974	0.00022379	-0.09792226	-0.00041332	-0.00040606	0.00099438
22.01	-0.00015704	0.00021753	-0.09803429	-0.00073727	-0.00060727	0.00003906
22.02	0.00006625	0.00013308	-0.09819788	0.00040713	-0.00153274	0.00057289
22.03	0.00004078	0.00013774	-0.09801535	-0.00002108	-0.00064814	-0.00059038
22.04	-0.00005107	-0.00016457	-0.09796266	0.00072316	-0.00110802	-0.00071453
22.05	0.00015909	0.00018055	-0.09790480	-0.00090309	-0.00070360	-0.00047839
22.06	0.00017803	0.00013189	-0.09779617	-0.00024014	-0.00048333	-0.00055117
22.07	0.00009179	0.00020245	-0.09824437	0.00013661	0.00063638	0.00021451
22.08	0.00008785	0.00014527	-0.09809011	0.00097040	-0.00070628	0.00023913
22.09	0.00021141	0.00013759	-0.09805955	0.00065158	0.00029222	-0.00126481
22.10	0.00014403	0.00021817	-0.09804182	0.00009478	-0.00046043	-0.00008344
22.11	-0.00017204	-0.00023876	-0.09799135	0.00067008	-0.00020779	-0.00040206
22.12	-0.00004727	-0.00004370	-0.09794298	0.00002536	0.00021836	-0.00097984
22.13	-0.00003827	-0.00001337	-0.09785086	-0.00047984	-0.00065939	0.00082393
22.14	0.00017886	0.00003081	-0.09790421	-0.00082840	-0.00084730	0.00098792
22.15	0.00004423	-0.00008970	-0.09804290	-0.00017188	-0.00073552	0.00085483
22.16	0.00033698	-0.00016708	-0.09794845	-0.00218037	-0.00114188	-0.00041212
22.17	-0.00014993	0.00009395	-0.09790464	-0.00111893	-0.00057480	-0.00038584
22.18	-0.00014946	0.00006954	-0.09797068	-0.00111777	-0.00010845	-0.00005609
22.19	0.00029606	-0.00012062	-0.09803283	-0.00067117	-0.00053903	0.00078127
22.20	-0.00010526	-0.00014394	-0.09803775	0.00013926	-0.00058039	0.00049928
22.21	-0.00000724	0.00018663	-0.09798762	-0.00081622	-0.00037413	0.00056238
22.22	-0.00024951	0.00023161	-0.09792520	-0.00024205	-0.00045500	0.00017596
22.23	-0.00020877	0.00021852	-0.09799166	-0.00159514	-0.00067096	-0.00062021
22.24	-0.00012122	-0.00010545	-0.09794073	-0.00096213	-0.00097011	-0.00059921
22.25	-0.00018194	0.00004721	-0.09797515	-0.00038466	-0.00124791	-0.00031487
22.26	-0.00013584	0.00007464	-0.09793303	0.00020300	0.00012137	-0.00009524
22.27	-0.00001491	-0.00007041	-0.09778391	-0.00104203	-0.00075938	0.00029597
22.28	-0.00007469	-0.00006020	-0.09774768	-0.00043030	-0.00064373	-0.00019744
22.29	0.00000801	-0.00026184	-0.09783753	-0.00062028	-0.00037960	0.00022248
22.30	0.00018096	-0.00006773	-0.09812490	-0.00068248	-0.00054800	0.00083935
22.31	-0.00004138	-0.00006132	-0.09810308	-0.00049838	-0.00071844	0.00031483
22.32	0.00011126	-0.00044401	-0.09778152	-0.00093598	-0.00038889	-0.00002671
22.33	0.00026276	-0.00006807	-0.09782015	-0.00033663	-0.00126901	0.00024850
22.34	-0.00024066	-0.00012441	-0.09798203	-0.00052827	-0.00160447	-0.00147638
22.35	0.00000809	-0.00024458	-0.09783565	-0.00000069	-0.00064342	-0.00025543
22.36	0.00001415	-0.00005689	-0.09791466	-0.00015831	-0.00062022	-0.00054188
22.37	-0.00003857	0.00012942	-0.09800030	-0.00079185	0.00044320	0.00028859
22.38	-0.00008894	0.00017394	-0.09817860	-0.00021450	0.00006162	0.00013591
22.39	-0.00011790	-0.00010245	-0.09803948	-0.00036416	-0.00159671	0.00010478
22.40	0.00012881	-0.00013033	-0.09767156	-0.00039945	-0.00035145	-0.00008070
22.41	0.00011767	-0.00030051	-0.09773591	-0.00084688	-0.00076053	0.00015570
22.42	0.00024752	0.00000760	-0.09767197	-0.00095014	-0.00096095	0.00136321
22.43	0.00005584	-0.00046975	-0.09795716	0.00050922	0.00008991	0.00016279
22.44	0.00008970	-0.00037623	-0.09770080	0.00040416	-0.00086249	0.00045708
22.45	-0.00019276	-0.00007825	-0.09771346	-0.00028960	0.00051900	0.00043965
22.46	-0.00013181	-0.00015119	-0.09790643	-0.00038995	0.00057073	0.00109098
22.47	0.00026190	0.00006463	-0.09786491	-0.00056756	0.00050369	0.00070455
22.48	0.00008925	-0.00017846	-0.09803880	-0.00090040	-0.00000332	-0.00017621
22.49	0.00011822	-0.00020908	-0.09811846	0.00000336	-0.00016244	-0.00038320
22.50	0.00034081	-0.00022200	-0.09792117	-0.00016313	0.00096066	0.00048559
22.51	0.00000510	-0.00026346	-0.09819530	-0.00082842	0.00117507	-0.00031334
22.52	-0.00021404	-0.00036590	-0.09803271	0.00038945	0.00089783	0.00014256
22.53	0.00004749	-0.00001617	-0.09793366	-0.00002482	0.00011381	-0.00061802
22.54	0.00018700	-0.00015209	-0.09819838	-0.00093579	0.00027548	0.00030781
22.55	0.00020546	0.00005025	-0.09817058	0.00003229	0.00060955	-0.00021709
22.56	0.00005654	-0.00003461	-0.09819295	-0.00102594	0.00023310	0.00017202
22.57	-0.00018497	0.00008231	-0.09802948	-0.00043527	0.00043413	0.00073350
22.58	-0.00001789	0.00020791	-0.09810169	-0.00075658	0.00058850	-0.00052233
22.59	-0.00019956	0.00002633	-0.09841908	0.00072749	0.00064315	-0.00001682
22.60	-0.00038959	0.00010653	-0.09843967	-0.00030980	0.00088840	-0.00067783
22.61	-0.00027878	0.00008195	-0.09824656	-0.00008137	-0.00021202	-0.00016576
22.62	-0.00001093	0.00020174	-0.09792117	0.00014845	0.00085479	0.00001657
22.63	-0.00009502	0.00031696	-0.09791152	0.00028763	-0.00064058	-0.00012493
22.64	-0.00000909	-0.00010698	-0.09782876	-0.00035849	0.00038717	-0.00015905
22.65	0.00001565	-0.00003711	-0.09797365	0.00001228	0.00107136	0.00064267
22.66	-0.00016252	-0.00011050	-0.09807323	0.00056894	0.00024285	-0.00032877
22.67	-0.00020988	-0.00027693	-0.09811787	-0.00071818	-0.00051307	0.00020611
22.68	-0.00013742	-0.00004780	-0.09782218	0.00002373	0.00014216	0.00000937
22.69	-0.00031740	-0.00011847	-0.09787387	0.00054300	-0.00065706	-0.00047824
22.70	-0.00002778	0.00020063	-0.09777179	0.00095390	0.00073019	-0.00113632
22.71	-0.00019505	-0.00051551	-0.09788767	0.00023378	0.00056816	0.00011966
22.72	-0.00024117	-0.00009650	-0.09787094	-0.00011947	-0.00032203	0.00010443
22.73	0.00021705	-0.00000032	-0.09785117	-0.00000647	-0.00027005	0.00046371
22.74	-0.00002120	-0.00010671	-0.09784108	-0.00056569	0.00085771	0.00139757
22.75	-0.00018115	-0.00010452	-0.09780744	-0.00058140	0.00091200	0.00056907
22.76	-0.00008395	-0.00012041	-0.09796752	-0.00031629	0.00043664	0.00084251
22.77	0.00015383	0.00003132	-0.09797720	0.00015233	-0.00043739	0.00177490
22.78	-0.00006818	0.00006236	-0.09791435	0.00066214	-0.00011855	0.00154361
22.79	0.00011214	-0.00018418	-0.09781243	0.00030308	-0.00016351	0.00120616
22.80	0.00007819	-0.00031307	-0.09779017	0.00076846	-0.00031280	0.00107187
22.81	-0.00015501	-0.00015481	-0.09763811	0.00047929	-0.00019743	0.00035737
22.82	-0.00015521	-0.00054613	-0.09795521	0.00021444	0.00007750	0.00179584
22.83	0.00005688	-0.00027500	-0.09811721	0.00072278	0.00011003	0.00087219
22.84	0.00018635	-0.00021407	-0.09771383	0.00031970	0.00006843	0.00085276
22.85	-0.00004853	-0.00042294	-0.09804003	0.00083857	-0.00033964	0.00205709
22.86	-0.00003379	-0.00033918	-0.09829835	-0.00069666	-0.00004334	0.00037665
22.87	0.00015149	-0.00021543	-0.09783629	-0.00023934	-0.00069615	0.00107959
22.88	-0.00017844	-0.00020220	-0.09810509	-0.00063464	-0.00060112	0.00072280
22.89	0.00000209	-0.00027984	-0.09806225	-0.00028912	-0.00022849	0.00070834
22.90	-0.00008899	-0.00018737	-0.09805113	0.00022393	-0.00116270	-0.00045547
22.91	-0.00016363	-0.00028535	-0.09802435	-0.00029951	-0.00005330	0.00141432
22.92	0.00006323	-0.00022654	-0.09808405	-0.00005926	-0.00020752	-0.00034524
22.93	0.00000831	-0.00030597	-0.09843184	-0.00054555	-0.00049374	0.00115064
22.94	0.00007611	-0.00023738	-0.09813571	-0.00022906	0.00063850	-0.00037212
22.95	0.00042605	-0.00016099	-0.09808704	0.00052976	0.00045705	-0.00019896
22.96	0.00012707	0.00032901	-0.09804065	-0.00061881	0.00023764	-0.00105628
22.97	0.00002926	-0.00035030	-0.09828131	-0.00094616	0.00101690	-0.00066562
22.98	-0.00004235	-0.00021501	-0.09794706	-0.00000206	0.00050905	-0.00074779
22.99	0.00017823	-0.00033833	-0.09796038	-0.00071800	0.00028859	-0.00000678
23.00	-0.00012439	-0.00013176	-0.09811938	0.00022748	0.00178992	0.00095541
23.01	-0.00000853	0.00015253	-0.09792426	-0.00011743	0.00097163	0.00112608
23.02	-0.00021636	-0.00010051	-0.09826965	0.00018137	0.00100732	0.00099338
23.03	0.00008452	-0.00027607	-0.09809787	0.00077253	0.00202964	0.00117009
23.04	-0.00019081	0.00005832	-0.09811141	-0.00009038	0.00072307	-0.00008101
23.05	-0.00017381	-0.00023670	-0.09819015	0.00091911	0.00101110	0.00049719
23.06	0.00007977	-0.00008034	-0.09811695	0.00027050	0.00180496	-0.00042609
23.07	-0.00012103	0.00010377	-0.09799558	0.00026869	0.00151198	0.00078214
23.08	0.00001635	-0.00003054	-0.09800570	-0.00048826	-0.00029558	0.00000868
23.09	-0.00016022	-0.00011558	-0.09806232	-0.00186433	0.00083908	0.00036356
23.10	-0.00000040	-0.00003120	-0.09793173	-0.00062540	0.00070120	0.00045925
23.11	-0.00020777	-0.00019508	-0.09807640	-0.00002008	0.00148294	0.00023558
23.12	-0.00010046	-0.00039824	-0.09816382	-0.00040303	0.00027876	0.00013638
23.13	0.00001943	-0.00029414	-0.09790666	-0.00004452	0.00043633	0.00008859
23.14	-0.00004744	-0.00021004	-0.09792045	0.00088866	-0.00022010	0.00025087
23.15	-0.00034955	0.00002512	-0.09807649	0.00052095	0.00034698	0.00053619
23.16	0.00010782	0.00012684	-0.09810625	0.00030584	0.00045378	0.00073353
23.17	0.00000074	0.00003692	-0.09813989	0.00134933	-0.00016586	0.00003772
23.18	-0.00007639	-0.00020818	-0.09822187	0.00047704	0.00078610	0.00036586
23.19	-0.00035994	0.00014550	-0.09785742	0.00050540	0.00092116	-0.00014535
23.20	-0.00008280	-0.00026067	-0.09794387	0.00002471	-0.00090630	-0.00014181
23.21	0.00005978	-0.00005359	-0.09810499	0.00067925	0.00039128	-0.00013481
23.22	-0.00017310	0.00018853	-0.09793557	-0.00028595	-0.00091429	-0.00090173
23.23	0.00001861	-0.00021073	-0.09799946	0.00059106	-0.00039359	0.00015958
23.24	0.00000618	-0.00008964	-0.09786451	0.00053872	-0.00027634	-0.00022777
23.25	-0.00033054	-0.00039009	-0.09808659	0.00057061	-0.00052605	0.00002821
23.26	0.00013215	-0.00023787	-0.09840976	-0.00003876	-0.00030867	0.00005839
23.27	-0.00012589	-0.00012437	-0.09816075	-0.00027252	-0.00089476	0.00072349
23.28	-0.00004845	-0.00008765	-0.09813477	0.00023359	-0.00015684	0.00104576
23.29	-0.00047542	-0.00019476	-0.09815033	0.00062104	-0.00067299	0.00079419
23.30	0.00004953	-0.00049899	-0.09813935	0.00019318	-0.00124005	0.00112825
23.31	-0.00006337	-0.00023794	-0.09799807	0.00054452	-0.00002678	0.00104322
23.32	-0.00010395	-0.00043904	-0.09817120	-0.00074499	-0.00070414	0.00060650
23.33	-0.00008191	-0.00003255	-0.09809227	-0.00109593	-0.00006754	0.00079962
23.34	-0.00023162	0.00002697	-0.09798605	-0.00038189	0.00095673	0.00029483
23.35	-0.00000721	0.00010021	-0.09778704	0.00008084	-0.00074822	-0.00054454
23.36	0.00011505	-0.00020431	-0.09795291	-0.00092054	0.00038294	0.00108484
23.37	-0.00014106	-0.00004304	-0.09790443	-0.00034338	-0.00007389	0.00073493
23.38	0.00001852	-0.00014977	-0.09824341	0.00037794	0.00020683	0.00126198
23.39	-0.00038616	-0.00014472	-0.09796730	-0.00016855	0.00001766	0.00077100
23.40	0.00023643	-0.00042857	-0.09808186	-0.00012038	0.00025756	0.00099929
23.41	0.00004611	0.00013701	-0.09786442	0.00013032	-0.00033149	0.00128131
23.42	0.00027814	-0.00026372	-0.09775029	-0.00019977	-0.00028094	0.00038118
23.43	0.00017064	-0.00031760	-0.09806673	-0.00057554	0.00114589	0.00099953
23.44	-0.00021250	-0.00006089	-0.09792432	0.00006466	0.00152421	0.00066154
23.45	-0.00017215	-0.00014636	-0.09818001	0.00029460	-0.00073992	0.00040293
23.46	0.00016282	0.00000039	-0.09809552	0.00104590	0.00129860	0.00017985
23.47	-0.00030866	-0.00015774	-0.09777103	0.00048165	0.00080955	0.00014003
23.48	-0.00017007	-0.00007483	-0.09779404	0.00110429	0.00005070	-0.00028952
23.49	-0.00016611	-0.00026777	-0.09752881	0.00001325	0.00001274	0.00028932
23.50	-0.00012924	-0.00027532	-0.09784912	0.00087249	0.00008486	0.00041332
23.51	-0.00005910	-0.00006761	-0.09769900	0.00031928	-0.00051632	0.00029682
23.52	-0.00000483	-0.00057323	-0.09796973	0.00112165	-0.00032865	0.00066771
23.53	0.00012628	-0.00029869	-0.09813456	-0.00026499	-0.00032735	0.00065676
23.54	-0.00014592	-0.00026094	-0.09750171	0.00044843	0.00002506	0.00104365
23.55	-0.00009459	-0.00041469	-0.09800253	-0.00011609	0.00058737	0.00086808
23.56	-0.00011388	-0.00056813	-0.09820882	-0.00075206	0.00016419	0.00089105
23.57	0.00014528	-0.00027275	-0.09801446	0.00112047	-0.00052185	0.00059537
23.58	-0.00036140	-0.00019069	-0.09802406	0.00077093	-0.00051662	-0.00025901
23.59	-0.00038274	-0.00015029	-0.09811246	0.00090307	-0.00015744	0.00030390
23.60	-0.00008072	-0.00053382	-0.09786115	0.00098185	0.00020326	0.00138565
23.61	-0.00032675	-0.00001598	-0.09816912	0.00123266	0.00061301	0.00122095
23.62	-0.00003646	-0.00013445	-0.09810669	0.00145905	0.00019139	0.00121710
23.63	-0.00018973	-0.00018169	-0.09793323	0.00053969	0.00048002	0.00102636
23.64	-0.00009074	-0.00030435	-0.09788589	0.00075230	0.00083094	0.00114432
23.65	0.00017690	-0.00040840	-0.09764635	-0.00052955	0.00023639	0.00019169
23.66	-0.00007909	-0.00034224	-0.09778491	0.00039936	0.00104856	0.00077428
23.67	-0.00029414	-0.00032814	-0.09758032	0.00028692	0.00111470	-0.00016543
23.68	-0.00002518	-0.00009573	-0.09789524	0.00044991	0.00044198	-0.00019063
23.69	-0.00035017	-0.00016811	-0.09788541	-0.00013274	-0.00015467	-0.00017705
23.70	0.00009437	0.00005865	-0.09793033	-0.00033931	-0.00090266	-0.00017316
23.71	0.00011720	-0.00014755	-0.09822493	-0.00043062	-0.00084915	0.00068027
23.72	0.00023112	-0.00009129	-0.09812218	0.00017619	0.00003056	0.00079768
23.73	0.00012390	-0.00030943	-0.09789601	0.00006681	0.00065416	0.00081302
23.74	-0.00007943	-0.00026746	-0.09805426	0.00028116	0.00023118	0.00037933
23.75	0.00020666	-0.00028140	-0.09792490	-0.00041539	-0.00036286	0.00105528
23.76	0.00014735	-0.00021628	-0.09789425	-0.00045988	-0.00014724	0.00104444
23.77	0.00011856	-0.00035997	-0.09786916	0.00013406	-0.00053705	0.00071518
23.78	-0.00037471	-0.00018448	-0.09794614	-0.00158600	-0.00173318	0.00033320
23.79	0.00004640	-0.00021860	-0.09822871	0.00012426	-0.00080643	0.00007008
23.80	-0.00032779	-0.00012680	-0.09792884	-0.00000670	-0.00033175	-0.00038996
23.81	-0.00030937	-0.00019258	-0.09804691	0.00054439	0.00011409	0.00051693
23.82	-0.00042901	-0.00024779	-0.09816911	0.00082749	0.00001775	0.00080081
23.83	0.00006352	-0.00043954	-0.09808733	0.00122383	-0.00070624	0.00056755
23.84	-0.00014502	0.00007484	-0.09796096	-0.00076681	-0.00012862	0.00123205
23.85	0.00026259	-0.00006799	-0.09779915	0.00033571	-0.00057528	0.00079109
23.86	0.00003991	0.00002330	-0.09793722	-0.00020888	-0.00061591	0.00018712
23.87	0.00018987	0.00008194	-0.09784198	-0.00016774	-0.00052000	0.00119302
23.88	0.00006162	-0.00037502	-0.09793068	0.00022098	-0.00142704	0.00026705
23.89	0.00016484	-0.00015816	-0.09788823	0.00048228	-0.00099881	0.00065994
23.90	0.00022582	-0.00010600	-0.09789376	0.00070363	0.00006340	0.00087461
23.91	0.00040313	-0.00001543	-0.09768887	0.00032497	-0.00054469	0.00055679
23.92	0.00019373	-0.00010682	-0.09763185	0.00048305	-0.00070785	0.00112883
23.93	-0.00006711	0.00017332	-0.09802824	0.00041343	0.00006931	0.00098990
23.94	0.00015916	-0.00018578	-0.09787036	0.00045639	-0.00100492	-0.00016231
23.95	-0.00008795	-0.00007932	-0.09796324	-0.00047057	-0.00130438	0.00047595
23.96	-0.00011137	0.00010394	-0.09770861	0.00069193	0.00000396	0.00044239
23.97	-0.00010410	-0.00001877	-0.09802328	0.00006668	-0.00029179	-0.00008784
23.98	-0.00012421	-0.00006990	-0.09788467	0.00000373	-0.00069332	-0.00058339
23.99	-0.00034626	-0.00004877	-0.09762754	-0.00003728	-0.00032214	0.00117292
24.00	-0.00002652	-0.00037291	-0.09781356	-0.00069337	0.00002595	0.00040896
24.01	-0.00013396	-0.00034936	-0.09799540	-0.00079540	-0.00022835	0.00068351
24.02	-0.00004787	-0.00020731	-0.09775233	-0.00007927	0.00084785	0.00000346
24.03	-0.00027840	-0.00028769	-0.09817562	0.00054038	-0.00135632	0.00103185
24.04	-0.00008012	-0.00017310	-0.09808749	-0.00010741	0.00004544	0.00046642
24.05	0.00000779	-0.00033645	-0.09803508	0.00091271	0.00031410	0.00084178
24.06	0.00026858	-0.00016663	-0.09803111	0.00013895	0.00022949	0.00163550
24.07	-0.00005122	-0.00033351	-0.09800899	-0.00041328	0.00073297	0.00229355
24.08	0.00002803	-0.00025219	-0.09790780	-0.00035395	0.00022235	0.00187519
24.09	-0.00007027	0.00002332	-0.09783294	-0.00082014	-0.00062429	0.00166204
24.10	-0.00023442	-0.00007480	-0.09811331	-0.00054750	-0.00063279	0.00008608
24.11	-0.00002750	-0.00013696	-0.09867530	0.00008036	-0.00218445	0.00027318
24.12	-0.00013730	-0.00010962	-0.09822185	0.00028697	-0.00134864	0.00134728
24.13	0.00000743	-0.00038316	-0.09832196	0.00001997	-0.00136660	0.00186786
24.14	-0.00025381	-0.00008017	-0.09807163	0.00059724	-0.00029761	0.00084378
24.15	0.00015580	-0.00017897	-0.09804771	0.00029097	-0.00014065	0.00021995
24.16	0.00020816	-0.00031253	-0.09794610	-0.00017004	0.00040103	0.00071424
24.17	0.00017121	-0.00024847	-0.09799626	0.00058709	0.00034623	-0.00023457
24.18	0.00001689	-0.00029011	-0.09823545	0.00096261	-0.00034335	0.00029802
24.19	-0.00021158	-0.00031511	-0.09810007	0.00007309	0.00056627	0.00052067
24.20	-0.00009717	-0.00016298	-0.09832008	0.00069287	-0.00055241	0.00043809
24.21	-0.00019862	-0.00020457	-0.09843290	-0.00001570	-0.00037881	0.00038007
24.22	-0.00022773	-0.00002728	-0.09824849	0.00038558	-0.00119685	0.00012455
24.23	-0.00013831	-0.00050215	-0.09815569	-0.00034803	0.00028070	0.00013486
24.24	-0.00024071	-0.00012148	-0.09817816	-0.00060419	0.00033530	0.00011433
24.25	-0.00016459	0.00019888	-0.09787591	-0.00106981	0.00009347	0.00078541
24.26	-0.00040480	-0.00015370	-0.09799859	-0.00133664	-0.00063173	0.00071938
24.27	-0.00005083	-0.00019382	-0.09792770	0.00043640	0.00032464	-0.00010061
24.28	0.00024632	-0.00025263	-0.09811523	-0.00025699	-0.00035998	0.00003468
24.29	0.00014858	-0.00044761	-0.09829051	-0.00057031	0.00005633	0.00012859
24.30	0.00006369	-0.00051256	-0.09819105	0.00024427	-0.00048535	0.00090111
24.31	0.00010650	0.00017554	-0.09821295	-0.00052651	-0.00071178	0.00115682
24.32	0.00011466	-0.00020938	-0.09795659	-0.00003913	0.00125400	0.00097414
24.33	0.00014296	0.00001484	-0.09793910	0.00105580	0.00021341	0.00056555
24.34	0.00014519	-0.00022364	-0.09790856	0.00046818	0.00074854	0.00139766
24.35	-0.00013587	-0.00004054	-0.09795924	0.00060283	0.00073196	0.00094566
24.36	0.00013991	-0.00005764	-0.09820010	-0.00082122	-0.00095204	0.00079491
24.37	0.00015768	-0.00017763	-0.09844890	0.00011798	0.00041567	0.00036158
24.38	-0.00016064	-0.00029685	-0.09851218	0.00019180	0.00050077	-0.00040269
24.39	0.00031200	-0.00014958	-0.09838389	-0.00066063	-0.00013148	0.00074198
24.40	0.00000684	-0.00021842	-0.09824399	0.00013336	-0.00035914	0.00159497
24.41	0.00013598	0.00001802	-0.09818185	-0.00009856	-0.00094901	0.00076054
24.42	0.00005947	0.00017698	-0.09812114	-0.00015439	-0.00028815	0.00023786
24.43	0.00002320	-0.00003502	-0.09813164	-0.00024668	-0.00067520	0.00013506
24.44	-0.00012149	-0.00000342	-0.09801635	-0.00017209	-0.00090101	0.00047434
24.45	0.00007823	0.00022164	-0.09835981	-0.00029090	-0.00028241	-0.00016376
24.46	-0.00011641	-0.00014775	-0.09828514	-0.00073452	-0.00031527	0.00096881
24.47	0.00021949	-0.00001846	-0.09808406	0.00017054	0.00000485	0.00044983
24.48	0.00012751	0.00000460	-0.09809417	0.00060883	0.00056535	0.00133049
24.49	0.00005582	-0.00002187	-0.09768331	0.00195406	0.00054856	0.00086701
24.50	0.00016339	-0.00007133	-0.09790315	0.00005030	-0.00022371	0.00064846
24.51	0.00021955	0.00007001	-0.09790621	0.00085494	0.00070249	-0.00074173
24.52	-0.00005398	-0.00015545	-0.09776708	0.00003357	0.00057418	0.00019730
24.53	-0.00000741	-0.00026550	-0.09767533	0.00011034	0.00043677	-0.00026082
24.54	0.00024915	-0.00020769	-0.09763177	0.00094048	0.00023133	0.00022750
24.55	-0.00000137	-0.00032207	-0.09791477	0.00033748	-0.00048914	0.00153100
24.56	0.00008471	0.00007619	-0.09782231	0.00035225	0.00028329	0.00069353
24.57	0.00040137	-0.00017608	-0.09780340	-0.00058735	0.00028860	0.00032960
24.58	-0.00002014	0.00004717	-0.09783829	-0.00029544	0.00051832	0.00086877
24.59	0.00038107	-0.00026063	-0.09788851	0.00002809	0.00055644	-0.00012530
24.60	0.00010449	-0.00009091	-0.09783931	-0.00047057	0.00130905	0.00033743
24.61	0.00027134	0.00005791	-0.09784083	0.00043430	-0.00034621	0.00133115
24.62	0.00030125	-0.00011068	-0.09797442	0.00046958	-0.00034443	0.00097811
24.63	0.00003916	-0.00014840	-0.09792840	-0.00035849	0.00104938	0.00027998
24.64	0.00011196	0.00008656	-0.09780217	-0.00027548	0.00013644	0.00071986
24.65	0.00024431	-0.00009042	-0.09782196	-0.00028569	-0.00050342	0.00112958
24.66	-0.00012328	-0.00012592	-0.09795050	0.00000301	0.00041844	0.00036604
24.67	0.00012208	-0.00008533	-0.09801398	-0.00004684	-0.00032013	0.00060672
24.68	-0.00004500	-0.00018421	-0.09779587	0.00034880	-0.00108572	0.00058283
24.69	-0.00010309	-0.00019875	-0.09800880	-0.00080016	-0.00101386	0.00096032
24.70	-0.00008261	-0.00013277	-0.09791598	-0.00010202	-0.00076200	0.00037692
24.71	0.00022272	-0.00018673	-0.09804964	-0.00015493	-0.00057805	0.00188145
24.72	-0.00000854	0.00000897	-0.09829774	0.00029426	0.00023220	0.00084895
24.73	-0.00021329	-0.00015808	-0.09791935	0.00026385	-0.00024151	0.00108326
24.74	0.00000634	-0.00004134	-0.09806281	0.00015761	0.00011588	0.00070952
24.75	-0.00008419	-0.00003988	-0.09817843	-0.00134319	0.00069097	0.00068353
24.76	-0.00003108	-0.00042346	-0.09801778	0.00011474	-0.00060255	0.00087372
24.77	0.00031199	-0.00001925	-0.09785281	-0.00065520	-0.00017414	0.00057276
24.78	0.00013903	-0.00037395	-0.09800985	-0.00029901	-0.00071432	0.00036652
24.79	0.00027838	-0.00021710	-0.09809968	-0.00001822	-0.00110602	0.00014225
24.80	-0.00010932	-0.00027716	-0.09803143	-0.00068439	-0.00069898	0.00056198
24.81	0.00002422	-0.00029770	-0.09778956	-0.00077133	-0.00015670	-0.00015142
24.82	-0.00001096	-0.00012036	-0.09786534	-0.00075861	-0.00039831	0.00122647
24.83	0.00024673	-0.00008483	-0.09807474	0.00029295	-0.00037902	-0.00013946
24.84	-0.00019163	-0.00010966	-0.09777907	0.00101224	-0.00030005	0.00103639
24.85	0.00008542	0.00010305	-0.09809896	0.00071595	-0.00131561	0.00092775
24.86	0.00015147	0.00010797	-0.09788984	-0.00060676	-0.00003296	0.00152253
24.87	0.00005442	0.00001137	-0.09795394	-0.00008162	0.00011779	0.00027566
24.88	-0.00015523	0.00000582	-0.09770906	-0.00096308	-0.00015004	0.00012683
24.89	-0.00019257	-0.00014186	-0.09797849	-0.00067257	0.00023362	0.00096576
24.90	-0.00008632	-0.00025256	-0.09775946	-0.00073360	-0.00035780	0.00120699
24.91	-0.00008845	-0.00020331	-0.09781492	-0.00085810	-0.00104457	0.00071051
24.92	-0.00009846	0.00007685	-0.09758543	-0.00103238	-0.00019307	0.00057084
24.93	-0.00032440	-0.00015152	-0.09789132	-0.00016340	-0.00050108	0.00055310
24.94	-0.00058095	-0.00012598	-0.09786896	-0.00082691	-0.00112881	0.00006911
24.95	-0.00028916	0.00008252	-0.09784529	-0.00082108	-0.00086360	0.00074953
24.96	-0.00038802	-0.00008343	-0.09803221	-0.00000527	-0.00079235	0.00055827
24.97	-0.00017198	-0.00005464	-0.09800459	0.00036117	-0.00038833	0.00041602
24.98	0.00000046	-0.00009526	-0.09761468	-0.00041925	-0.00126044	0.00151786
24.99	-0.00044669	-0.00009398	-0.09752046	-0.00034614	-0.00121636	-0.00029395
25.00	-0.00003748	-0.00010337	-0.09759946	-0.00079144	-0.00054375	0.00030494
25.01	-0.00004176	-0.00014078	-0.09759900	-0.00032637	-0.00153668	0.00098157
25.02	-0.00014862	-0.00001919	-0.09760387	-0.00022075	-0.00045655	0.00140887
25.03	-0.00032955	0.00002210	-0.09793388	-0.00082456	-0.00060307	0.00074750
25.04	-0.00008379	0.00007676	-0.09790683	-0.00113655	-0.00112954	0.00105680
25.05	-0.00004656	-0.00003127	-0.09811069	-0.00050178	-0.00109465	0.00085967
25.06	0.00012735	-0.00015643	-0.09783441	-0.00026298	-0.00017312	0.00103874
25.07	-0.00014320	-0.00012760	-0.09781592	-0.00095680	-0.00042556	0.00097932
25.08	-0.00005193	-0.00022068	-0.09820464	-0.00074499	-0.00098594	0.00065804
25.09	0.00017787	-0.00012452	-0.09817986	-0.00102476	0.00012010	0.00050114
25.10	0.00007656	-0.00024655	-0.09805223	-0.00047408	-0.00086173	0.00086922
25.11	0.00009644	-0.00020541	-0.09801285	-0.00065114	-0.00119319	-0.00061438
25.12	0.00027349	0.00004940	-0.09796922	-0.00166356	-0.00064790	0.00024279
25.13	0.00016198	0.00020196	-0.09790683	-0.00141739	-0.00061230	-0.00038266
25.14	0.00015305	-0.00033152	-0.09805733	-0.00111807	-0.00127578	-0.00046236
25.15	0.00011772	-0.00011562	-0.09833816	-0.00072842	-0.00137939	0.00002439
25.16	0.00004224	-0.00011144	-0.09819155	-0.00111901	-0.00063918	-0.00019635
25.17	-0.00008754	-0.00013512	-0.09816811	-0.00045214	-0.00119658	0.00054583
25.18	0.00008486	-0.00005436	-0.09805640	-0.00027667	-0.00172541	-0.00015316
25.19	0.00003270	0.00009767	-0.09834735	0.00013540	-0.00078514	-0.00024354
25.20	0.00018233	-0.00002268	-0.09803823	-0.00098921	-0.00180680	0.00091433
25.21	0.00000468	0.00009222	-0.09839370	-0.00090632	-0.00150540	0.00084314
25.22	-0.00006428	-0.00010621	-0.09817266	-0.00071063	-0.00097136	0.00010284
25.23	0.00013265	-0.00009506	-0.09778735	-0.00007433	-0.00135673	0.00047116
25.24	0.00028325	-0.00017236	-0.09805477	-0.00091550	-0.00154067	-0.00059245
25.25	0.00021387	-0.00021250	-0.09793514	-0.00047235	-0.00036063	-0.00077364
25.26	0.00013758	-0.00014692	-0.09834270	0.00038894	0.00017237	0.00043704
25.27	-0.00001244	0.00004810	-0.09810902	-0.00049062	-0.00079688	0.00101290
25.28	0.00004743	-0.00004261	-0.09806147	-0.00084039	-0.00135978	-0.00018604
25.29	-0.00006850	-0.00013591	-0.09839576	-0.00070253	-0.00092320	-0.00032816
25.30	0.00034650	-0.00027037	-0.09818181	-0.00142792	-0.00151415	0.00042587
25.31	-0.00027237	-0.00007567	-0.09800877	-0.00074736	-0.00192104	0.00040929
25.32	-0.00013886	-0.00018251	-0.09837100	-0.00102671	-0.00055154	0.00005046
25.33	-0.00021178	-0.00028582	-0.09821086	-0.00131494	-0.00178088	0.00059357
25.34	0.00002266	0.00000238	-0.09816880	-0.00111421	-0.00121777	-0.00065648
25.35	-0.00025854	-0.00021363	-0.09825004	-0.00044918	-0.00013036	0.00024176
25.36	0.00001101	-0.00013168	-0.09797389	0.00005354	-0.00042776	0.00057983
25.37	-0.00018450	0.00022996	-0.09805216	-0.00057139	-0.00057668	0.00088687
25.38	-0.00001097	-0.00011093	-0.09797328	-0.00029129	-0.00122050	0.00050310
25.39	-0.00028595	0.00000456	-0.09830091	-0.00081751	-0.00120302	0.00006472
25.40	0.00000844	-0.00001721	-0.09804210	0.00021656	-0.00075170	-0.00064415
25.41	0.00002048	-0.00032736	-0.09800779	0.00016622	-0.00073012	-0.00016234
25.42	-0.00008178	0.00004093	-0.09831043	-0.00000272	-0.00033322	-0.00044529
25.43	0.00013380	0.00001848	-0.09802598	0.00015938	-0.00078676	-0.00084279
25.44	0.00011611	0.00018896	-0.09815292	0.00031341	-0.00115170	0.00012963
25.45	-0.00019573	0.00023172	-0.09807452	0.00057233	-0.00113855	0.00017750
25.46	-0.00005033	0.00006093	-0.09797068	0.00098564	-0.00115178	-0.00036705
25.47	-0.00010979	0.00015248	-0.09805774	0.00022065	-0.00102551	0.00013119
25.48	0.00018260	0.00011332	-0.09828827	0.00082675	-0.00016400	-0.00005853
25.49	0.00019579	0.00023672	-0.09789885	0.00035338	-0.00038710	-0.00067598
25.50	0.00011524	0.00022947	-0.09829604	0.00105170	0.00005582	-0.00075430
25.51	0.00013186	-0.00003433	-0.09798540	0.00076090	-0.00074145	-0.00014341
25.52	0.00024286	0.00005448	-0.09798882	-0.00090711	-0.00080436	-0.00017620
25.53	-0.00016831	-0.00026333	-0.09793455	-0.00014620	-0.00000490	0.00067872
25.54	0.00000691	0.00006574	-0.09771451	0.00056815	-0.00126846	-0.00034609
25.55	0.00000674	-0.00003205	-0.09800286	0.00081526	-0.00039493	0.00062340
25.56	0.00012935	-0.00011560	-0.09803296	0.00057390	-0.00017308	0.00014762
25.57	0.00030637	-0.00002242	-0.09791833	0.00050933	-0.00051369	0.00087874
25.58	-0.00021832	-0.00006220	-0.09768075	0.00024908	0.00075581	0.00010788
25.59	0.00007019	0.00029125	-0.09775682	0.00101678	-0.00118697	-0.00085783
25.60	0.00012674	-0.00018431	-0.09793297	0.00059443	-0.00095804	0.00003609
25.61	0.00007952	-0.00020063	-0.09790904	0.00004942	-0.00128521	0.00061109
25.62	0.00011040	-0.00017063	-0.09782967	-0.00009491	0.00056168	-0.00077985
25.63	0.00016427	-0.00005333	-0.09768985	0.00005633	0.00017240	-0.00139583
25.64	0.00021209	0.00009299	-0.09780954	0.00073116	-0.00021949	-0.00121937
25.65	0.00006700	0.00022437	-0.09758439	-0.00056571	-0.00097494	-0.00060659
25.66	0.00000248	-0.00002704	-0.09763367	-0.00178408	0.00069781	0.00021514
25.67	0.00027663	-0.00014720	-0.09767800	-0.00095143	0.00012533	-0.00070066
25.68	-0.00001737	-0.00016079	-0.09783597	-0.00066634	-0.00060349	-0.00001488
25.69	-0.00017854	0.00008141	-0.09783149	-0.00105336	-0.00018144	-0.00037991
25.70	0.00022881	-0.00007319	-0.09795279	-0.00073068	-0.00186997	-0.00041279
25.71	0.00000892	-0.00015614	-0.09773701	-0.00105245	-0.00019117	0.00026675
25.72	-0.00003590	-0.00008409	-0.09761962	0.00012523	-0.00042544	-0.00003491
25.73	-0.00000527	-0.00000644	-0.09772108	0.00070544	-0.00082847	0.00014698
25.74	0.00013777	-0.00018461	-0.09778566	0.00013318	-0.00012734	-0.00056088
25.75	0.00030331	-0.00001739	-0.09786796	-0.00110865	0.00155069	0.00028774
25.76	0.00007011	-0.00014593	-0.09785052	-0.00061913	0.00020866	0.00060515
25.77	-0.00009402	-0.00003306	-0.09788819	-0.00121449	-0.00033619	-0.00036293
25.78	0.00035576	-0.00039964	-0.09759807	-0.00162800	-0.00045521	-0.00012849
25.79	0.00010725	-0.00031968	-0.09785569	-0.00040679	-0.00086028	-0.00058371
25.80	0.00016020	0.00012504	-0.09796740	-0.00075394	-0.00018567	-0.00056039
25.81	0.00026256	0.00028422	-0.09781650	-0.00007313	0.00020860	-0.00088757
25.82	-0.00006900	-0.00021114	-0.09788783	0.00004596	-0.00070758	-0.00047396
25.83	-0.00029901	-0.00012290	-0.09772110	0.00027504	0.00023154	0.00061212
25.84	0.00004267	-0.00007666	-0.09795801	-0.00001001	0.00070571	0.00017512
25.85	0.00001263	0.00006462	-0.09805572	-0.00022938	-0.00047194	-0.00060012
25.86	-0.00009916	0.00020819	-0.09767702	0.00004998	-0.00076562	0.00002209
25.87	0.00006203	0.00008738	-0.09805374	0.00050309	-0.00141507	0.00024094
25.88	-0.00023832	0.00012811	-0.09789566	-0.00024428	-0.00078416	-0.00076074
25.89	-0.00018827	-0.00011248	-0.09784820	0.00118161	-0.00050798	-0.00000014
25.90	0.00018009	-0.00012544	-0.09778947	0.00075876	-0.00013988	0.00061940
25.91	-0.00022350	0.00005373	-0.09788871	0.00004195	-0.00076091	0.00013484
25.92	0.00004995	-0.00008262	-0.09776507	0.00042966	-0.00003603	0.00035664
25.93	-0.00011110	0.00000744	-0.09798533	-0.00035106	-0.00039752	0.00042465
25.94	0.00031978	-0.00000272	-0.09774072	0.00058955	0.00002518	0.00020158
25.95	0.00004953	-0.00000916	-0.09781858	0.00078528	0.00048521	0.00014065
25.96	0.00020826	0.00008257	-0.09758318	0.00010841	-0.00126784	0.00023854
25.97	0.00004370	0.00023502	-0.09772000	0.00030745	-0.00083494	-0.00046566
25.98	-0.00006592	-0.00002511	-0.09806519	-0.00006785	0.00047955	0.00001235
25.99	-0.00011825	-0.00023158	-0.09793597	-0.00048632	-0.00003131	0.00077676
26.00	0.00007193	-0.00002027	-0.09798617	-0.00020893	-0.00024648	0.00057011
26.01	0.00003940	0.00015540	-0.09800075	-0.00027290	0.00042100	0.00120423
26.02	0.00025789	-0.00017560	-0.09786335	-0.00003824	-0.00015433	-0.00024143
26.03	0.00010600	0.00033881	-0.09770123	-0.00007432	-0.00038002	-0.00025287
26.04	0.00023067	-0.00002232	-0.09793565	-0.00003809	-0.00088250	-0.00009929
26.05	0.00028517	0.00006479	-0.09773046	-0.00005737	-0.00037894	0.00128310
26.06	0.00015287	0.00007639	-0.09820807	0.00132314	-0.00063182	0.00006742
26.07	0.00026257	-0.00015561	-0.09780598	-0.00041675	0.00017835	-0.00014779
26.08	0.00020418	-0.00008427	-0.09767228	0.00041320	0.00030527	0.00041156
26.09	0.00007336	0.00032009	-0.09792585	0.00009971	-0.00063414	0.00029871
26.10	0.00006282	0.00012635	-0.09783854	0.00022438	-0.00114101	-0.00009248
26.11	0.00023591	0.00021449	-0.09781991	0.00000891	-0.00085815	0.00032859
26.12	0.00024035	-0.00027453	-0.09769316	0.00007539	-0.00099601	0.00039462
26.13	0.00013486	0.00009003	-0.09800101	-0.00046757	-0.00040372	-0.00004437
26.14	-0.00008265	-0.00025469	-0.09765032	0.00017951	0.00030253	-0.00119596
26.15	-0.00018285	-0.00008941	-0.09807150	-0.00033998	0.00018885	-0.00048266
26.16	0.00005656	0.00016976	-0.09801212	-0.00093168	-0.00059872	0.00003232
26.17	-0.00011316	0.00022914	-0.09787654	0.00056318	-0.00018110	0.00089998
26.18	0.00026381	0.00023551	-0.09768804	0.00073566	-0.00061926	0.00088579
26.19	0.00022727	0.00010599	-0.09799098	-0.00037517	-0.00112685	-0.00001605
26.20	0.00001012	-0.00004224	-0.09767895	0.00042866	-0.00065816	-0.00052077
26.21	0.00019045	-0.00003185	-0.09804169	0.00072530	-0.00047391	0.00081720
26.22	0.00031785	-0.00028001	-0.09806450	0.00013697	0.00017236	0.00145301
26.23	0.00008115	0.00008245	-0.09793016	-0.00088428	-0.00008167	0.00018931
26.24	0.00045561	-0.00033595	-0.09781034	-0.00067327	0.00059111	0.00123909
26.25	0.00053698	0.00002741	-0.09795417	0.00083180	-0.00049806	-0.00004647
26.26	0.00019339	-0.00014899	-0.09776187	-0.00076588	0.00013449	0.00011860
26.27	0.00009016	-0.00000429	-0.09821376	-0.00073415	-0.00017629	0.00022714
26.28	0.00020428	0.00011806	-0.09788355	0.00037767	0.00028327	-0.00071373
26.29	0.00020579	0.00006039	-0.09827658	-0.00025347	-0.00039250	0.00104760
26.30	0.00040134	-0.00014294	-0.09807783	0.00015615	-0.00119573	0.00075662
26.31	0.00005767	0.00033959	-0.09781439	0.00009144	-0.00159743	-0.00025675
26.32	0.00021737	0.00004810	-0.09798272	0.00004680	-0.00127848	0.00029493
26.33	0.00030549	-0.00004971	-0.09780665	0.00126458	-0.00150527	-0.00004543
26.34	-0.00004983	0.00042272	-0.09792434	0.00032422	-0.00045783	-0.00001530
26.35	0.00014039	0.00015106	-0.09793052	-0.00044466	-0.00051563	0.00067357
26.36	0.00002413	0.00027593	-0.09818829	-0.00035904	-0.00005050	0.00002148
26.37	-0.00002952	-0.00003180	-0.09795768	-0.00057296	-0.00014346	-0.00026842
26.38	0.00005534	0.00019942	-0.09815481	-0.00013677	0.00050103	-0.00053085
26.39	-0.00035079	-0.00004971	-0.09807253	-0.00010545	0.00027404	-0.00083745
26.40	0.00011629	0.00007008	-0.09821455	-0.00089812	0.00089863	-0.00075776
26.41	0.00006544	-0.00010032	-0.09818814	-0.00056872	0.00037598	-0.00094727
26.42	-0.00022949	0.00014325	-0.09823972	-0.00033905	0.00030949	-0.00024405
26.43	0.00037241	0.00015209	-0.09778177	-0.00054706	-0.00019927	-0.00074846
26.44	0.00008314	0.00001050	-0.09803742	-0.00037287	0.00033965	-0.00137688
26.45	0.00005249	-0.00006673	-0.09798859	-0.00107863	0.00011337	-0.00039221
26.46	-0.00001716	-0.00001678	-0.09823375	0.00012768	0.00065329	-0.00057086
26.47	-0.00002446	0.00010580	-0.09796680	-0.00072841	0.00003722	-0.00082710
26.48	-0.00010289	-0.00004174	-0.09811686	-0.00039537	0.00078301	-0.00101536
26.49	0.00007235	0.00027288	-0.09791239	-0.00040805	-0.00072700	0.00030817
26.50	0.00018942	-0.00022356	-0.09785248	-0.00033700	-0.00102262	-0.00050361
26.51	-0.00032709	-0.00008217	-0.09801596	-0.00050152	-0.00102687	-0.00146767
26.52	-0.00007873	-0.00001692	-0.09782578	-0.00206622	0.00001582	-0.00101148
26.53	0.00018335	-0.00000570	-0.09797564	-0.00012823	-0.00023277	-0.00095165
26.54	0.00004100	0.00025802	-0.09807648	-0.00010294	0.00013600	-0.00091187
26.55	-0.00034352	0.00004497	-0.09797763	0.00004051	0.00013016	-0.00001034
26.56	-0.00021153	-0.00008627	-0.09793930	-0.00003659	0.00012165	-0.00122604
26.57	-0.00009517	-0.00001179	-0.09770062	-0.00037065	0.00069731	-0.00137338
26.58	0.00025856	-0.00001519	-0.09787460	0.00021136	-0.00000817	-0.00075495
26.59	0.00021993	-0.00041959	-0.09775008	-0.00034254	-0.00033356	-0.00077756
26.60	0.00016563	-0.00027996	-0.09776193	0.00045844	0.00018142	-0.00050892
26.61	0.00031939	-0.00026568	-0.09765730	-0.00087290	0.00060648	-0.00027957
26.62	0.00002649	-0.00017261	-0.09785892	-0.00083498	-0.00004016	-0.00080635
26.63	0.00017008	0.00003893	-0.09782104	0.00009056	-0.00004583	-0.00070303
26.64	0.00032168	-0.00023122	-0.09779581	-0.00074137	-0.00124558	-0.00172249
26.65	0.00008674	-0.00006330	-0.09803801	-0.00024683	-0.00032754	-0.00104656
26.66	0.00020996	0.00017383	-0.09789100	-0.00071139	-0.00060916	-0.00137714
26.67	-0.00007135	0.00015108	-0.09793583	-0.00117182	-0.00045374	-0.00120905
26.68	0.00014474	0.00031811	-0.09779745	-0.00090716	-0.00099593	-0.00209400
26.69	0.00016791	-0.00003038	-0.09796070	-0.00110248	-0.00066250	-0.00126266
26.70	0.00008991	0.00007183	-0.09808159	-0.00045863	-0.00068840	-0.00027729
26.71	-0.00044365	0.00011917	-0.09798577	-0.00121401	-0.00048669	-0.00165573
26.72	0.00021804	0.00028157	-0.09772585	0.00023411	-0.00162685	-0.00126560
26.73	0.00045163	-0.00007062	-0.09790174	0.00011824	-0.00000885	-0.00202664
26.74	-0.00005916	-0.00002685	-0.09800118	-0.00089025	-0.00007136	-0.00122904
26.75	0.00011149	0.00017281	-0.09773932	-0.00032590	0.00134147	-0.00118958
26.76	0.00004230	0.00013691	-0.09780703	-0.00006881	-0.00014747	-0.00044310
26.77	0.00010073	-0.00010698	-0.09794129	-0.00030580	-0.00012893	-0.00280160
26.78	0.00004219	-0.00016636	-0.09795011	-0.00028645	-0.00034925	-0.00061920
26.79	-0.00020415	-0.00008170	-0.09779438	-0.00034917	-0.00112042	-0.00186480
26.80	0.00029146	0.00021497	-0.09766711	0.00054207	-0.00022180	-0.00071979
26.81	0.00008243	-0.00001603	-0.09790734	0.00069348	-0.00129314	-0.00142631
26.82	0.00010017	0.00018532	-0.09793726	-0.00021902	0.00105758	-0.00100906
26.83	0.00012962	-0.00017695	-0.09759512	0.00000560	-0.00076519	-0.00224301
26.84	0.00030077	0.00027803	-0.09813168	0.00017265	-0.00031643	-0.00085182
26.85	0.00019489	-0.00007409	-0.09798686	-0.00071193	0.00037752	-0.00090588
26.86	0.00002829	-0.00000649	-0.09779660	0.00001494	-0.00051390	-0.00082230
26.87	0.00020686	0.00015270	-0.09784177	-0.00047595	0.00053969	-0.00053652
26.88	0.00037796	0.00039268	-0.09782175	0.00055848	0.00015668	0.00001735
26.89	0.00002620	0.00016645	-0.09794906	-0.00073146	-0.00007959	-0.00003305
26.90	0.00001114	-0.00000940	-0.09775497	-0.00016069	0.00009478	-0.00074774
26.91	-0.00002634	-0.00047100	-0.09792776	0.00053257	-0.00030510	-0.00058001
26.92	0.00016850	-0.00033409	-0.09782318	0.00102228	-0.00027694	-0.00095548
26.93	-0.00002353	0.00005113	-0.09776681	-0.00022425	-0.00062332	-0.00046318
26.94	0.00031360	0.00000785	-0.09761406	-0.00064170	-0.00120788	-0.00006446
26.95	0.00003437	-0.00010767	-0.09791024	-0.00080083	-0.00047476	-0.00120294
26.96	-0.00007343	-0.00000907	-0.09781983	0.00013477	-0.00098286	-0.00015922
26.97	-0.00001635	-0.00029990	-0.09792358	-0.00031511	-0.00010578	-0.00102746
26.98	-0.00027297	0.00002512	-0.09809225	0.00016231	-0.00017928	-0.00048391
26.99	-0.00009082	-0.00038343	-0.09808535	-0.00011851	0.00011758	-0.00151347
27.00	-0.00007345	0.00003322	-0.09789101	-0.00004310	0.00027997	-0.00081537
27.01	0.00003295	0.00025724	-0.09780585	0.00095597	0.00009129	-0.00073565
27.02	0.00007670	-0.00012520	-0.09794095	0.00076149	-0.00016318	-0.00088784
27.03	-0.00013672	0.00027524	-0.09777009	-0.00039496	-0.00046470	-0.00047992
27.04	-0.00016116	0.00007289	-0.09828853	0.00032103	0.00009316	-0.00037781
27.05	-0.00030181	0.00020275	-0.09783188	0.00123560	0.00043263	0.00006684
27.06	0.00010979	0.00004260	-0.09776116	0.00221061	0.00110756	-0.00090004
27.07	0.00023894	-0.00008042	-0.09817268	0.00038441	0.00041388	-0.00066988
27.08	0.00014063	0.00011096	-0.09771933	0.00018214	0.00063093	-0.00021257
27.09	0.00001713	-0.00004111	-0.09785503	0.00078023	0.00010513	-0.00002291
27.10	-0.00009016	-0.00021984	-0.09804523	0.00078620	0.00019288	-0.00019483
27.11	0.00021350	-0.00022916	-0.09793874	0.00048817	0.00087289	-0.00077735
27.12	0.00026886	-0.00041247	-0.09773489	0.00033968	-0.00026814	-0.00154329
27.13	0.00016656	-0.00018285	-0.09797572	-0.00059654	0.00094592	-0.00045831
27.14	0.00018615	-0.00034842	-0.09797934	-0.00046707	-0.00020403	-0.00151693
27.15	0.00004336	-0.00036013	-0.09802065	-0.00030118	0.00003509	-0.00145524
27.16	0.00024969	-0.00006886	-0.09761081	0.00096173	0.00062114	-0.00109512
27.17	-0.00000898	-0.00013341	-0.09788861	0.00059457	0.00061505	-0.00106742
27.18	-0.00017359	0.00015205	-0.09811770	0.00080930	0.00089464	-0.00079535
27.19	0.00011765	-0.00013595	-0.09834319	-0.00013722	0.00035492	-0.00030038
27.20	0.00031468	-0.00016146	-0.09806210	-0.00031390	-0.00065608	-0.00012379
27.21	-0.00010727	-0.00032685	-0.09789656	0.00018768	0.00008441	-0.00058699
27.22	0.00001825	-0.00021200	-0.09833834	-0.00061654	0.00145717	-0.00011152
27.23	0.00011562	-0.00024926	-0.09797465	-0.00002884	-0.00147482	-0.00066892
27.24	0.00003482	0.00019612	-0.09793369	-0.00004925	-0.00044105	-0.00120332
27.25	0.00019314	-0.00002921	-0.09798230	0.00082379	-0.00087134	-0.00022839
27.26	0.00023192	-0.00016182	-0.09801866	-0.00045193	-0.00026797	-0.00025127
27.27	0.00008647	-0.00019178	-0.09785995	-0.00032909	0.00041440	-0.00044540
27.28	0.00005592	-0.00003058	-0.09814029	-0.00067119	-0.00048423	-0.00044555
27.29	-0.00017154	0.00003279	-0.09822628	0.00096033	0.00003713	-0.00122539
27.30	-0.00017772	0.00005832	-0.09814533	0.00018845	0.00024314	-0.00057288
27.31	-0.00010287	0.00008266	-0.09808816	0.00045490	-0.00060745	-0.00072756
27.32	-0.00021703	0.00005143	-0.09780511	-0.00051496	-0.00034836	-0.00050082
27.33	-0.00007249	0.00015551	-0.09810849	0.00050386	-0.00025649	0.00010443
27.34	0.00002077	0.00009948	-0.09805354	0.00023986	0.00004523	-0.00107148
27.35	0.00017275	-0.00027904	-0.09803178	-0.00061106	0.00070718	-0.00084630
27.36	0.00018154	-0.00015526	-0.09811350	-0.00023553	0.00007567	-0.00092137
27.37	-0.00030644	0.00000128	-0.09780413	-0.00065601	0.00137908	0.00025049
27.38	-0.00001136	0.00011782	-0.09781978	-0.00071658	0.00035966	-0.00065126
27.39	0.00006854	-0.00028676	-0.09800855	0.00040595	0.00056353	-0.00036926
27.40	-0.00006145	0.00003542	-0.09774850	0.00052891	-0.00050799	-0.00066096
27.41	0.00000086	-0.00016763	-0.09831484	-0.00033218	-0.00054764	-0.00150889
27.42	0.00000563	0.00011190	-0.09803416	-0.00046160	-0.00104395	-0.00043684
27.43	0.00024649	-0.00009894	-0.09825134	-0.00111985	-0.00025726	-0.00080038
27.44	-0.00037531	0.00001961	-0.09815426	0.00071568	0.00033056	-0.00145453
27.45	-0.00036480	0.00014399	-0.09785187	0.00038183	0.00104484	0.00020795
27.46	-0.00014394	-0.00014975	-0.09791338	-0.00076770	-0.00013895	-0.00032120
27.47	0.00009425	-0.00009572	-0.09788677	-0.00010191	-0.00007409	-0.00052253
27.48	-0.00007460	0.00008942	-0.09797180	0.00060615	0.00044481	-0.00064828
27.49	-0.00022125	-0.00010358	-0.09796383	-0.00041046	0.00065922	-0.00023976
27.50	0.00005175	0.00003398	-0.09803018	-0.00011282	0.00038752	0.00028839
27.51	-0.00012539	-0.00002171	-0.09804010	-0.00036434	-0.00034475	-0.00061682
27.52	-0.00000173	0.00001920	-0.09801947	0.00034874	0.00061374	-0.00062174
27.53	0.00023826	-0.00022741	-0.09776961	0.00022125	-0.00036222	0.00003877
27.54	0.00010315	0.00001759	-0.09818241	-0.00087533	0.00002834	-0.00099405
27.55	0.00016615	0.00001289	-0.09790864	-0.00018608	0.00014105	-0.00058947
27.56	0.00011267	0.00013446	-0.09779061	-0.00015952	0.00095560	0.00042471
27.57	-0.00033979	0.00019582	-0.09784086	0.00009967	-0.00039590	0.00051770
27.58	0.00003060	0.00008224	-0.09779576	-0.00011309	-0.00002203	-0.00001201
27.59	0.00013571	0.00014905	-0.09775380	0.00076304	0.00081593	0.00019835
27.60	-0.00011479	0.00004109	-0.09783665	-0.00053065	0.00071147	-0.00034970
27.61	0.00011253	-0.00013649	-0.09805149	0.00049631	0.00035230	0.00050301
27.62	-0.00007037	0.00013936	-0.09796354	-0.00075961	0.00056651	-0.00013893
27.63	-0.00003978	0.00003691	-0.09796443	-0.00094579	0.00077936	-0.00032281
27.64	-0.00008350	0.00014871	-0.09795276	-0.00030999	-0.00035318	0.00058140
27.65	0.00016707	-0.00012708	-0.09802266	-0.00053315	-0.00045481	-0.00044682
27.66	0.00026747	-0.00009187	-0.09792459	-0.00103659	0.00078701	-0.00045508
27.67	0.00019441	-0.00008761	-0.09803658	-0.00005116	-0.00045516	-0.00086954
27.68	-0.00012976	-0.00009313	-0.09783289	0.00029218	-0.00005034	-0.00032613
27.69	0.00000394	-0.00011212	-0.09771053	-0.00152468	-0.00021143	0.00018866
27.70	0.00025571	-0.00023395	-0.09797683	-0.00060583	0.00001196	-0.00038502
27.71	-0.00014224	-0.00015674	-0.09774108	-0.00061447	-0.00125443	-0.00096189
27.72	0.00037785	-0.00025530	-0.09783184	0.00039558	0.00087658	-0.00106840
27.73	0.00001967	-0.00023600	-0.09789021	-0.00065436	-0.00024090	-0.00172914
27.74	-0.00007394	0.00034806	-0.09763808	-0.00006797	-0.00004477	-0.00020895
27.75	-0.00009426	0.00006472	-0.09801562	-0.00032916	-0.00134405	0.00047198
27.76	-0.00003161	0.00014030	-0.09785437	-0.00139753	-0.00022411	-0.00019135
27.77	-0.00009791	-0.00027945	-0.09793239	-0.00038681	-0.00005351	-0.00047478
27.78	-0.00033791	0.00014906	-0.09788591	0.00069814	-0.00025426	0.00097631
27.79	-0.00024441	-0.00007500	-0.09807311	-0.00024091	0.00039603	0.00041950
27.80	-0.00022142	0.00025529	-0.09819447	-0.00028996	-0.00062679	-0.00121600
27.81	-0.00007488	-0.00019287	-0.09790162	-0.00122177	0.00017840	-0.00114077
27.82	0.00015949	-0.00020539	-0.09800075	-0.00023452	-0.00043572	-0.00035191
27.83	-0.00036280	-0.00039124	-0.09777509	-0.00188337	-0.00051178	-0.00085706
27.84	0.00009775	-0.00011879	-0.09784467	-0.00102272	-0.00018488	-0.00094580
27.85	-0.00021263	0.00016298	-0.09798991	-0.00086316	-0.00007432	-0.00169780
27.86	0.00022911	-0.00039443	-0.09804346	-0.00166932	-0.00019895	-0.00145804
27.87	0.00027951	-0.00020289	-0.09796813	-0.00091427	-0.00044856	-0.00051095
27.88	-0.00007010	0.00000319	-0.09816205	-0.00045618	-0.00002296	-0.00103417
27.89	0.00003781	0.00017348	-0.09790662	0.00010764	0.00067444	-0.00002038
27.90	-0.00015926	-0.00000706	-0.09777342	-0.00013434	0.00021956	-0.00007985
27.91	-0.00006728	-0.00013003	-0.09774545	-0.00058888	0.00042973	-0.00051250
27.92	-0.00015372	-0.00011955	-0.09789801	-0.00024162	0.00112102	-0.00075751
27.93	-0.00010023	-0.00011823	-0.09793955	-0.00079749	-0.00035782	-0.00021010
27.94	0.00034281	0.00025823	-0.09794537	-0.00110765	0.00046059	-0.00003022
27.95	0.00002617	0.00000841	-0.09808124	-0.00110072	0.00136459	0.00120612
27.96	0.00007299	-0.00016633	-0.09801446	-0.00036258	0.00023117	-0.00016888
27.97	-0.00014672	0.00002351	-0.09813925	-0.00083622	-0.00040367	0.00035525
27.98	0.00012607	0.00000768	-0.09806937	-0.00100280	0.00002312	0.00056620
27.99	0.00018127	0.00006318	-0.09830205	-0.00095959	0.00052027	-0.00032585
28.00	-0.00004163	-0.00014091	-0.09797135	-0.00073755	0.00122289	-0.00091369
28.01	-0.00019026	-0.00030888	-0.09798742	-0.00038930	-0.00012808	-0.00134065
28.02	-0.00019638	0.00004775	-0.09795899	-0.00065353	0.00090671	0.00001308
28.03	-0.00010489	0.00010951	-0.09786292	-0.00115997	-0.00002418	-0.00062897
28.04	-0.00021270	-0.00048653	-0.09808118	-0.00073134	0.00060011	-0.00055983
28.05	-0.00005530	0.00005569	-0.09819502	-0.00052855	-0.00021842	-0.00028298
28.06	0.00005176	0.00024020	-0.09803479	-0.00057112	-0.00035811	0.00011292
28.07	0.00029468	-0.00019235	-0.09815655	0.00013632	0.00032547	-0.00115894
28.08	0.00015106	-0.00019026	-0.09777735	-0.00024512	0.00006291	-0.00088525
28.09	0.00016963	-0.00021457	-0.09806234	0.00042771	-0.00084245	-0.00000295
28.10	0.00015033	0.00017145	-0.09801466	0.00012595	-0.00014639	0.00070841
28.11	0.00021743	0.00007558	-0.09773672	-0.00076620	-0.00114608	-0.00071710
28.12	0.00004351	-0.00001391	-0.09771672	-0.00054104	0.00023275	-0.00004213
28.13	0.00015245	0.00014217	-0.09817321	-0.00015748	0.00056673	-0.00011232
28.14	-0.00021030	0.00018833	-0.09799418	-0.00113567	0.00024007	0.00088631
28.15	0.00017287	0.00011506	-0.09783251	-0.00106062	-0.00005592	-0.00008709
28.16	0.00014745	-0.00019343	-0.09786307	-0.00055504	-0.00082401	-0.00067356
28.17	-0.00034908	0.00001853	-0.09795413	-0.00086439	0.00073693	-0.00035788
28.18	-0.00014672	-0.00005572	-0.09796453	0.00015901	0.00049091	-0.00044312
28.19	-0.00008713	-0.00022887	-0.09799426	-0.00078608	-0.00127065	-0.00037828
28.20	0.00018493	0.00000615	-0.09791888	-0.00001979	0.00048988	0.00064919
28.21	-0.00002221	-0.00018008	-0.09793140	-0.00166336	-0.00053206	0.00050267
28.22	-0.00004647	0.00007230	-0.09785115	-0.00045787	0.00053108	0.00004163
28.23	-0.00000951	-0.00030632	-0.09795623	-0.00128368	0.00044245	0.00010066
28.24	-0.00000394	-0.00010308	-0.09789316	-0.00112505	0.00038200	0.00021281
28.25	0.00019251	0.00020738	-0.09815699	-0.00127716	0.00069085	0.00031446
28.26	0.00007986	0.00000992	-0.09804289	-0.00014917	0.00184584	0.00003800
28.27	0.00002914	0.00024902	-0.09803380	-0.00048968	0.00018008	0.00066119
28.28	0.00021512	-0.00037403	-0.09802863	-0.00076312	0.00025355	0.00008941
28.29	0.00012440	0.00008755	-0.09773927	-0.00077008	0.00082574	0.00039745
28.30	0.00000380	-0.00017651	-0.09813561	-0.00005010	0.00148512	0.00083864
28.31	-0.00025572	-0.00024176	-0.09772313	-0.00113033	0.00070313	0.00112601
28.32	-0.00005671	0.00014943	-0.09809585	-0.00063464	0.00040401	0.00097797
28.33	-0.00015090	0.00004768	-0.09789949	-0.00011035	0.00091279	0.00012497
28.34	0.00005424	0.00032878	-0.09821725	-0.00036063	-0.00039089	0.00076557
28.35	-0.00014471	0.00002416	-0.09838972	-0.00014453	0.00086922	0.00025299
28.36	-0.00004875	0.00023524	-0.09802912	0.00112150	0.00127951	0.00091743
28.37	-0.00011475	0.00012844	-0.09787166	-0.00098062	0.00078595	0.00041573
28.38	0.00000447	-0.00030619	-0.09822324	-0.00036651	0.00111726	-0.00054985
28.39	0.00013827	-0.00017814	-0.09789147	-0.00064397	0.00011036	0.00097069
28.40	0.00004555	0.00018016	-0.09791856	0.00025456	-0.00110203	0.00033137
28.41	0.00002805	0.00022097	-0.09795489	-0.00050479	-0.00028527	0.00026712
28.42	-0.00015473	-0.00008025	-0.09787446	-0.00002630	-0.00088983	-0.00037366
28.43	0.00015343	-0.00000314	-0.09810819	0.00051514	0.00034911	-0.00032476
28.44	-0.00010263	-0.00000335	-0.09811432	0.00007277	0.00020438	0.00019845
28.45	0.00008607	0.00001616	-0.09794297	0.00022700	-0.00056594	0.00032920
28.46	-0.00009870	0.00013107	-0.09783437	0.00070258	-0.00100832	-0.00042992
28.47	0.00007365	0.00015335	-0.09800312	0.00025077	0.00087763	-0.00032745
28.48	-0.00014469	-0.00007115	-0.09793687	0.00028633	0.00040805	0.00032013
28.49	0.00002420	-0.00002263	-0.09773621	-0.00016327	-0.00010244	-0.00043095
28.50	0.00017777	0.00014873	-0.09779647	-0.00161547	-0.00042037	0.00046997
28.51	-0.00020715	-0.00033666	-0.09812848	0.00014948	0.00048859	0.00019598
28.52	0.00003269	0.00030031	-0.09774228	0.00045837	-0.00044867	0.00100563
28.53	-0.00017138	0.00024502	-0.09803550	-0.00078202	0.00065257	0.00029021
28.54	0.00014676	0.00018894	-0.09757239	-0.00052863	0.00013719	0.00024812
28.55	-0.00000365	0.00005142	-0.09786828	-0.00060998	0.00002989	0.00001512
28.56	-0.00013845	-0.00013316	-0.09797327	0.00023466	0.00061861	0.00024526
28.57	-0.00004767	0.00001775	-0.09757905	-0.00032215	0.00045182	0.00037095
28.58	0.00016253	-0.00004117	-0.09798721	-0.00059507	0.00131418	-0.00027443
28.59	-0.00003999	0.00013322	-0.09778072	0.00109005	0.00054055	0.00004843
28.60	-0.00002305	-0.00017724	-0.09773415	-0.00012104	0.00086496	0.00049619
28.61	0.00004055	-0.00040868	-0.09789391	-0.00075944	0.00044354	-0.00008649
28.62	0.00019235	0.00000130	-0.09781478	-0.00068400	-0.00015976	0.00004633
28.63	0.00031599	0.00013323	-0.09790873	-0.00033486	-0.00037831	0.00018575
28.64	-0.00002637	0.00026663	-0.09786970	0.00047723	0.00023132	-0.00010982
28.65	0.00033739	-0.00001050	-0.09803742	-0.00072056	0.00026056	-0.00002496
28.66	0.00005707	0.00015823	-0.09784815	0.00047281	0.00007983	0.00101782
28.67	-0.00018013	-0.00006470	-0.09799245	-0.00015919	0.00137285	0.00056285
28.68	-0.00009803	-0.00011771	-0.09813031	-0.00068004	-0.00041589	0.00061072
28.69	-0.00035023	-0.00022339	-0.09801186	0.00028536	0.00091342	-0.00102202
28.70	0.00005144	0.00001693	-0.09793993	-0.00061375	0.00092040	0.00007886
28.71	0.00001088	-0.00022105	-0.09811298	0.00017896	0.00002954	0.00065985
28.72	0.00002588	0.00019185	-0.09783407	0.00074089	0.00016073	0.00057621
28.73	-0.00010381	0.00031569	-0.09786691	0.00111557	-0.00088293	0.00025326
28.74	-0.00000278	-0.00002583	-0.09800470	0.00003906	-0.00052761	-0.00004607
28.75	-0.00002443	0.00022144	-0.09776372	-0.00043836	0.00056307	0.00050192
28.76	0.00001296	0.00005342	-0.09778925	0.00047502	0.00023998	-0.00081170
28.77	-0.00010817	0.00002098	-0.09792023	-0.00028133	0.00030029	-0.00076019
28.78	-0.00003661	-0.00007519	-0.09766792	-0.00065795	-0.00003046	-0.00109839
28.79	-0.00024191	-0.00012661	-0.09782165	-0.00073328	-0.00143011	-0.00041271
28.80	-0.00003934	0.00002363	-0.09767851	-0.00033017	-0.00127416	-0.00052466
28.81	0.00015395	0.00011738	-0.09789769	0.00044478	-0.00052589	-0.00079462
28.82	-0.00007605	0.00023754	-0.09789000	0.00022181	-0.00019906	0.00050759
28.83	-0.00026248	0.00011311	-0.09794025	0.00022941	-0.00044682	0.00008408
28.84	-0.00021473	-0.00003541	-0.09805911	-0.00012511	0.00016060	-0.00104677
28.85	-0.00007645	-0.00024313	-0.09794981	0.00074120	-0.00116015	-0.00110362
28.86	-0.00027133	-0.00005594	-0.09775235	0.00048186	-0.00076944	-0.00045147
28.87	0.00013072	0.00004934	-0.09773488	-0.00130840	0.00031120	-0.00046375
28.88	0.00009087	-0.00016129	-0.09820760	-0.00054924	-0.00037284	-0.00021594
28.89	0.00012911	0.00017803	-0.09806952	-0.00003612	0.00025816	0.00006806
28.90	-0.00012572	0.00004981	-0.09791532	-0.00142362	-0.00038041	0.00002102
28.91	-0.00020946	0.00024608	-0.09797284	-0.00041240	-0.00011862	0.00107525
28.92	0.00030749	0.00004880	-0.09790292	0.00036565	-0.00070163	0.00122476
28.93	-0.00002100	0.00013582	-0.09818285	-0.00010274	-0.00059112	0.00111745
28.94	0.00024242	0.00001942	-0.09804196	-0.00053965	0.00029604	0.00033694
28.95	-0.00018418	-0.00030283	-0.09802420	0.00101913	0.00044074	-0.00027376
28.96	0.00001521	-0.00015708	-0.09798569	0.00023848	-0.00086443	0.00069679
28.97	0.00018327	-0.00003661	-0.09806121	-0.00007407	0.00022242	0.00066050
28.98	0.00007224	0.00011202	-0.09794909	0.00056646	-0.00035841	0.00004074
28.99	-0.00011522	0.00001075	-0.09776436	-0.00057252	-0.00010728	0.00023761
29.00	0.00018153	-0.03057652	-0.09791393	0.00005110	-0.00083459	-0.89976040
29.01	0.00001138	-0.03062136	-0.09774795	-0.00073906	-0.00030660	-0.89937429
29.02	0.00016436	-0.03072210	-0.09848709	0.00024531	-0.00166697	-0.90015911
29.03	-0.00002723	-0.03052941	-0.09815841	-0.00017386	-0.00047309	-0.89959789
29.04	-0.00005772	-0.03053077	-0.09817311	0.00020567	-0.00084043	-0.90040080
29.05	0.00008738	-0.03067669	-0.09794405	0.00071345	0.00007797	-0.89935621
29.06	-0.00001847	-0.03069839	-0.09782775	0.00073124	-0.00093788	-0.90028198
29.07	-0.00021743	-0.03041815	-0.09824345	0.00052525	0.00078853	-0.89992044
29.08	-0.00012582	-0.03049119	-0.09790910	-0.00091175	-0.00090088	-0.89898365
29.09	-0.00010186	-0.03064549	-0.09804427	-0.00158068	-0.00067379	-0.89986515
29.10	-0.00024030	-0.03076746	-0.09792631	0.00042652	-0.00014699	-0.89973089
29.11	-0.00027180	-0.03071895	-0.09818041	-0.00016425	-0.00092364	-0.89901101
29.12	-0.00020523	-0.03031170	-0.09813848	-0.00089537	0.00025456	-0.89959624
29.13	0.00003213	-0.03072254	-0.09810678	-0.00050853	0.00089106	-0.89919969
29.14	-0.00004562	-0.03093059	-0.09798057	-0.00106974	0.00057101	-0.90074431
29.15	0.00017895	-0.03065019	-0.09799138	-0.00079123	0.00019989	-0.89977444
29.16	-0.00014118	-0.03061057	-0.09804997	0.00005083	0.00045629	-0.90028916
29.17	-0.00005565	-0.03049539	-0.09796568	-0.00038833	-0.00022923	-0.89967179
29.18	-0.00005588	-0.03015286	-0.09791679	-0.00043739	0.00007369	-0.89975601
29.19	-0.00005359	-0.03052229	-0.09828244	-0.00171456	0.00022810	-0.90053818
29.20	-0.00024370	-0.03054414	-0.09780804	-0.00095553	0.00036820	-0.90079764
29.21	-0.00004081	-0.03020203	-0.09783895	-0.00024930	0.00113987	-0.90140104
29.22	0.00001710	-0.03032984	-0.09784712	-0.00011041	0.00041652	-0.90163138
29.23	-0.00007405	-0.03034026	-0.09795750	-0.00046063	-0.00007505	-0.90058029
29.24	-0.00012999	-0.03048635	-0.09804190	0.00064942	0.00089132	-0.90022047
29.25	-0.00006907	-0.03066573	-0.09822232	0.00024556	0.00008951	-0.90042448
29.26	-0.00007852	-0.03049675	-0.09811098	-0.00010865	0.00014061	-0.90013217
29.27	-0.00016188	-0.03058681	-0.09792984	0.00001251	-0.00089162	-0.90074596
29.28	-0.00018037	-0.03022938	-0.09784936	0.00049187	0.00002555	-0.90042072
29.29	-0.00015052	-0.03025957	-0.09789479	-0.00058576	-0.00113667	-0.89903570
29.30	-0.00004745	-0.03053453	-0.09777501	0.00023305	0.00059196	-0.89960235
29.31	-0.00014973	-0.03046823	-0.09817364	-0.00016506	-0.00002463	-0.89898419
29.32	0.00004198	-0.03050714	-0.09793883	0.00020778	-0.00110791	-0.90024184
29.33	0.00019436	-0.03046722	-0.09828392	-0.00005726	-0.00149345	-0.90041211
29.34	-0.00004309	-0.03044366	-0.09794624	0.00020252	-0.00041723	-0.89952432
29.35	0.00014536	-0.03035799	-0.09798949	0.00020357	-0.00048135	-0.89974282
29.36	-0.00006455	-0.03032651	-0.09794572	0.00030981	-0.00089176	-0.89914860
29.37	0.00008602	-0.03053717	-0.09827358	0.00006335	0.00011373	-0.89997107
29.38	-0.00025588	-0.03061909	-0.09842778	0.00066171	0.00012334	-0.89953236
29.39	-0.00004245	-0.03038588	-0.09823819	-0.00070882	-0.00046754	-0.89977863
29.40	0.00029546	-0.03054065	-0.09804098	-0.00029795	-0.00022196	-0.90012574
29.41	0.00013273	-0.03070189	-0.09813327	-0.00010232	0.00024393	-0.89931531
29.42	0.00005076	-0.03048547	-0.09799782	0.00108337	0.00005096	-0.89833182
29.43	-0.00011565	-0.03054372	-0.09820625	0.00073086	0.00035521	-0.89909109
29.44	-0.00033718	-0.03066877	-0.09801080	-0.00067653	-0.00048246	-0.89993406
29.45	-0.00022549	-0.03047701	-0.09814120	0.00025843	0.00006912	-0.89943440
29.46	0.00029664	-0.03031184	-0.09801668	0.00103885	-0.00074023	-0.90017104
29.47	0.00032839	-0.03057271	-0.09782343	0.00258507	-0.00046216	-0.90071830
29.48	0.00011266	-0.03085440	-0.09799352	0.00048491	-0.00101610	-0.90013491
29.49	-0.00016895	-0.03054121	-0.09794416	0.00055818	-0.00021885	-0.90082286
29.50	0.00028678	-0.03047074	-0.09822254	0.00086101	-0.00035033	-0.89939069
29.51	0.00004053	-0.03083276	-0.09818758	-0.00067759	-0.00156926	-0.90018021
29.52	-0.00001491	-0.03072657	-0.09832239	0.00017086	-0.00091818	-0.89954363
29.53	0.00021019	-0.03022036	-0.09807042	0.00061331	0.00081594	-0.89995053
29.54	0.00032900	-0.03029952	-0.09794408	0.00040014	-0.00003924	-0.89952834
29.55	0.00021268	-0.03013626	-0.09799167	-0.00018966	-0.00023940	-0.89980058
29.56	-0.00009062	-0.03054550	-0.09812161	0.00002670	0.00010807	-0.89895989
29.57	-0.00006413	-0.03023849	-0.09813721	0.00038594	0.00008917	-0.90069611
29.58	0.00010199	-0.02989853	-0.09778679	-0.00048629	-0.00080761	-0.90098578
29.59	-0.00008838	-0.03026333	-0.09831686	-0.00001528	-0.00054543	-0.90074354
29.60	0.00018714	-0.03039913	-0.09803186	-0.00039310	0.00070773	-0.89929074
29.61	-0.00023178	-0.03022604	-0.09790943	0.00178871	-0.00032252	-0.89822377
29.62	-0.00007416	-0.03034317	-0.09804399	0.00009562	-0.00068200	-0.89865942
29.63	0.00000087	-0.03003655	-0.09779760	-0.00013134	-0.00126173	-0.89999372
29.64	0.00003326	-0.03006359	-0.09825762	-0.00005610	-0.00084316	-0.89943868
29.65	0.00019583	-0.03031046	-0.09802599	-0.00086055	-0.00034965	-0.90062990
29.66	0.00006655	-0.03016802	-0.09821434	-0.00116676	-0.00125738	-0.90059265
29.67	0.00034076	-0.03026753	-0.09807017	-0.00132916	-0.00059788	-0.90085706
29.68	0.00013405	-0.03058456	-0.09802016	-0.00077011	-0.00055253	-0.89978185
29.69	0.00025199	-0.03047878	-0.09805417	-0.00150052	-0.00080391	-0.89894504
29.70	0.00018803	-0.03014181	-0.09805414	-0.00056708	0.00038004	-0.90002930
29.71	0.00032006	-0.03026007	-0.09793286	-0.00053384	-0.00053168	-0.89973059
29.72	0.00013943	-0.03055054	-0.09811234	-0.00137250	-0.00173794	-0.90054899
29.73	0.00029367	-0.03020651	-0.09814563	-0.00080706	-0.00126579	-0.90016305
29.74	-0.00011476	-0.03020972	-0.09806457	-0.00226516	-0.00079460	-0.90111598
29.75	0.00002460	-0.03039364	-0.09804655	-0.00012466	-0.00116968	-0.90152553
29.76	0.00008342	-0.03022922	-0.09791415	-0.00133447	-0.00070735	-0.90110673
29.77	0.00039681	-0.03024390	-0.09820742	-0.00030248	0.00007758	-0.90030643
29.78	0.00040288	-0.03042706	-0.09789349	-0.00124749	-0.00065591	-0.90109045
29.79	0.00006011	-0.03028520	-0.09830148	-0.00023172	-0.00078794	-0.90054271
29.80	0.00005543	-0.03025047	-0.09814125	0.00009950	-0.00203379	-0.90075586
29.81	-0.00013348	-0.03021108	-0.09791681	0.00022382	-0.00093750	-0.90176950
29.82	-0.00016739	-0.03005677	-0.09788905	0.00106032	-0.00068616	-0.89964392
29.83	0.00023837	-0.03038922	-0.09794891	0.00048732	0.00054692	-0.90066152
29.84	0.00005034	-0.03044580	-0.09799491	-0.00045863	-0.00039039	-0.89983496
29.85	0.00027504	-0.03037716	-0.09806691	-0.00102225	-0.00068851	-0.90120200
29.86	0.00013276	-0.03018648	-0.09795888	-0.00080860	-0.00067285	-0.90013587
29.87	0.00015802	-0.03018118	-0.09836979	-0.00033304	-0.00111130	-0.90003232
29.88	-0.00007002	-0.03040698	-0.09841272	-0.00164451	-0.00122009	-0.90115874
29.89	0.00010092	-0.03051009	-0.09807288	-0.00130688	-0.00075518	-0.90013053
29.90	0.00033178	-0.03014872	-0.09822046	-0.00022341	0.00011063	-0.90103610
29.91	0.00039696	-0.03004867	-0.09814148	0.00001469	-0.00090375	-0.90128854
29.92	0.00001314	-0.03022192	-0.09775700	-0.00030777	0.00032043	-0.90001158
29.93	0.00014480	-0.03032197	-0.09803472	0.00005189	-0.00121914	-0.90079215
29.94	0.00011499	-0.03043535	-0.09794168	0.00043141	-0.00089248	-0.90005322
29.95	0.00002518	-0.03032094	-0.09796076	0.00032564	-0.00027090	-0.90050921
29.96	-0.00002748	-0.03015198	-0.09830891	-0.00022433	0.00068308	-0.90089917
29.97	0.00005288	-0.03032046	-0.09802199	0.00011773	-0.00070085	-0.90072914
29.98	0.00000361	-0.03024147	-0.09829666	0.00061049	-0.00176601	-0.90010830
29.99	0.00018875	-0.03011185	-0.09801396	-0.00043986	-0.00053491	-0.90083480
30.00	0.00022927	-0.00005051	-0.09779693	-0.00010285	0.00044598	0.00064099
30.01	-0.00003740	0.00016615	-0.09785389	-0.00107984	-0.00026242	0.00013982
30.02	-0.00002951	-0.00023079	-0.09778195	-0.00046369	-0.00039547	-0.00061734
30.03	-0.00004918	0.00037579	-0.09774331	-0.00005288	-0.00001359	0.00045133
30.04	0.00017308	0.00018476	-0.09782746	0.00055915	0.00009263	-0.00078138
30.05	-0.00023267	0.00009905	-0.09791147	-0.00011417	-0.00046806	-0.00053446
30.06	0.00010878	0.00025246	-0.09798463	-0.00119576	-0.00127985	-0.00063599
30.07	-0.00002542	0.00022413	-0.09791781	-0.00034132	-0.00064492	-0.00085915
30.08	-0.00003360	-0.00002894	-0.09807191	0.00006918	-0.00094257	-0.00118399
30.09	-0.00007038	-0.00001295	-0.09764305	0.00008909	-0.00034006	-0.00002216
30.10	0.00012294	0.00009127	-0.09779735	-0.00039247	0.00020914	-0.00010336
30.11	0.00004499	0.00014680	-0.09804388	0.00046839	-0.00086743	0.00011991
30.12	-0.00007885	0.00023390	-0.09802020	0.00012006	-0.00111088	-0.00008653
30.13	0.00012975	-0.00020095	-0.09818786	0.00009593	-0.00108502	-0.00020212
30.14	0.00007257	0.00001871	-0.09802633	-0.00048079	-0.00113297	-0.00144919
30.15	0.00013739	-0.00000803	-0.09783272	0.00034432	-0.00063253	-0.00021938
30.16	0.00035705	0.00000641	-0.09808917	0.00048981	-0.00017308	-0.00062323
30.17	0.00016313	0.00001660	-0.09789288	0.00010607	-0.00055462	-0.00230146
30.18	0.00019339	0.00012811	-0.09801201	-0.00006681	0.00000541	-0.00169193
30.19	-0.00011529	-0.00006108	-0.09799931	0.00071052	-0.00010526	-0.00102252
30.20	0.00013560	-0.00037620	-0.09779113	0.00058555	-0.00063842	-0.00099646
30.21	0.00019094	0.00000839	-0.09788742	0.00125952	0.00025138	-0.00117634
30.22	0.00018578	-0.00004734	-0.09802470	0.00022125	0.00069309	-0.00086157
30.23	0.00013140	-0.00006362	-0.09810610	0.00091490	-0.00053904	-0.00115916
30.24	0.00002191	-0.00011524	-0.09824037	0.00075665	0.00041449	-0.00232412
30.25	0.00019257	0.00016463	-0.09833722	0.00014658	-0.00029317	-0.00094645
30.26	0.00011909	-0.00001948	-0.09824746	0.00029239	0.00015922	-0.00052564
30.27	0.00007281	-0.00018499	-0.09831227	0.00063785	-0.00034384	-0.00002506
30.28	-0.00005645	-0.00003674	-0.09814777	0.00091283	-0.00029827	-0.00131573
30.29	-0.00018612	0.00014495	-0.09806708	0.00046741	-0.00053769	-0.00121141
30.30	0.00016603	0.00011167	-0.09795122	0.00075122	-0.00116274	0.00011068
30.31	0.00010492	0.00025008	-0.09783874	-0.00148490	-0.00033140	0.00018707
30.32	0.00024523	-0.00015152	-0.09818599	-0.00041523	-0.00059889	-0.00074500
30.33	-0.00005540	-0.00013933	-0.09829646	-0.00031431	-0.00004147	-0.00010596
30.34	0.00009466	0.00003082	-0.09852364	0.00055969	0.00015987	-0.00055425
30.35	0.00026265	0.00026725	-0.09809191	0.00019008	0.00073089	-0.00089173
30.36	0.00024031	0.00019703	-0.09833682	0.00021103	0.00099100	0.00066995
30.37	0.00011010	0.00027217	-0.09809051	-0.00004572	0.00195262	-0.00038264
30.38	0.00022959	0.00024406	-0.09787620	-0.00039601	-0.00028339	-0.00078301
30.39	-0.00007759	0.00027012	-0.09786170	-0.00088307	0.00094093	-0.00021409
30.40	0.00025648	0.00033070	-0.09790163	-0.00032124	0.00029294	-0.00033514
30.41	0.00014480	-0.00008053	-0.09787950	0.00057181	-0.00036249	-0.00071711
30.42	0.00025632	0.00029897	-0.09816931	0.00094923	-0.00101098	-0.00199379
30.43	-0.00003531	-0.00003401	-0.09808495	0.00031293	-0.00042160	-0.00061999
30.44	-0.00000096	0.00009440	-0.09853328	0.00028687	0.00069338	-0.00075715
30.45	0.00001253	-0.00022686	-0.09827118	-0.00044407	0.00012979	-0.00112300
30.46	-0.00011773	0.00003341	-0.09818792	-0.00007426	0.00000928	-0.00038821
30.47	0.00002361	0.00005610	-0.09844130	0.00018558	-0.00018333	-0.00067518
30.48	0.00024095	0.00028328	-0.09805154	-0.00004733	-0.00047178	-0.00000270
30.49	0.00030310	-0.00015273	-0.09839066	0.00050499	0.00053299	-0.00098510
30.50	0.00008018	-0.00005136	-0.09810555	-0.00025987	-0.00024169	-0.00013800
30.51	0.00004610	0.00011993	-0.09796038	-0.00106427	0.00015807	0.00014312
30.52	-0.00007270	-0.00009618	-0.09802674	0.00029801	0.00011798	0.00000638
30.53	-0.00000258	-0.00015038	-0.09810042	0.00006119	-0.00034501	-0.00007901
30.54	-0.00010723	0.00024530	-0.09782595	-0.00013632	-0.00054418	0.00016139
30.55	-0.00039553	-0.00001520	-0.09765819	-0.00022906	-0.00000905	0.00017790
30.56	-0.00016044	-0.00006521	-0.09820536	-0.00138332	-0.00079130	0.00103206
30.57	-0.00035873	-0.00000804	-0.09778802	0.00016422	0.00062871	-0.00082772
30.58	-0.00020907	0.00025580	-0.09830948	-0.00036531	-0.00172099	-0.00028311
30.59	-0.00000243	0.00021056	-0.09781898	-0.00018799	-0.00070151	-0.00056131
30.60	0.00027942	-0.00009182	-0.09818733	0.00032127	-0.00012992	-0.00129007
30.61	-0.00002918	0.00027912	-0.09840219	-0.00001290	-0.00033006	0.00026677
30.62	-0.00009049	0.00025154	-0.09791127	-0.00036320	-0.00173424	0.00037014
30.63	0.00014483	-0.00017447	-0.09833959	-0.00061912	-0.00085388	-0.00026729
30.64	-0.00001920	-0.00006654	-0.09809018	-0.00014200	-0.00011651	0.00061355
30.65	0.00005268	-0.00001957	-0.09769615	0.00052768	-0.00024358	-0.00088390
30.66	0.00003082	0.00026835	-0.09783763	-0.00033396	-0.00077073	0.00022507
30.67	0.00009964	0.00005893	-0.09807870	0.00020570	-0.00082251	-0.00157896
30.68	0.00000695	0.00014356	-0.09803566	0.00001597	-0.00177069	-0.00150720
30.69	0.00035962	0.00025669	-0.09822552	0.00081677	-0.00076124	0.00075932
30.70	0.00020199	0.00004029	-0.09806718	0.00027427	-0.00021577	0.00030086
30.71	-0.00000247	0.00002290	-0.09818035	0.00043512	-0.00037476	0.00048167
30.72	-0.00009831	0.00026010	-0.09814604	0.00150858	-0.00060046	0.00112266
30.73	-0.00004101	0.00017757	-0.09826386	0.00004948	-0.00011884	-0.00051066
30.74	0.00030273	0.00007693	-0.09816897	0.00056733	-0.00046172	-0.00116700
30.75	0.00010998	0.00004896	-0.09844486	0.00015127	-0.00086296	0.00029906
30.76	0.00006833	-0.00000257	-0.09822192	0.00019793	-0.00035041	-0.00031261
30.77	-0.00028844	0.00004303	-0.09791091	-0.00002336	-0.00031989	-0.00083185
30.78	0.00025517	0.00018723	-0.09789463	0.00086809	-0.00058361	0.00014865
30.79	-0.00004429	0.00006298	-0.09784972	0.00125004	-0.00133843	-0.00010497
30.80	-0.00002555	0.00011396	-0.09802807	0.00068179	-0.00119913	-0.00027321
30.81	0.00020375	0.00016694	-0.09807606	0.00128868	-0.00000289	-0.00098411
30.82	-0.00000525	-0.00010292	-0.09785146	-0.00015151	0.00016601	0.00053424
30.83	0.00018066	0.00024571	-0.09805876	-0.00024770	-0.00087012	-0.00047269
30.84	0.00025575	0.00003880	-0.09804849	-0.00052545	-0.00004575	-0.00079780
30.85	0.00015088	-0.00025871	-0.09797690	-0.00119396	-0.00020454	0.00021635
30.86	-0.00023928	0.00007315	-0.09791640	-0.00046169	0.00018897	-0.00052223
30.87	-0.00016093	0.00008748	-0.09821414	0.00055936	-0.00053207	-0.00025154
30.88	0.00019696	-0.00013951	-0.09791071	-0.00040921	-0.00095758	-0.00067763
30.89	-0.00000415	0.00009400	-0.09773787	-0.00064064	-0.00049226	-0.00074044
30.90	-0.00013048	0.00010962	-0.09809561	-0.00002110	-0.00032476	-0.00102964
30.91	-0.00013429	0.00003690	-0.09782803	0.00032920	-0.00018956	-0.00017504
30.92	0.00013133	0.00022893	-0.09827936	-0.00121378	-0.00002889	-0.00037874
30.93	-0.00003059	0.00003465	-0.09790502	0.00030622	-0.00026117	-0.00058777
30.94	-0.00014946	-0.00006322	-0.09773053	-0.00148749	-0.00070786	-0.00022724
30.95	-0.00017986	0.00016835	-0.09778915	-0.00110065	-0.00089821	-0.00011370
30.96	-0.00032864	-0.00017674	-0.09809703	-0.00112566	-0.00126276	-0.00060159
30.97	-0.00005080	-0.00015383	-0.09788327	-0.00197595	-0.00146476	-0.00093696
30.98	-0.00007777	-0.00032643	-0.09752218	-0.00078717	-0.00071446	-0.00074988
30.99	-0.00015228	0.00007038	-0.09783864	-0.00042753	-0.00056315	-0.00091975
31.00	-0.00005286	-0.00003641	-0.09792033	-0.00009182	-0.00028019	-0.00052513
31.01	-0.00010718	-0.00011027	-0.09814580	-0.00033946	0.00029588	-0.00010238
31.02	-0.00010383	0.00000585	-0.09793752	-0.00044382	-0.00006308	-0.00039625
31.03	0.00003023	0.00003635	-0.09785862	-0.00108508	-0.00119221	-0.00161293
31.04	-0.00004042	-0.00000855	-0.09778233	-0.00073026	-0.00097287	-0.00075838
31.05	0.00017743	0.00001527	-0.09793579	-0.00104867	-0.00117187	-0.00087547
31.06	0.00007258	0.00001689	-0.09765642	-0.00030771	-0.00044860	-0.00060327
31.07	-0.00001863	-0.00019825	-0.09786464	-0.00078062	-0.00053130	-0.00063310
31.08	-0.00027759	-0.00030861	-0.09800243	-0.00035971	-0.00022825	-0.00002189
31.09	-0.00019261	-0.00034739	-0.09782633	-0.00084412	0.00039936	-0.00024028
31.10	-0.00016454	-0.00029504	-0.09805159	-0.00121492	-0.00000603	-0.00102902
31.11	-0.00010481	-0.00027691	-0.09787491	-0.00134316	-0.00116992	-0.00011288
31.12	-0.00010397	0.00001831	-0.09770093	0.00021899	-0.00164427	-0.00102063
31.13	-0.00004725	-0.00021541	-0.09806526	-0.00014034	-0.00053387	-0.00112564
31.14	-0.00005057	0.00007412	-0.09789779	-0.00118318	-0.00164365	-0.00075116
31.15	0.00028969	-0.00003475	-0.09787412	-0.00053172	-0.00096275	-0.00046493
31.16	0.00021872	0.00000623	-0.09803999	-0.00042090	-0.00012761	-0.00089333
31.17	-0.00003637	-0.00020517	-0.09809504	-0.00017562	-0.00027578	-0.00075030
31.18	-0.00003701	0.00002755	-0.09790081	-0.00051726	-0.00029321	0.00012202
31.19	-0.00010386	0.00012197	-0.09790249	-0.00100055	-0.00134849	-0.00128077
31.20	0.00012331	-0.00007696	-0.09795939	-0.00013375	0.00003874	-0.00026698
31.21	0.00012917	-0.00011481	-0.09780011	-0.00117793	-0.00079073	0.00085468
31.22	0.00003642	0.00002513	-0.09793133	-0.00061607	-0.00026725	-0.00028851
31.23	0.00015345	0.00008781	-0.09793141	-0.00143750	-0.00052357	-0.00102870
31.24	0.00009809	-0.00002470	-0.09803121	-0.00034027	-0.00051506	-0.00016828
31.25	0.00026973	0.00011909	-0.09783046	-0.00097091	-0.00033151	-0.00041694
31.26	0.00014758	0.00014173	-0.09796981	-0.00054320	-0.00076548	-0.00017335
31.27	0.00005119	-0.00009829	-0.09798797	-0.00047661	-0.00078507	-0.00026570
31.28	0.00037360	-0.00003614	-0.09765535	-0.00120391	-0.00072892	0.00005622
31.29	0.00026326	0.00015165	-0.09792637	-0.00011275	-0.00000021	0.00016301
31.30	-0.00009373	-0.00018339	-0.09785382	-0.00102307	-0.00129259	-0.00027748
31.31	0.00010017	0.00010334	-0.09792422	0.00024879	-0.00071388	-0.00044285
31.32	0.00005464	-0.00018546	-0.09741398	0.00002359	-0.00082748	-0.00066533
31.33	-0.00007790	-0.00012872	-0.09762789	-0.00082145	-0.00029651	0.00000066
31.34	-0.00007906	0.00009332	-0.09776066	-0.00063991	-0.00067020	-0.00004176
31.35	-0.00015552	-0.00014168	-0.09774684	0.00019564	-0.00013492	-0.00103981
31.36	0.00019099	-0.00007247	-0.09803899	0.00040306	-0.00118960	-0.00092735
31.37	-0.00012307	0.00007572	-0.09787702	-0.00044613	-0.00062070	-0.00069831
31.38	0.00001535	0.00013252	-0.09804127	-0.00090317	0.00005880	-0.00124680
31.39	-0.00014654	0.00008958	-0.09794022	0.00006331	-0.00049115	-0.00155965
31.40	-0.00014919	0.00025543	-0.09774028	-0.00010839	-0.00013368	-0.00118666
31.41	0.00005935	0.00010292	-0.09770604	-0.00091375	0.00000484	-0.00102404
31.42	-0.00004591	0.00002328	-0.09823125	-0.00041168	0.00067127	-0.00031068
31.43	-0.00009033	-0.00014205	-0.09802888	-0.00093080	-0.00088013	-0.00101068
31.44	0.00015831	-0.00017601	-0.09792517	-0.00017588	-0.00121668	-0.00003209
31.45	0.00011294	-0.00014518	-0.09798064	-0.00031390	-0.00155365	-0.00018880
31.46	0.00012624	-0.00025585	-0.09781661	0.00020096	-0.00083555	0.00009761
31.47	-0.00003413	0.00009999	-0.09788317	-0.00018516	-0.00123076	-0.00030710
31.48	-0.00022733	-0.00024578	-0.09799572	-0.00026520	-0.00131782	-0.00038181
31.49	0.00005619	0.00002084	-0.09820520	-0.00142299	-0.00063429	0.00055486
31.50	-0.00029190	0.00000348	-0.09805386	-0.00002148	-0.00026190	-0.00027184
31.51	-0.00020571	0.00005505	-0.09796564	0.00008110	-0.00197533	-0.00053111
31.52	-0.00030917	0.00040422	-0.09777828	-0.00161737	-0.00107817	0.00027627
31.53	-0.00003408	0.00018342	-0.09791786	-0.00096052	-0.00093867	-0.00023720
31.54	-0.00002818	0.00026289	-0.09771616	-0.00045154	-0.00095625	0.00067811
31.55	0.00016086	-0.00003217	-0.09828570	-0.00028330	-0.00121657	-0.00097438
31.56	-0.00013326	0.00014433	-0.09812071	0.00015992	-0.00084750	-0.00143195
31.57	-0.00010611	0.00051945	-0.09809379	-0.00112175	-0.00124756	-0.00038443
31.58	-0.00002922	0.00003867	-0.09779514	-0.00057069	-0.00096781	-0.00027106
31.59	-0.00016712	0.00022318	-0.09759538	-0.00090029	-0.00173360	0.00030170
31.60	-0.00010017	-0.00019742	-0.09777608	-0.00102594	-0.00045318	-0.00001447
31.61	-0.00011305	-0.00002963	-0.09778696	-0.00126028	-0.00080655	-0.00033831
31.62	0.00000300	0.00009740	-0.09782257	-0.00102196	-0.00233123	-0.00028315
31.63	-0.00016101	0.00000451	-0.09788596	-0.00192139	-0.00182823	-0.00065510
31.64	0.00014823	0.00007375	-0.09805136	-0.00180744	-0.00068823	-0.00018529
31.65	0.00011914	-0.00013937	-0.09798077	-0.00120290	-0.00114387	-0.00137611
31.66	0.00011786	0.00017415	-0.09796930	-0.00035715	-0.00031627	-0.00109906
31.67	-0.00003670	0.00020546	-0.09781751	-0.00034871	0.00016185	-0.00087797
31.68	-0.00001528	0.00020356	-0.09780783	-0.00082891	-0.00103940	-0.00092539
31.69	-0.00018834	-0.00002037	-0.09793912	-0.00073810	-0.00002611	-0.00179356
31.70	-0.00016043	0.00018039	-0.09787141	-0.00053851	-0.00093351	-0.00021576
31.71	-0.00032471	-0.00003914	-0.09771654	-0.00049098	-0.00054211	-0.00106531
31.72	-0.00005172	0.00021323	-0.09794000	-0.00049552	-0.00057478	-0.00125785
31.73	-0.00012657	-0.00040548	-0.09791209	-0.00034837	-0.00077460	-0.00064009
31.74	-0.00006809	0.00002574	-0.09816544	-0.00090398	-0.00043438	-0.00068342
31.75	0.00000525	-0.00020103	-0.09807529	-0.00126553	-0.00096022	-0.00144910
31.76	-0.00000310	0.00002649	-0.09804842	-0.00075381	0.00007909	0.00006625
31.77	0.00015504	-0.00018917	-0.09802337	-0.00029199	-0.00112633	0.00007543
31.78	-0.00002554	0.00003130	-0.09783521	-0.00096937	-0.00066888	0.00028388
31.79	-0.00003576	0.00014090	-0.09785826	-0.00035552	-0.00087000	-0.00067998
31.80	-0.00003021	0.00021945	-0.09794437	-0.00007597	-0.00052201	-0.00176179
31.81	-0.00020831	0.00027730	-0.09791290	-0.00076088	-0.00062254	-0.00107102
31.82	-0.00008693	0.00009272	-0.09802119	-0.00083269	-0.00180886	-0.00144052
31.83	-0.00002480	-0.00025320	-0.09810942	-0.00022558	0.00012785	-0.00052042
31.84	-0.00000772	0.00017462	-0.09806510	-0.00009635	-0.00066638	-0.00056028
31.85	0.00016927	0.00004127	-0.09787807	0.00030166	-0.00120577	-0.00082560
31.86	0.00004325	0.00007366	-0.09782765	0.00090553	-0.00073954	0.00036249
31.87	-0.00008647	-0.00017006	-0.09793793	0.00111577	-0.00156568	0.00127770
31.88	-0.00003353	-0.00033510	-0.09803827	0.00100215	-0.00092070	-0.00083075
31.89	-0.00009970	-0.00010543	-0.09789385	-0.00007640	-0.00094361	0.00043750
31.90	-0.00020585	-0.00004812	-0.09788589	0.00009517	-0.00204934	0.00072975
31.91	0.00003361	-0.00013682	-0.09783950	-0.00039496	-0.00115748	-0.00137309
31.92	-0.00013055	0.00003389	-0.09793465	0.00020599	-0.00151987	-0.00007684
31.93	-0.00003637	-0.00009176	-0.09776054	-0.00006291	-0.00077694	-0.00066014
31.94	-0.00010751	-0.00019299	-0.09764572	-0.00051516	-0.00080027	-0.00137690
31.95	0.00037480	0.00001860	-0.09752230	-0.00044675	-0.00068513	-0.00018662
31.96	-0.00000566	-0.00000976	-0.09778668	-0.00007741	-0.00025146	-0.00062047
31.97	-0.00004206	0.00003574	-0.09771973	0.00011015	-0.00040069	-0.00094351
31.98	-0.00023060	0.00009255	-0.09805333	-0.00001393	-0.00071655	-0.00089181
31.99	-0.00007583	0.00004602	-0.09778418	-0.00070865	-0.00003452	-0.00134758
32.00	-0.00032331	-0.00002070	-0.09797161	-0.00059863	-0.00083484	-0.00093172
32.01	-0.00009712	-0.00028058	-0.09799503	0.00080934	-0.00186841	-0.00086024
32.02	0.00018637	-0.00006585	-0.09792505	-0.00068357	-0.00130929	-0.00054596
32.03	-0.00027645	-0.00042537	-0.09799465	-0.00038330	-0.00206037	-0.00097230
32.04	-0.00001720	-0.00036333	-0.09817970	-0.00065751	-0.00290969	0.00052526
32.05	-0.00019644	0.00000308	-0.09789316	-0.00101548	-0.00232549	-0.00070893
32.06	0.00001509	-0.00011856	-0.09764771	0.00016502	-0.00146555	-0.00091946
32.07	0.00012523	-0.00008846	-0.09808143	0.00057552	-0.00141930	-0.00034249
32.08	-0.00000668	0.00010722	-0.09804372	0.00044709	-0.00057218	-0.00031544
32.09	0.00002135	0.00009425	-0.09790058	0.00058936	-0.00079167	-0.00052669
32.10	-0.00028960	0.00003086	-0.09821785	0.00039881	-0.00103627	-0.00124127
32.11	-0.00032697	0.00007658	-0.09801921	0.00020211	-0.00113322	-0.00131682
32.12	-0.00003428	-0.00017647	-0.09798714	0.00034241	-0.00223310	0.00010260
32.13	-0.00010378	-0.00020864	-0.09811063	-0.00009365	-0.00124032	-0.00037377
32.14	0.00003914	0.00002456	-0.09800417	-0.00020665	-0.00119640	-0.00158115
32.15	0.00012910	-0.00035219	-0.09786449	-0.00068102	-0.00171124	-0.00116875
32.16	-0.00004387	-0.00027664	-0.09781650	0.00010082	-0.00126065	-0.00049061
32.17	0.00007643	0.00017374	-0.09788464	-0.00030420	-0.00142421	-0.00003954
32.18	-0.00004333	-0.00015165	-0.09817038	-0.00007365	-0.00146263	-0.00067519
32.19	0.00011501	-0.00017568	-0.09773267	0.00042346	-0.00034800	-0.00073432
32.20	-0.00001251	0.00010684	-0.09818061	0.00111931	-0.00083540	-0.00041565
32.21	-0.00017089	-0.00010469	-0.09802591	-0.00000305	-0.00088715	0.00023599
32.22	0.00000284	-0.00000804	-0.09789475	0.00070928	-0.00118948	-0.00037076
32.23	0.00032320	-0.00013133	-0.09766945	0.00013572	-0.00196295	-0.00057974
32.24	-0.00011130	-0.00002536	-0.09726451	-0.00045766	-0.00029148	-0.00065291
32.25	0.00002272	0.00023611	-0.09782175	0.00006957	-0.00145016	-0.00058942
32.26	-0.00012057	-0.00002349	-0.09773302	-0.00010221	-0.00039385	-0.00108440
32.27	-0.00040322	-0.00001507	-0.09759402	-0.00009197	-0.00163409	-0.00013351
32.28	-0.00016932	0.00009543	-0.09753105	0.00108634	-0.00084706	-0.00028453
32.29	-0.00047149	0.00000307	-0.09766395	0.00003406	-0.00114702	-0.00153225
32.30	0.00003240	-0.00013543	-0.09768937	0.00015010	-0.00064026	-0.00054610
32.31	-0.00007326	0.00004876	-0.09765537	0.00043435	-0.00124314	-0.00129290
32.32	0.00024303	0.00006625	-0.09786803	-0.00034253	-0.00074407	-0.00105550
32.33	0.00011685	0.00012954	-0.09797059	-0.00021313	-0.00121834	-0.00093907
32.34	-0.00003370	-0.00010788	-0.09794442	-0.00027924	-0.00209238	-0.00006523
32.35	-0.00013756	-0.00005986	-0.09791417	-0.00032196	-0.00183516	-0.00085751
32.36	-0.00017811	-0.00004785	-0.09777104	-0.00120552	-0.00161994	-0.00098714
32.37	-0.00007820	-0.00014501	-0.09789097	0.00009427	-0.00058914	-0.00031757
32.38	-0.00002970	0.00017588	-0.09823752	-0.00064869	-0.00068419	-0.00065388
32.39	0.00006079	-0.00004434	-0.09811131	0.00005794	-0.00099224	-0.00084067
32.40	0.00027376	-0.00027945	-0.09790860	-0.00013717	-0.00001313	-0.00147925
32.41	-0.00010482	0.00006880	-0.09794953	-0.00073930	-0.00112882	-0.00076322
32.42	0.00007701	0.00001108	-0.09824933	-0.00198593	-0.00060608	-0.00113366
32.43	-0.00005811	-0.00009704	-0.09802339	0.00023667	-0.00215312	-0.00048553
32.44	-0.00007468	-0.00033579	-0.09808385	-0.00051174	-0.00098801	-0.00023898
32.45	-0.00001325	-0.00041332	-0.09801284	-0.00030248	-0.00031972	-0.00008201
32.46	-0.00006359	-0.00013788	-0.09835016	0.00103324	-0.00024087	-0.00009763
32.47	-0.00037018	-0.00010802	-0.09815706	-0.00014072	-0.00117357	-0.00086924
32.48	-0.00007016	0.00012050	-0.09829340	-0.00058801	-0.00104544	-0.00080045
32.49	-0.00018794	-0.00016360	-0.09812605	-0.00095531	-0.00034275	-0.00073590
32.50	-0.00014800	-0.00015094	-0.09783100	-0.00128087	0.00006262	-0.00069990
32.51	-0.00013927	-0.00013191	-0.09796681	-0.00078604	-0.00051345	-0.00144266
32.52	0.00002450	-0.00039430	-0.09778196	-0.00060546	-0.00034329	-0.00123739
32.53	-0.00000723	-0.00007350	-0.09790268	0.00001026	-0.00088296	-0.00028732
32.54	-0.00009997	-0.00011488	-0.09800784	0.00030382	-0.00007659	-0.00136101
32.55	-0.00028567	0.00005667	-0.09813004	-0.00010377	-0.00045207	-0.00098232
32.56	-0.00008061	0.00002213	-0.09835791	-0.00077839	-0.00041356	-0.00040629
32.57	0.00001169	-0.00004342	-0.09810910	-0.00089092	-0.00171741	-0.00036426
32.58	-0.00016072	-0.00020295	-0.09803276	-0.00100879	-0.00133871	-0.00073348
32.59	0.00007565	-0.00008538	-0.09816378	-0.00077570	-0.00152959	-0.00099158
32.60	-0.00006177	-0.00019992	-0.09827102	0.00002147	-0.00142496	-0.00147054
32.61	-0.00018774	-0.00010055	-0.09788486	-0.00035426	-0.00220038	-0.00052186
32.62	-0.00030077	-0.00016511	-0.09796648	-0.00033900	-0.00151536	-0.00074093
32.63	-0.00009617	-0.00010375	-0.09800179	-0.00083222	-0.00127696	-0.00089764
32.64	-0.00015395	-0.00006290	-0.09766656	0.00060314	-0.00146041	-0.00075981
32.65	-0.00000591	-0.00043250	-0.09805279	-0.00036460	-0.00174576	-0.00062432
32.66	0.00009348	-0.00023413	-0.09786918	-0.00092435	-0.00057022	-0.00030403
32.67	0.00007179	0.00008515	-0.09789720	-0.00031578	-0.00168631	-0.00022720
32.68	-0.00003022	0.00009399	-0.09791783	-0.00041400	-0.00089357	-0.00056609
32.69	-0.00019673	-0.00004849	-0.09795747	-0.00070320	-0.00200487	-0.00042793
32.70	-0.00036490	0.00008103	-0.09802648	-0.00028620	-0.00156824	-0.00076647
32.71	-0.00037467	0.00000554	-0.09798824	0.00010918	-0.00166577	-0.00062203
32.72	-0.00028122	0.00010061	-0.09834602	-0.00028088	-0.00122521	-0.00012522
32.73	-0.00011993	-0.00020550	-0.09818735	0.00003088	-0.00119862	0.00028546
32.74	-0.00018476	0.00015285	-0.09807799	0.00043352	-0.00058390	0.00022318
32.75	-0.00000910	-0.00004740	-0.09816788	0.00015321	-0.00133448	-0.00099673
32.76	-0.00019836	0.00002583	-0.09774805	-0.00124639	-0.00061511	-0.00035805
32.77	0.00014746	0.00013947	-0.09803636	-0.00081275	-0.00257617	-0.00144243
32.78	0.00018249	0.00017799	-0.09790770	-0.00023876	-0.00099563	-0.00058404
32.79	-0.00007145	-0.00007583	-0.09792797	-0.00084038	-0.00020348	0.00007694
32.80	-0.00029385	-0.00001875	-0.09764640	0.00023826	-0.00031214	-0.00127777
32.81	-0.00013809	0.00001003	-0.09794761	-0.00029606	-0.00063127	-0.00054806
32.82	0.00009923	-0.00016947	-0.09776055	-0.00042846	-0.00143298	0.00015642
32.83	-0.00014471	-0.00000020	-0.09772224	-0.00065324	-0.00056815	-0.00048310
32.84	-0.00027459	0.00001601	-0.09798699	-0.00198765	-0.00115109	-0.00115041
32.85	-0.00001737	-0.00006635	-0.09807481	-0.00069136	-0.00132586	-0.00065109
32.86	-0.00008024	0.00002415	-0.09782052	-0.00030810	-0.00198031	-0.00037298
32.87	-0.00012494	-0.00007455	-0.09784355	0.00080262	-0.00027860	0.00034749
32.88	-0.00035685	0.00003872	-0.09789273	-0.00089239	-0.00054774	-0.00055179
32.89	-0.00016353	0.00013830	-0.09793298	0.00036702	-0.00201160	-0.00066595
32.90	-0.00016029	-0.00001180	-0.09790150	-0.00029737	-0.00105425	-0.00020490
32.91	0.00004986	-0.00058308	-0.09796964	-0.00012320	-0.00088894	0.00001306
32.92	0.00004534	-0.00048121	-0.09760344	-0.00047256	-0.00023182	-0.00020488
32.93	-0.00022045	0.00011050	-0.09799248	-0.00039517	-0.00055754	-0.00100487
32.94	-0.00000226	0.00009173	-0.09792784	-0.00094219	-0.00016585	-0.00052020
32.95	-0.00008235	0.00010218	-0.09819735	-0.00073106	-0.00057805	-0.00082316
32.96	0.00005762	-0.00030699	-0.09786590	0.00031794	-0.00142257	-0.00085873
32.97	0.00002276	0.00015852	-0.09787575	-0.00030121	0.00029045	-0.00094627
32.98	0.00001030	0.00017445	-0.09807926	0.00014249	0.00018002	-0.00052772
32.99	-0.00022155	-0.00000368	-0.09799812	-0.00023997	-0.00073787	-0.00141472
33.00	0.00013347	0.00009993	-0.09795690	-0.00083975	0.00076962	-0.00000689
33.01	-0.00025762	0.00009188	-0.09806216	-0.00069860	-0.00019742	-0.00065270
33.02	-0.00018845	-0.00005790	-0.09821756	0.00052013	0.00006796	-0.00038411
33.03	-0.00047529	-0.00017583	-0.09815370	0.00031251	0.00045018	-0.00093944
33.04	-0.00034876	0.00011529	-0.09778702	-0.00049282	0.00125677	-0.00107529
33.05	-0.00003424	0.00004849	-0.09797638	-0.00063560	-0.00038971	-0.00087232
33.06	0.00000982	0.00031458	-0.09818258	0.00051183	0.00009529	-0.00031346
33.07	-0.00014232	0.00008868	-0.09781035	0.00050667	-0.00004753	-0.00125406
33.08	-0.00030033	-0.00003739	-0.09822852	0.00054915	-0.00105156	0.00008037
33.09	-0.00005703	0.00015558	-0.09808177	-0.00063663	-0.00034017	0.00053101
33.10	-0.00031159	0.00020585	-0.09791523	-0.00015646	0.00040516	-0.00012411
33.11	-0.00013746	0.00016883	-0.09780433	-0.00064862	-0.00003071	-0.00000275
33.12	-0.00009747	0.00001076	-0.09774296	0.00071325	0.00004933	0.00074356
33.13	-0.00013246	0.00010311	-0.09794973	-0.00055233	0.00021187	0.00150256
33.14	-0.00026829	0.00015805	-0.09784610	-0.00104325	-0.00053738	0.00012638
33.15	-0.00026771	0.00010364	-0.09787130	0.00014487	-0.00053325	-0.00032426
33.16	0.00001907	-0.00016391	-0.09794244	-0.00006734	-0.00064725	0.00007017
33.17	0.00016678	-0.00026527	-0.09754481	-0.00025626	-0.00020445	0.00041760
33.18	-0.00021825	0.00014735	-0.09770307	0.00035777	-0.00058875	0.00036360
33.19	0.00005070	-0.00026359	-0.09799136	-0.00017170	-0.00028706	0.00074933
33.20	-0.00019378	-0.00006301	-0.09765333	0.00027123	-0.00098365	0.00048132
33.21	-0.00007914	-0.00008535	-0.09782082	0.00008193	-0.00074953	0.00011017
33.22	-0.00027411	-0.00019983	-0.09786077	-0.00081750	-0.00114171	0.00058743
33.23	-0.00006014	0.00010220	-0.09773994	0.00005874	0.00002112	0.00030079
33.24	0.00007896	0.00032460	-0.09782241	0.00056086	-0.00103517	0.00066493
33.25	-0.00009788	0.00018270	-0.09769651	0.00044800	-0.00076940	0.00016306
33.26	0.00000732	0.00004698	-0.09792772	0.00015593	-0.00061653	0.00075088
33.27	-0.00036233	-0.00002985	-0.09769278	0.00068156	-0.00035731	-0.00035400
33.28	-0.00038287	-0.00018244	-0.09787750	0.00111065	-0.00025822	-0.00005940
33.29	0.00000164	-0.00004351	-0.09810805	0.00130133	-0.00000460	0.00134009
33.30	-0.00012888	-0.00010319	-0.09787198	0.00096766	0.00086266	-0.00031762
33.31	-0.00017655	-0.00031317	-0.09803836	-0.00020810	-0.00038738	-0.00102504
33.32	-0.00021022	-0.00009153	-0.09799557	0.00024877	0.00010691	0.00053318
33.33	-0.00015682	-0.00001089	-0.09779208	-0.00106098	0.00125603	0.00014518
33.34	-0.00005329	-0.00022041	-0.09788402	-0.00051542	-0.00026752	0.00004092
33.35	-0.00028810	-0.00009184	-0.09769277	-0.00001864	-0.00049233	-0.00023058
33.36	-0.00014979	0.00033417	-0.09755531	0.00007074	0.00001420	-0.00080406
33.37	-0.00007264	0.00015810	-0.09774134	-0.00035409	0.00009134	-0.00082452
33.38	-0.00009658	-0.00005513	-0.09784351	-0.00003726	-0.00040669	0.00035693
33.39	-0.00014207	-0.00008908	-0.09813705	-0.00064092	-0.00026115	-0.00001763
33.40	0.00025789	0.00014555	-0.09808177	-0.00083630	-0.00054502	-0.00156529
33.41	-0.00020758	0.00024275	-0.09769108	-0.00013868	-0.00084724	-0.00115652
33.42	-0.00027131	0.00039806	-0.09787389	0.00001825	0.00032981	-0.00145573
33.43	-0.00030690	0.00013219	-0.09756791	-0.00013785	-0.00056587	-0.00063392
33.44	-0.00019359	0.00014937	-0.09793836	0.00048913	-0.00017789	-0.00075922
33.45	-0.00000493	-0.00010800	-0.09768463	0.00043810	0.00028783	-0.00115322
33.46	-0.00004430	-0.00009506	-0.09788061	-0.00011342	-0.00026494	-0.00063474
33.47	-0.00009342	-0.00023151	-0.09788309	0.00221806	-0.00002392	0.00001719
33.48	-0.00034094	-0.00011530	-0.09790981	0.00163654	-0.00083473	-0.00059232
33.49	0.00011777	-0.00005358	-0.09810937	0.00078954	-0.00105714	-0.00005777
33.50	-0.00017495	-0.00008975	-0.09823017	-0.00012533	-0.00170474	-0.00001526
33.51	-0.00005466	-0.00031362	-0.09820356	0.00042998	-0.00110733	-0.00037277
33.52	-0.00051008	0.00005245	-0.09825112	0.00117390	-0.00146837	-0.00010240
33.53	0.00004598	-0.00009588	-0.09771699	0.00093232	-0.00065577	-0.00109495
33.54	-0.00012519	-0.00015767	-0.09792269	0.00031632	-0.00112792	-0.00032848
33.55	0.00013233	-0.00011208	-0.09798804	0.00029745	-0.00098429	-0.00011595
33.56	-0.00004386	-0.00002046	-0.09811420	-0.00081728	-0.00089926	-0.00075280
33.57	-0.00007357	-0.00022696	-0.09793194	0.00007203	-0.00116511	-0.00010043
33.58	-0.00002690	-0.00037214	-0.09787336	0.00025831	-0.00147740	-0.00104565
33.59	-0.00014129	-0.00013108	-0.09803283	0.00023192	-0.00110568	-0.00080069
33.60	0.00013312	-0.00005312	-0.09781140	0.00084956	-0.00085626	-0.00067573
33.61	-0.00006662	-0.00001637	-0.09799166	-0.00045520	-0.00024692	-0.00041992
33.62	-0.00009046	-0.00002587	-0.09796284	0.00124184	-0.00103597	-0.00054404
33.63	-0.00006603	0.00002233	-0.09797528	-0.00014325	-0.00015997	-0.00064313
33.64	0.00022572	0.00004475	-0.09793331	0.00000416	-0.00045367	-0.00015682
33.65	0.00009319	-0.00014399	-0.09789796	0.00072854	-0.00108722	-0.00022097
33.66	0.00012273	0.00020504	-0.09788897	0.00020838	-0.00190037	-0.00096275
33.67	-0.00022088	0.00002152	-0.09797041	-0.00014721	-0.00126082	-0.00080954
33.68	-0.00033344	-0.00009890	-0.09809677	0.00000410	-0.00162528	0.00019953
33.69	-0.00003596	-0.00015627	-0.09799453	-0.00124379	-0.00150316	-0.00144337
33.70	0.00006143	0.00003643	-0.09774753	-0.00132603	-0.00120604	-0.00062340
33.71	0.00001616	-0.00020197	-0.09788930	0.00018657	-0.00084958	-0.00112313
33.72	-0.00014790	-0.00011620	-0.09799618	0.00002109	-0.00073989	-0.00032166
33.73	0.00002769	-0.00045353	-0.09775309	-0.00010117	0.00007700	-0.00116307
33.74	-0.00007968	-0.00022371	-0.09795665	-0.00048826	-0.00087868	0.00039420
33.75	-0.00028317	0.00004622	-0.09789665	-0.00048209	-0.00122025	-0.00124635
33.76	-0.00011688	-0.00023680	-0.09793317	-0.00055090	-0.00012459	-0.00040060
33.77	-0.00013625	-0.00000454	-0.09775560	-0.00013348	-0.00169315	0.00038797
33.78	0.00023146	0.00014691	-0.09781044	0.00043418	-0.00144040	-0.00022610
33.79	-0.00039349	0.00005333	-0.09793881	-0.00005205	-0.00003408	-0.00011110
33.80	-0.00025690	0.00014802	-0.09795001	-0.00011843	0.00057337	0.00056063
33.81	-0.00011985	0.00003379	-0.09782047	0.00038831	-0.00136274	-0.00005486
33.82	-0.00001579	-0.00029794	-0.09786567	-0.00104091	0.00086313	-0.00024823
33.83	-0.00013984	-0.00034911	-0.09788151	-0.00044466	-0.00058089	-0.00107187
33.84	-0.00002399	-0.00013935	-0.09760004	-0.00077358	0.00013263	0.00002419
33.85	-0.00011754	-0.00001173	-0.09793836	-0.00084641	0.00012790	-0.00047642
33.86	0.00000375	-0.00009190	-0.09767081	-0.00009068	-0.00060314	-0.00007836
33.87	-0.00008685	-0.00005365	-0.09762470	-0.00071465	0.00012230	-0.00028931
33.88	-0.00015651	0.00022357	-0.09784624	-0.00039146	-0.00113725	-0.00112731
33.89	-0.00018666	-0.00008471	-0.09775396	-0.00023277	-0.00031562	-0.00034449
33.90	-0.00026288	-0.00015348	-0.09805924	0.00036208	-0.00076973	0.00016150
33.91	-0.00024417	0.00014038	-0.09742636	-0.00074444	-0.00064799	-0.00082278
33.92	-0.00027507	-0.00005160	-0.09779532	-0.00073507	-0.00006365	0.00008101
33.93	-0.00005780	-0.00017647	-0.09777384	-0.00043949	0.00046018	0.00075306
33.94	0.00012160	0.00026489	-0.09773230	0.00013982	0.00013298	0.00035225
33.95	-0.00008367	-0.00022999	-0.09772844	0.00017776	-0.00043394	-0.00095147
33.96	0.00000482	-0.00001225	-0.09765855	0.00027894	0.00053600	0.00013324
33.97	0.00009971	0.00029752	-0.09795788	-0.00053145	-0.00075425	-0.00111606
33.98	0.00011508	-0.00010126	-0.09781799	-0.00086854	0.00028861	-0.00134114
33.99	-0.00021878	0.00004204	-0.09777911	-0.00022775	-0.00009577	-0.00069544
34.00	-0.00005629	0.00027221	-0.09786313	-0.00064470	0.00101477	-0.00066355
34.01	-0.00002717	-0.00025541	-0.09795013	-0.00071954	-0.00016009	0.00031312
34.02	-0.00045534	0.00004411	-0.09791054	-0.00073323	-0.00087055	0.00045004
34.03	0.00003507	-0.00005324	-0.09847917	-0.00025624	-0.00057236	0.00005440
34.04	-0.00009390	0.00009086	-0.09773294	-0.00093632	0.00021369	-0.00033179
34.05	-0.00017900	-0.00007750	-0.09778401	-0.00146823	-0.00058225	-0.00057637
34.06	-0.00022612	0.00021239	-0.09808032	-0.00035679	-0.00041279	0.00024229
34.07	0.00000897	0.00008420	-0.09794166	0.00032381	-0.00017490	0.00092738
34.08	-0.00014967	0.00009499	-0.09824530	-0.00008673	0.00013618	-0.00015813
34.09	-0.00004936	-0.00006038	-0.09787609	0.00012353	0.00035570	0.00072955
34.10	-0.00001699	0.00007250	-0.09820282	-0.00013346	0.00009794	-0.00007845
34.11	-0.00023559	0.00033501	-0.09783297	-0.00053636	0.00040046	-0.00026868
34.12	0.00004979	-0.00004021	-0.09806352	0.00069550	0.00150961	-0.00030543
34.13	-0.00002162	0.00023364	-0.09789556	-0.00022634	0.00097919	0.00087038
34.14	-0.00013666	-0.00011633	-0.09813202	-0.00010998	0.00094728	0.00131619
34.15	-0.00004718	0.00007264	-0.09792639	0.00044107	0.00135529	-0.00035711
34.16	-0.00013992	-0.00031385	-0.09792119	0.00114389	0.00107460	-0.00016402
34.17	0.00002629	0.00008765	-0.09783442	0.00068143	0.00053786	-0.00052786
34.18	-0.00008995	-0.00000709	-0.09779404	-0.00148869	0.00025494	-0.00077756
34.19	0.00036044	-0.00000045	-0.09810899	-0.00032680	0.00030657	-0.00086801
34.20	0.00003650	0.00014554	-0.09789774	-0.00044411	0.00118420	0.00035677
34.21	-0.00035911	-0.00024886	-0.09787844	0.00117991	0.00024462	0.00077854
34.22	0.00004876	-0.00015440	-0.09785198	-0.00031511	0.00086485	0.00158708
34.23	-0.00001196	-0.00001219	-0.09782168	-0.00013079	-0.00093629	0.00179057
34.24	0.00012266	0.00018231	-0.09819682	-0.00103974	0.00035349	0.00074383
34.25	0.00008307	0.00023567	-0.09797051	0.00064139	0.00005151	0.00090602
34.26	0.00016081	0.00008249	-0.09792654	0.00095781	0.00015385	0.00025271
34.27	0.00005206	0.00040325	-0.09791975	0.00038578	0.00040462	-0.00015145
34.28	0.00017359	0.00010251	-0.09794550	0.00008516	0.00037036	0.00010970
34.29	0.00003974	-0.00013021	-0.09789484	0.00112682	-0.00015709	-0.00025847
34.30	0.00007632	0.00011472	-0.09765202	0.00022915	0.00092931	0.00029133
34.31	0.00017091	0.00043849	-0.09798695	0.00054751	0.00030104	0.00062378
34.32	0.00001469	-0.00025913	-0.09806687	0.00051084	0.00079146	-0.00018869
34.33	-0.00016351	0.00030429	-0.09809016	0.00091844	0.00037918	-0.00072830
34.34	0.00021106	0.00009613	-0.09820480	0.00009656	0.00015389	-0.00080735
34.35	-0.00002362	0.00019532	-0.09777921	0.00113315	-0.00021445	-0.00043068
34.36	-0.00011401	0.00014923	-0.09786765	0.00007792	-0.00039205	-0.00044255
34.37	-0.00005412	0.00011898	-0.09788704	0.00008560	0.00067637	-0.00021602
34.38	0.00012881	0.00020727	-0.09796141	-0.00014459	-0.00099833	0.00031558
34.39	0.00003862	0.00035047	-0.09807832	0.00117359	-0.00036189	-0.00042287
34.40	0.00003711	0.00056905	-0.09822545	0.00138436	0.00112566	0.00097047
34.41	-0.00010918	0.00032331	-0.09815011	0.00104414	0.00121151	-0.00067843
34.42	-0.00005376	0.00003095	-0.09802625	-0.00008673	0.00155190	-0.00014332
34.43	-0.00005217	-0.00004783	-0.09806970	0.00033775	0.00162386	-0.00017909
34.44	-0.00007240	0.00031979	-0.09779952	0.00086261	0.00045585	-0.00029080
34.45	0.00007587	-0.00011319	-0.09794596	-0.00022459	0.00033562	0.00027644
34.46	0.00005870	0.00007081	-0.09809079	-0.00123723	-0.00051799	-0.00054038
34.47	-0.00017776	0.00000670	-0.09798732	0.00011095	0.00036448	0.00020479
34.48	-0.00016418	0.00028353	-0.09783972	0.00042351	0.00082483	0.00073724
34.49	-0.00014589	0.00004642	-0.09775585	-0.00058609	0.00083109	0.00204000
34.50	0.00004236	0.00009153	-0.09807280	0.00059652	-0.00000783	-0.00029478
34.51	0.00008971	0.00012823	-0.09794847	0.00031695	0.00046169	0.00040540
34.52	-0.00003938	0.00011595	-0.09799053	0.00027221	-0.00024664	0.00036468
34.53	0.00023789	0.00007067	-0.09803872	-0.00026874	0.00051982	0.00026489
34.54	-0.00006938	0.00027444	-0.09798636	-0.00038154	0.00096579	-0.00032260
34.55	0.00003451	0.00011445	-0.09808171	-0.00012835	0.00040089	-0.00108026
34.56	0.00045948	0.00000588	-0.09807309	-0.00054800	0.00070355	-0.00039021
34.57	0.00025530	-0.00011297	-0.09761690	0.00030795	0.00121595	0.00071398
34.58	0.00013998	0.00022901	-0.09809192	0.00052144	0.00049883	-0.00076436
34.59	0.00012040	0.00029179	-0.09810544	-0.00000358	0.00067319	-0.00007391
34.60	0.00002926	-0.00022301	-0.09783452	0.00008610	0.00052225	-0.00000552
34.61	0.00044288	-0.00011358	-0.09784928	-0.00031696	0.00070138	-0.00048909
34.62	-0.00020188	0.00012180	-0.09788741	-0.00078059	0.00062268	-0.00020747
34.63	-0.00022331	0.00001096	-0.09772826	0.00003298	-0.00029882	0.00021216
34.64	-0.00015714	-0.00017332	-0.09761027	0.00028053	-0.00002921	-0.00108969
34.65	0.00004704	-0.00014062	-0.09803119	0.00036561	0.00023875	0.00016301
34.66	0.00004438	-0.00033570	-0.09793674	-0.00011004	0.00138642	-0.00140487
34.67	0.00005901	-0.00011045	-0.09765181	-0.00019098	0.00069751	-0.00109707
34.68	0.00007476	0.00020438	-0.09782671	-0.00027349	0.00075918	-0.00077432
34.69	-0.00000318	0.00015054	-0.09782244	-0.00005449	0.00126146	-0.00097033
34.70	-0.00003617	0.00003290	-0.09809644	0.00005776	0.00051359	0.00049875
34.71	-0.00043124	0.00000317	-0.09790629	0.00012866	-0.00030050	-0.00047617
34.72	-0.00015336	0.00006986	-0.09793647	-0.00041192	0.00064329	-0.00021647
34.73	-0.00004069	0.00010926	-0.09784165	-0.00037126	0.00064884	-0.00062444
34.74	-0.00009761	0.00001588	-0.09771006	0.00000133	0.00095624	-0.00024892
34.75	-0.00017230	-0.00022870	-0.09772071	0.00091188	0.00076475	-0.00026229
34.76	-0.00020071	-0.00006860	-0.09778152	0.00098752	-0.00072356	-0.00199517
34.77	0.00015651	-0.00017611	-0.09794430	0.00073520	-0.00011203	-0.00048249
34.78	0.00004762	-0.00016544	-0.09787310	0.00008208	0.00023987	-0.00092067
34.79	0.00004822	-0.00035299	-0.09769335	-0.00040555	0.00000673	-0.00026439
34.80	-0.00028223	-0.00005187	-0.09811730	-0.00015772	0.00123132	0.00056519
34.81	-0.00001590	-0.00001539	-0.09802730	0.00012194	0.00105798	-0.00098703
34.82	0.00012654	0.00003763	-0.09767534	-0.00014095	0.00089361	-0.00112413
34.83	0.00014142	-0.00007470	-0.09772951	-0.00025657	0.00119042	-0.00135490
34.84	0.00005035	-0.00015428	-0.09779054	-0.00055661	0.00138929	0.00006082
34.85	-0.00014979	-0.00003901	-0.09788955	0.00013760	0.00043814	-0.00068791
34.86	-0.00006385	0.00003693	-0.09800463	0.00022038	-0.00028517	-0.00095324
34.87	-0.00013940	-0.00046958	-0.09809847	0.00006567	0.00084019	-0.00069595
34.88	-0.00030764	-0.00015495	-0.09790487	-0.00028127	0.00048734	-0.00017729
34.89	-0.00015389	-0.00043567	-0.09771697	0.00052685	0.00015486	0.00043322
34.90	-0.00023333	0.00006303	-0.09798047	0.00036499	0.00022292	-0.00038631
34.91	0.00009329	0.00011970	-0.09788138	0.00056650	0.00010547	-0.00012047
34.92	0.00005186	-0.00006864	-0.09788241	-0.00005797	0.00116180	-0.00092406
34.93	0.00000221	0.00009283	-0.09779191	0.00040727	0.00205531	-0.00033584
34.94	-0.00027406	0.00006045	-0.09787995	0.00059213	0.00037545	-0.00115536
34.95	0.00025185	-0.00013515	-0.09808173	-0.00025536	0.00060933	0.00116282
34.96	-0.00017591	-0.00004193	-0.09812796	0.00024879	0.00139383	0.00019278
34.97	-0.00021313	-0.00026600	-0.09813229	0.00089044	0.00163644	0.00027262
34.98	0.00015684	0.00003103	-0.09800209	0.00096766	0.00152873	0.00105861
34.99	0.00013685	-0.00016455	-0.09766509	0.00046439	0.00101058	-0.00016157
35.00	-0.00007061	-0.00031156	-0.09772873	0.00063063	0.00004119	0.00010129
35.01	-0.00011039	0.00009667	-0.09801919	0.00091378	0.00071119	-0.00014104
35.02	0.00002295	0.00005191	-0.09785246	0.00106551	0.00107631	-0.00046111
35.03	-0.00004771	-0.00003098	-0.09797137	0.00055634	0.00118132	-0.00074482
35.04	0.00007822	0.00002785	-0.09776801	-0.00035722	0.00046405	-0.00123287
35.05	-0.00009523	-0.00000760	-0.09788414	-0.00014917	0.00108292	-0.00038080
35.06	-0.00029437	-0.00013847	-0.09804885	0.00008366	0.00101947	-0.00005950
35.07	-0.00021481	-0.00008583	-0.09788807	-0.00025046	0.00045221	-0.00014254
35.08	0.00040346	-0.00006296	-0.09791598	-0.00001078	-0.00025270	-0.00094781
35.09	-0.00008506	-0.00011680	-0.09777750	-0.00018864	-0.00076803	-0.00101430
35.10	-0.00032001	-0.00012118	-0.09810346	-0.00096101	0.00077551	-0.00116188
35.11	-0.00013732	-0.00022841	-0.09755860	0.00042888	-0.00019109	-0.00084220
35.12	0.00016904	-0.00005899	-0.09781743	0.00027108	-0.00012099	-0.00089709
35.13	-0.00006310	-0.00034554	-0.09785535	0.00207308	0.00061964	0.00041697
35.14	0.00008325	0.00001798	-0.09792623	0.00026724	0.00059389	-0.00113670
35.15	0.00014273	0.00004960	-0.09799759	0.00071540	-0.00044671	-0.00193395
35.16	-0.00029296	0.00001302	-0.09801556	0.00242941	-0.00115332	-0.00146160
35.17	0.00010622	-0.00013568	-0.09782215	0.00158857	-0.00062543	-0.00037777
35.18	0.00028509	0.00011307	-0.09797551	0.00018806	-0.00085087	-0.00111955
35.19	0.00017433	0.00004799	-0.09769719	0.00019257	-0.00037266	-0.00140088
35.20	0.00024350	-0.00014138	-0.09775625	0.00048206	-0.00083193	-0.00107384
35.21	0.00014530	-0.00023614	-0.09769535	0.00092418	0.00056249	-0.00025169
35.22	0.00009318	-0.00031031	-0.09797807	0.00052416	0.00053541	-0.00127242
35.23	-0.00017963	-0.00012343	-0.09791086	0.00112135	0.00044370	-0.00030578
35.24	0.00031894	0.00005309	-0.09763200	0.00211315	-0.00009674	-0.00013832
35.25	0.00010323	-0.00028998	-0.09788633	0.00091191	-0.00005865	-0.00034621
35.26	0.00027122	-0.00015908	-0.09773943	0.00176840	0.00001000	-0.00028523
35.27	0.00031329	-0.00026971	-0.09773804	0.00157361	-0.00014091	0.00052093
35.28	-0.00017609	-0.00009140	-0.09783485	0.00167212	-0.00053470	-0.00060339
35.29	0.00013715	-0.00011157	-0.09780924	0.00244849	0.00102141	-0.00080666
35.30	0.00015868	-0.00038370	-0.09774658	0.00166070	-0.00009080	0.00066014
35.31	-0.00011454	-0.00006414	-0.09784024	0.00188724	-0.00016195	0.00006047
35.32	0.00051610	-0.00028012	-0.09778629	0.00149824	0.00014062	-0.00071641
35.33	0.00015430	-0.00017336	-0.09796374	0.00199168	0.00002236	-0.00036354
35.34	-0.00019181	-0.00041779	-0.09779208	0.00019241	0.00006219	0.00012199
35.35	0.00020781	-0.00009970	-0.09750460	0.00071656	0.00016531	0.00011110
35.36	0.00018575	-0.00000407	-0.09759226	0.00064455	0.00076345	0.00029332
35.37	-0.00002214	-0.00032751	-0.09782528	-0.00034563	-0.00063270	0.00027892
35.38	0.00018101	-0.00002371	-0.09789339	0.00069113	0.00089560	-0.00025792
35.39	0.00017532	-0.00025083	-0.09796192	0.00008389	0.00101863	0.00012125
35.40	0.00006242	-0.00041928	-0.09766304	-0.00025113	0.00019014	-0.00039158
35.41	-0.00004300	-0.00013608	-0.09792622	-0.00004924	0.00114080	0.00035898
35.42	0.00021717	-0.00028215	-0.09779262	0.00049992	0.00022577	0.00006146
35.43	0.00013995	-0.00025806	-0.09769444	0.00004306	0.00154629	-0.00031466
35.44	0.00002907	-0.00018818	-0.09787861	0.00013703	0.00129273	0.00030432
35.45	0.00008588	0.00017004	-0.09773776	0.00019123	-0.00004787	-0.00042893
35.46	0.00015738	0.00000383	-0.09796599	0.00054345	0.00080465	-0.00001549
35.47	0.00018157	-0.00009601	-0.09806373	0.00008727	0.00193739	0.00027150
35.48	0.00007402	-0.00044463	-0.09776387	-0.00011608	0.00011158	-0.00004834
35.49	0.00034940	-0.00025602	-0.09804142	-0.00019787	0.00011206	-0.00062349
35.50	-0.00004339	0.00005465	-0.09794623	-0.00020317	0.00056644	-0.00068789
35.51	0.00011290	-0.00005233	-0.09793024	-0.00003751	0.00144407	-0.00123296
35.52	-0.00014127	-0.00025259	-0.09769664	0.00030910	0.00067659	-0.00074675
35.53	0.00022319	-0.00030262	-0.09782663	0.00168495	0.00150793	-0.00046252
35.54	0.00006054	-0.00020321	-0.09783412	0.00185671	0.00084130	-0.00010203
35.55	-0.00011965	-0.00010300	-0.09812399	0.00142232	0.00123805	-0.00004670
35.56	-0.00001134	0.00003782	-0.09778055	0.00055302	0.00003310	-0.00015804
35.57	0.00021670	-0.00021476	-0.09785484	0.00102043	0.00211376	-0.00008103
35.58	-0.00012541	-0.00033750	-0.09795588	0.00161048	0.00153829	-0.00017497
35.59	-0.00005251	-0.00020349	-0.09795303	0.00027098	0.00072561	0.00068222
35.60	-0.00000273	-0.00033092	-0.09772011	0.00070720	0.00108757	-0.00067565
35.61	0.00020800	-0.00019540	-0.09787141	0.00083117	0.00116636	-0.00086683
35.62	-0.00003578	-0.00001869	-0.09777367	0.00054673	0.00000385	-0.00003742
35.63	-0.00000143	-0.00025869	-0.09795213	0.00052594	0.00013900	0.00001992
35.64	-0.00002575	0.00006792	-0.09812954	0.00028019	0.00085018	0.00072657
35.65	0.00020816	0.00002547	-0.09759940	0.00065408	0.00117621	0.00018479
35.66	0.00008590	0.00010987	-0.09775588	0.00050056	0.00133251	-0.00019411
35.67	-0.00011317	-0.00023689	-0.09801564	0.00079302	0.00074112	0.00081705
35.68	-0.00006027	-0.00027457	-0.09775610	0.00036099	-0.00011019	0.00067796
35.69	-0.00025677	-0.00006763	-0.09798737	-0.00020846	0.00142889	0.00033429
35.70	-0.00016444	0.00024639	-0.09795985	-0.00013643	0.00031058	-0.00166252
35.71	-0.00009080	-0.00027002	-0.09769158	0.00031911	0.00039005	-0.00177074
35.72	-0.00001751	-0.00019285	-0.09781676	0.00156393	0.00005196	-0.00118608
35.73	-0.00016519	0.00017003	-0.09788034	0.00027958	0.00014961	-0.00160464
35.74	-0.00016999	0.00003896	-0.09763520	0.00056739	0.00068239	0.00008246
35.75	-0.00035496	-0.00004963	-0.09801994	0.00172231	0.00076461	-0.00058665
35.76	-0.00010854	0.00003106	-0.09767956	0.00099409	0.00065469	-0.00002206
35.77	0.00023439	0.00014106	-0.09779082	0.00117349	0.00054947	-0.00048921
35.78	0.00011880	-0.00007474	-0.09773956	0.00136099	0.00038721	-0.00124316
35.79	0.00010996	-0.00003681	-0.09786546	0.00090170	0.00000162	-0.00106646
35.80	-0.00004317	-0.00016196	-0.09809634	0.00124437	0.00054449	-0.00086966
35.81	-0.00038807	0.00012295	-0.09790924	-0.00105373	-0.00058260	-0.00113569
35.82	0.00005368	-0.00003606	-0.09821484	-0.00000574	-0.00009944	-0.00104509
35.83	-0.00013033	0.00014588	-0.09791328	-0.00054453	0.00040617	-0.00048790
35.84	0.00004175	0.00013107	-0.09789416	0.00062902	0.00014551	-0.00021016
35.85	-0.00002183	-0.00008017	-0.09799584	0.00043554	-0.00059294	-0.00076620
35.86	-0.00012347	0.00015217	-0.09809084	-0.00046444	0.00033837	-0.00157856
35.87	-0.00011342	0.00012812	-0.09809285	-0.00021850	0.00003781	0.00003339
35.88	0.00016371	-0.00020398	-0.09764248	-0.00057815	-0.00081195	0.00065886
35.89	0.00023511	-0.00012400	-0.09790647	-0.00097253	0.00053284	-0.00058110
35.90	-0.00006021	-0.00021257	-0.09770291	-0.00033475	0.00125276	0.00045332
35.91	0.00011010	-0.00000877	-0.09793638	-0.00040835	0.00152599	0.00026028
35.92	0.00026173	0.00003745	-0.09763485	0.00007728	0.00013654	0.00084370
35.93	0.00000632	-0.00009946	-0.09786188	0.00023254	0.00066356	0.00037897
35.94	-0.00004743	-0.00039032	-0.09766116	0.00112287	0.00080733	0.00045295
35.95	-0.00009369	0.00004827	-0.09775893	0.00112554	0.00057216	0.00003117
35.96	-0.00027503	-0.00018631	-0.09803430	0.00073532	0.00082665	-0.00057401
35.97	-0.00046589	-0.00039513	-0.09779301	-0.00008067	-0.00010752	0.00009722
35.98	-0.00017554	-0.00003874	-0.09746044	-0.00021462	-0.00063229	-0.00031616
35.99	-0.00027078	-0.00018343	-0.09760281	-0.00051951	0.00067017	-0.00008131
36.00	-0.00008967	0.00005393	-0.09749115	0.00014414	-0.00021516	-0.00055991
36.01	-0.00025181	0.00018367	-0.09791835	0.00090077	-0.00003359	-0.00085141
36.02	-0.00015829	-0.00030886	-0.09772787	0.00062885	-0.00015166	-0.00084345
36.03	-0.00009008	-0.00023758	-0.09792764	0.00003812	-0.00107138	0.00063234
36.04	-0.00014504	-0.00020648	-0.09781688	0.00077814	-0.00021678	0.00080099
36.05	0.00007503	-0.00015309	-0.09758499	0.00069413	-0.00051554	-0.00004323
36.06	-0.00050575	-0.00021366	-0.09780657	-0.00028407	0.00033374	-0.00063755
36.07	-0.00017844	-0.00022249	-0.09769317	0.00021906	-0.00005250	-0.00019807
36.08	0.00004647	0.00005314	-0.09781743	0.00100989	-0.00051757	-0.00083838
36.09	-0.00026460	-0.00000850	-0.09780869	-0.00046684	0.00018604	0.00039648
36.10	-0.00010699	0.00007072	-0.09797839	0.00021504	-0.00014269	-0.00033024
36.11	-0.00023847	-0.00014426	-0.09813614	-0.00057039	-0.00006327	0.00022433
36.12	-0.00010411	0.00002181	-0.09798804	0.00099588	-0.00002269	-0.00092763
36.13	-0.00022513	-0.00009942	-0.09788597	0.00119126	0.00036136	-0.00048921
36.14	-0.00015060	0.00000765	-0.09785231	0.00066426	0.00053813	-0.00000488
36.15	0.00017230	0.00012078	-0.09814847	0.00152576	-0.00096063	-0.00049013
36.16	0.00002711	0.00015706	-0.09770424	0.00113355	-0.00065956	-0.00010822
36.17	-0.00015948	0.00004178	-0.09789086	0.00118627	0.00024958	0.00001902
36.18	-0.00003871	-0.00009760	-0.09791021	0.00030886	-0.00031266	0.00023029
36.19	-0.00010478	0.00000239	-0.09774472	0.00090135	0.00011185	0.00077449
36.20	0.00020424	-0.00023590	-0.09802012	0.00132026	-0.00060022	-0.00046120
36.21	-0.00037434	-0.00032353	-0.09783733	0.00107823	0.00016417	0.00038477
36.22	0.00005718	0.00028036	-0.09801967	0.00006837	0.00093149	0.00060591
36.23	-0.00025820	-0.00009870	-0.09801291	0.00072436	0.00023071	-0.00045088
36.24	-0.00028487	-0.00012452	-0.09792934	0.00041605	-0.00042892	0.00055150
36.25	-0.00017999	0.00024162	-0.09788651	0.00061589	0.00022416	-0.00050032
36.26	-0.00013451	-0.00006493	-0.09785354	0.00038679	-0.00039240	0.00027220
36.27	-0.00006546	-0.00024669	-0.09784624	0.00003233	0.00016274	-0.00052342
36.28	-0.00021008	0.00008098	-0.09778570	0.00004531	-0.00044622	-0.00003374
36.29	0.00011410	-0.00012287	-0.09761883	0.00042874	-0.00020161	-0.00043987
36.30	-0.00003274	-0.00032415	-0.09796847	0.00057852	-0.00016998	-0.00091124
36.31	-0.00016009	0.00014810	-0.09793785	0.00030994	0.00002915	-0.00070770
36.32	0.00007162	0.00009926	-0.09772720	0.00054479	-0.00039642	-0.00018478
36.33	0.00025500	0.00018480	-0.09799656	-0.00004839	-0.00122141	-0.00002645
36.34	-0.00005475	0.00002270	-0.09792462	-0.00003374	-0.00107034	-0.00069671
36.35	0.00012946	-0.00026158	-0.09794633	-0.00004700	-0.00117295	-0.00048738
36.36	-0.00006186	-0.00009185	-0.09784139	0.00120926	-0.00101291	0.00104940
36.37	0.00003733	0.00000197	-0.09781331	-0.00014538	-0.00081227	0.00090793
36.38	0.00003630	0.00012559	-0.09779692	-0.00041550	0.00031521	0.00006434
36.39	-0.00001941	-0.00031504	-0.09793831	0.00044049	-0.00006199	-0.00022076
36.40	-0.00002314	0.00032985	-0.09775311	0.00123756	0.00056872	-0.00052941
36.41	0.00020948	-0.00019148	-0.09764240	0.00106894	-0.00010477	0.00012252
36.42	-0.00006942	0.00008471	-0.09769839	0.00112456	0.00051552	-0.00034826
36.43	-0.00016346	-0.00006339	-0.09791895	0.00061333	-0.00063768	0.00082197
36.44	0.00001732	0.00011251	-0.09795935	0.00074430	-0.00134119	-0.00044816
36.45	0.00010532	-0.00013508	-0.09789541	0.00095188	-0.00135037	0.00002365
36.46	0.00014117	-0.00003110	-0.09755026	0.00131876	-0.00115094	-0.00008483
36.47	0.00046090	-0.00017795	-0.09799648	0.00041612	-0.00101570	-0.00014944
36.48	0.00031787	-0.00017177	-0.09802446	0.00066568	-0.00052723	-0.00053180
36.49	0.00031049	-0.00000487	-0.09793498	0.00107285	0.00005651	-0.00087519
36.50	0.00027193	-0.00002572	-0.09808364	0.00128865	0.00042174	-0.00034430
36.51	0.00001569	-0.00003922	-0.09798379	0.00120740	-0.00094432	-0.00053552
36.52	0.00011534	0.00007820	-0.09762966	0.00141901	-0.00117656	-0.00085971
36.53	-0.00014173	-0.00008328	-0.09771698	0.00156135	-0.00054378	-0.00022418
36.54	0.00011678	-0.00001063	-0.09792304	0.00113604	0.00004857	0.00034849
36.55	0.00004113	-0.00000583	-0.09803045	0.00166950	0.00017786	0.00072680
36.56	-0.00007255	0.00018866	-0.09784177	0.00176245	-0.00040040	0.00097148
36.57	-0.00019658	0.00000592	-0.09797287	0.00106992	-0.00003256	-0.00094226
36.58	0.00017458	-0.00027924	-0.09771245	-0.00001600	-0.00050290	-0.00073880
36.59	-0.00012604	-0.00006383	-0.09764272	0.00110879	-0.00075743	0.00020992
36.60	-0.00008164	-0.00006082	-0.09777356	0.00117591	-0.00034784	-0.00013205
36.61	0.00021097	-0.00008375	-0.09779807	0.00083864	-0.00036398	-0.00116750
36.62	0.00011530	-0.00026683	-0.09774842	-0.00030705	0.00022281	-0.00113143
36.63	-0.00023392	-0.00028677	-0.09787913	0.00059387	-0.00007285	-0.00096686
36.64	-0.00000336	-0.00028693	-0.09775018	-0.00044722	-0.00023199	-0.00086451
36.65	0.00001038	-0.00019268	-0.09796753	0.00022944	0.00011342	-0.00026375
36.66	0.00010124	0.00000789	-0.09794222	-0.00003996	-0.00041140	-0.00051180
36.67	-0.00003801	0.00005913	-0.09777753	-0.00006937	0.00023241	0.00058151
36.68	0.00030377	-0.00010592	-0.09795650	0.00028506	-0.00137029	0.00035239
36.69	-0.00012190	-0.00015215	-0.09778192	0.00115875	-0.00059869	-0.00048009
36.70	0.00013191	-0.00002217	-0.09780552	0.00039699	0.00008963	-0.00089581
36.71	-0.00016359	0.00030964	-0.09790206	-0.00038419	-0.00055521	-0.00067010
36.72	-0.00004076	-0.00008890	-0.09796230	0.00046850	-0.00062838	-0.00121520
36.73	-0.00024400	0.00004447	-0.09799919	0.00049947	-0.00140578	-0.00061282
36.74	-0.00020041	0.00016741	-0.09793954	0.00077811	-0.00132907	-0.00062130
36.75	-0.00001877	-0.00013359	-0.09783197	0.00059400	-0.00033775	0.00028082
36.76	0.00008552	-0.00004801	-0.09784878	0.00004074	0.00055181	-0.00099994
36.77	-0.00010226	0.00002042	-0.09802668	0.00081316	0.00010608	-0.00082056
36.78	-0.00020658	0.00014304	-0.09817092	0.00116016	-0.00017500	-0.00114612
36.79	0.00005571	-0.00010452	-0.09793061	0.00023719	-0.00034409	-0.00081167
36.80	-0.00041140	-0.00023967	-0.09760680	0.00027444	0.00034696	-0.00059258
36.81	-0.00006271	-0.00033619	-0.09799752	0.00045181	-0.00089577	-0.00116450
36.82	-0.00024818	-0.00000808	-0.09803737	0.00033056	-0.00049925	-0.00070467
36.83	0.00005209	-0.00008085	-0.09794620	0.00071833	-0.00025749	-0.00071163
36.84	0.00010698	-0.00010187	-0.09774082	0.00010282	0.00031836	-0.00075004
36.85	0.00015540	0.00010252	-0.09801591	0.00065570	0.00097683	-0.00053458
36.86	-0.00006774	0.00006396	-0.09819670	0.00017568	-0.00019841	-0.00020765
36.87	0.00003907	0.00008441	-0.09806726	0.00065457	-0.00020686	-0.00005569
36.88	0.00028704	0.00007466	-0.09777080	0.00011414	-0.00040815	0.00004698
36.89	0.00013842	0.00002762	-0.09771269	0.00026201	-0.00001618	-0.00062511
36.90	0.00007159	0.00005619	-0.09786025	-0.00017440	0.00009066	-0.00028202
36.91	-0.00010010	0.00025985	-0.09799594	0.00055102	-0.00050756	-0.00098176
36.92	0.00002162	0.00016864	-0.09797139	0.00018447	-0.00107123	-0.00125330
36.93	0.00031796	-0.00008143	-0.09793365	0.00001356	0.00042974	0.00016156
36.94	0.00024307	-0.00005198	-0.09778311	0.00003980	-0.00023290	0.00017597
36.95	0.00016772	-0.00004571	-0.09784379	0.00029989	0.00094280	0.00150561
36.96	0.00025762	-0.00022695	-0.09784601	0.00000532	0.00029611	0.00056820
36.97	0.00022214	0.00022547	-0.09755414	-0.00092549	0.00066515	0.00001149
36.98	0.00002239	0.00008172	-0.09788454	-0.00013836	-0.00068247	-0.00042470
36.99	0.00008907	0.00010652	-0.09788124	-0.00011483	-0.00015259	0.00014876
37.00	0.00015373	-0.03005435	-0.09793276	-0.00040240	-0.00055753	-0.90023795
37.01	0.00047670	-0.03016554	-0.09809171	-0.00028580	-0.00040637	-0.90069799
37.02	0.00016405	-0.03027649	-0.09795025	0.00060778	-0.00013323	-0.90005107
37.03	0.00031702	-0.03019946	-0.09793420	0.00006647	-0.00086847	-0.90173384
37.04	0.00027540	-0.03020205	-0.09792293	-0.00001340	-0.00051078	-0.90072894
37.05	0.00010463	-0.02981302	-0.09772204	-0.00033836	-0.00022420	-0.90127489
37.06	0.00021766	-0.03034269	-0.09797727	-0.00082107	-0.00049208	-0.90071382
37.07	0.00016836	-0.03016834	-0.09800231	-0.00023596	-0.00154893	-0.90031553
37.08	0.00008161	-0.03044475	-0.09794106	-0.00032497	-0.00030528	-0.90045865
37.09	0.00012353	-0.03028804	-0.09832113	0.00019318	-0.00017893	-0.89991290
37.10	0.00033193	-0.03032039	-0.09824302	0.00006619	0.00015185	-0.90057762
37.11	0.00008362	-0.03026946	-0.09779305	0.00039108	-0.00040492	-0.90039681
37.12	-0.00001114	-0.03011376	-0.09809666	-0.00158099	-0.00095268	-0.90003501
37.13	-0.00005642	-0.03008568	-0.09804431	-0.00128152	0.00041564	-0.90041425
37.14	-0.00031732	-0.03016587	-0.09773653	-0.00100578	-0.00105617	-0.90135536
37.15	0.00019142	-0.03015206	-0.09781445	-0.00084143	-0.00005238	-0.90015044
37.16	0.00010351	-0.03001787	-0.09793371	-0.00111459	-0.00019202	-0.90044155
37.17	0.00034585	-0.03057508	-0.09774555	-0.00050090	-0.00023069	-0.90047208
37.18	0.00002838	-0.03004677	-0.09766713	-0.00085522	-0.00129989	-0.90062963
37.19	0.00017522	-0.02989538	-0.09779680	-0.00070834	-0.00109834	-0.90040360
37.20	-0.00020265	-0.02992377	-0.09798377	-0.00022579	-0.00047571	-0.90191579
37.21	0.00006419	-0.03016876	-0.09788245	-0.00098572	-0.00054389	-0.90136051
37.22	0.00007704	-0.02992761	-0.09811119	-0.00038825	-0.00001973	-0.90109311
37.23	-0.00002409	-0.03006319	-0.09796842	0.00071541	-0.00007052	-0.90124900
37.24	0.00005303	-0.03028401	-0.09799716	0.00079749	-0.00097222	-0.90109546
37.25	0.00032774	-0.03009123	-0.09786377	-0.00075949	-0.00056317	-0.89990346
37.26	-0.00001355	-0.03012663	-0.09815984	-0.00005105	-0.00027368	-0.90145427
37.27	-0.00002564	-0.02996141	-0.09784022	0.00026910	-0.00128292	-0.90133168
37.28	0.00002831	-0.03006222	-0.09808268	0.00020366	-0.00000992	-0.90041232
37.29	0.00019800	-0.03020209	-0.09786115	-0.00108092	-0.00035065	-0.90095172
37.30	0.00021962	-0.03012687	-0.09791142	-0.00075033	-0.00003531	-0.90081081
37.31	0.00004777	-0.03022625	-0.09789691	0.00004274	0.00015852	-0.89973316
37.32	0.00011632	-0.03038140	-0.09819496	-0.00090056	0.00041999	-0.90032657
37.33	0.00002191	-0.03023503	-0.09789057	-0.00015458	-0.00061091	-0.90066946
37.34	-0.00014853	-0.03030353	-0.09806591	0.00054984	-0.00022795	-0.90069049
37.35	-0.00006382	-0.03033237	-0.09789482	-0.00099162	-0.00008302	-0.90083696
37.36	0.00010910	-0.03017610	-0.09806630	-0.00047279	-0.00027874	-0.89979559
37.37	0.00016347	-0.03017939	-0.09826158	-0.00169894	0.00009460	-0.90003452
37.38	0.00024415	-0.03000603	-0.09800590	-0.00066637	0.00001320	-0.89992438
37.39	0.00040537	-0.03034920	-0.09784999	0.00006671	0.00044808	-0.90090306
37.40	-0.00005771	-0.03016497	-0.09809212	0.00055442	0.00003018	-0.90044501
37.41	0.00003480	-0.03008571	-0.09766307	0.00002044	0.00021572	-0.90093102
37.42	0.00024494	-0.03012379	-0.09785279	0.00007119	0.00049536	-0.90042708
37.43	-0.00019605	-0.03010844	-0.09808260	-0.00076467	0.00000351	-0.89980036
37.44	-0.00018680	-0.03012964	-0.09812765	-0.00075622	-0.00062315	-0.90015442
37.45	-0.00001222	-0.03002299	-0.09818876	-0.00101915	-0.00121914	-0.89998210
37.46	0.00015929	-0.02994050	-0.09775503	-0.00131530	-0.00100539	-0.89961383
37.47	-0.00011275	-0.02981479	-0.09793451	-0.00052628	-0.00031512	-0.89981893
37.48	0.00013999	-0.02999968	-0.09808497	-0.00037966	0.00020543	-0.89951233
37.49	0.00007015	-0.02992971	-0.09793102	-0.00044699	0.00005252	-0.90012714
37.50	0.00001248	-0.03023886	-0.09793683	-0.00031999	-0.00071366	-0.90041554
37.51	0.00009362	-0.02995779	-0.09809545	0.00008336	-0.00034824	-0.89954774
37.52	-0.00011212	-0.03026661	-0.09774346	0.00042212	-0.00098176	-0.89937181
37.53	0.00009515	-0.03013149	-0.09771579	0.00099702	-0.00062623	-0.89974970
37.54	0.00029102	-0.03031474	-0.09760633	-0.00104468	0.00001023	-0.90105303
37.55	-0.00003809	-0.03005455	-0.09801360	0.00067219	-0.00071443	-0.90040476
37.56	-0.00023773	-0.03019239	-0.09803029	0.00014531	-0.00048036	-0.90013467
37.57	0.00004584	-0.02995502	-0.09765732	-0.00027916	-0.00042127	-0.89954142
37.58	0.00020027	-0.03022501	-0.09796412	0.00107959	-0.00190899	-0.89942042
37.59	0.00028530	-0.03009735	-0.09800912	0.00055112	-0.00118599	-0.90002154
37.60	0.00005552	-0.03014025	-0.09800169	0.00052650	-0.00101849	-0.89934227
37.61	0.00004191	-0.03020459	-0.09784923	0.00075388	0.00076491	-0.89937462
37.62	0.00003256	-0.02995282	-0.09807753	-0.00138898	0.00040512	-0.90059270
37.63	-0.00012407	-0.03002323	-0.09805897	0.00086961	-0.00018038	-0.89966573
37.64	-0.00007318	-0.03011980	-0.09804136	-0.00000545	-0.00119341	-0.90024735
37.65	-0.00001675	-0.03015435	-0.09803115	0.00000494	0.00044341	-0.90003600
37.66	0.00012282	-0.03003507	-0.09798440	0.00017374	0.00005606	-0.90160969
37.67	0.00009577	-0.02982060	-0.09796490	-0.00019499	-0.00084137	-0.90013620
37.68	-0.00010138	-0.02999360	-0.09789993	-0.00028969	-0.00038997	-0.90013721
37.69	0.00021627	-0.02991970	-0.09814672	-0.00113540	-0.00079308	-0.89986391
37.70	-0.00016597	-0.02984592	-0.09803316	0.00016784	-0.00006919	-0.90028060
37.71	-0.00018400	-0.03010025	-0.09794303	0.00057837	-0.00093423	-0.89935701
37.72	-0.00004265	-0.03026135	-0.09830878	0.00118117	-0.00071461	-0.90033241
37.73	-0.00024232	-0.03007506	-0.09787760	0.00070472	-0.00241379	-0.89958969
37.74	0.00008842	-0.02993655	-0.09798735	0.00019157	-0.00090918	-0.89941525
37.75	0.00017627	-0.02980979	-0.09796952	0.00059866	-0.00149143	-0.89920920
37.76	-0.00010798	-0.03006367	-0.09805226	-0.00005601	0.00049212	-0.89986731
37.77	0.00004050	-0.02985649	-0.09812798	-0.00025742	-0.00052820	-0.89949351
37.78	-0.00013324	-0.02991035	-0.09806055	-0.00017390	-0.00048418	-0.89975786
37.79	-0.00021804	-0.02986072	-0.09801157	-0.00052662	-0.00043098	-0.90017997
37.80	-0.00016537	-0.03005186	-0.09807419	0.00055066	-0.00031652	-0.90083711
37.81	-0.00003459	-0.03000892	-0.09812130	-0.00037051	-0.00067922	-0.90053858
37.82	-0.00017140	-0.02992039	-0.09779142	0.00013282	-0.00031936	-0.90021479
37.83	-0.00013561	-0.02983939	-0.09809414	0.00001945	-0.00007563	-0.90007291
37.84	0.00019309	-0.03000691	-0.09791079	-0.00028653	-0.00038432	-0.89911645
37.85	0.00004822	-0.02962775	-0.09809724	0.00097343	-0.00054790	-0.89986267
37.86	-0.00009634	-0.02993989	-0.09788623	-0.00051236	-0.00072620	-0.90046786
37.87	0.00004747	-0.02990248	-0.09794836	0.00035698	-0.00016338	-0.90074974
37.88	0.00000525	-0.02971491	-0.09795844	-0.00004023	0.00010499	-0.90005534
37.89	0.00013520	-0.03001344	-0.09798090	-0.00087827	0.00005848	-0.89977659
37.90	-0.00010577	-0.03002431	-0.09781819	-0.00007435	-0.00019890	-0.89948322
37.91	0.00012718	-0.02975811	-0.09788815	0.00018238	-0.00016913	-0.90036155
37.92	-0.00003265	-0.03011131	-0.09775471	0.00068123	0.00030848	-0.90004790
37.93	0.00006902	-0.02989321	-0.09780071	0.00020748	-0.00064893	-0.89991545
37.94	0.00013009	-0.02961856	-0.09775715	-0.00016124	-0.00088432	-0.90094365
37.95	-0.00005927	-0.03008234	-0.09760231	-0.00086313	0.00069451	-0.89998485
37.96	0.00003693	-0.02990071	-0.09760902	-0.00057153	-0.00032780	-0.90035582
37.97	-0.00006591	-0.03013282	-0.09741751	0.00041754	0.00041513	-0.90050346
37.98	-0.00024567	-0.03001346	-0.09776724	0.00029590	0.00071084	-0.90152128
37.99	0.00004175	-0.02998076	-0.09783480	-0.00050200	0.00093160	-0.90050111
38.00	-0.00001196	-0.00030329	-0.09773874	0.00042617	-0.00034159	0.00060158
38.01	0.00008035	-0.00021411	-0.09765030	-0.00032813	0.00001825	-0.00020871
38.02	-0.00021365	-0.00005601	-0.09757899	0.00038309	0.00081826	0.00054311
38.03	0.00001301	-0.00010432	-0.09805954	-0.00006290	0.00082431	-0.00016494
38.04	-0.00004629	-0.00000983	-0.09790728	-0.00025027	-0.00000817	-0.00085341
38.05	-0.00034390	0.00012169	-0.09767312	0.00177702	-0.00030021	-0.00037375
38.06	-0.00028721	0.00007667	-0.09790362	-0.00062524	-0.00024615	-0.00117368
38.07	0.00029175	0.00014811	-0.09784722	0.00027639	0.00086581	-0.00034573
38.08	-0.00023413	0.00010785	-0.09813764	0.00162257	-0.00053583	-0.00012916
38.09	-0.00018524	0.00019440	-0.09802190	0.00057940	0.00083568	0.00063252
38.10	-0.00032559	0.00009388	-0.09782429	0.00044149	0.00089479	-0.00055420
38.11	-0.00029260	0.00031979	-0.09816066	-0.00024049	0.00091521	0.00029249
38.12	0.00003114	-0.00015139	-0.09793004	0.00124133	0.00071120	-0.00019055
38.13	-0.00029474	-0.00009958	-0.09820322	0.00039245	0.00056836	-0.00064566
38.14	-0.00032380	-0.00012984	-0.09835332	0.00092427	0.00055756	-0.00080659
38.15	-0.00014431	0.00021370	-0.09806965	0.00047673	0.00113799	-0.00007692
38.16	0.00008960	-0.00012690	-0.09817403	0.00065894	0.00012444	0.00032317
38.17	0.00008822	-0.00007474	-0.09815134	0.00023201	0.00066648	-0.00050267
38.18	-0.00018442	-0.00008798	-0.09824776	0.00042020	0.00054449	0.00004321
38.19	0.00014029	0.00029697	-0.09813172	-0.00026353	0.00089791	-0.00115656
38.20	0.00014036	-0.00001679	-0.09823410	0.00080188	0.00138075	-0.00019016
38.21	-0.00016989	0.00023814	-0.09784283	-0.00029463	0.00034916	-0.00022849
38.22	-0.00038271	0.00014273	-0.09792490	-0.00004154	-0.00003859	-0.00034596
38.23	-0.00017318	-0.00004091	-0.09789277	0.00015020	0.00091438	-0.00127970
38.24	-0.00008716	0.00017727	-0.09800048	0.00024266	0.00119583	-0.00023059
38.25	-0.00013963	0.00014674	-0.09811223	0.00055740	0.00086191	-0.00101229
38.26	-0.00006012	-0.00002190	-0.09792950	0.00020172	0.00068149	-0.00088352
38.27	-0.00008130	-0.00002351	-0.09810182	0.00089508	0.00020975	-0.00018107
38.28	-0.00011051	0.00004978	-0.09791358	-0.00024846	0.00038419	0.00054685
38.29	-0.00019663	-0.00009021	-0.09789928	-0.00043757	-0.00044419	0.00030772
38.30	-0.00025937	0.00001223	-0.09811789	0.00012993	0.00028997	-0.00072076
38.31	-0.00001646	-0.00015935	-0.09794520	-0.00077758	-0.00107912	0.00066678
38.32	-0.00015428	-0.00011174	-0.09791572	0.00111876	-0.00073488	0.00003879
38.33	-0.00007092	-0.00002994	-0.09780961	0.00039474	-0.00021683	-0.00031643
38.34	-0.00014493	-0.00025618	-0.09787514	0.00009626	-0.00026769	0.00037439
38.35	-0.00027759	-0.00009422	-0.09761369	-0.00053891	0.00026525	-0.00010922
38.36	-0.00007801	0.00009584	-0.09801694	-0.00056798	-0.00005740	-0.00046561
38.37	-0.00023438	-0.00010212	-0.09794689	-0.00167352	0.00029150	-0.00017664
38.38	0.00009924	0.00012890	-0.09796119	-0.00129604	-0.00007216	0.00041199
38.39	-0.00025965	0.00012096	-0.09820803	-0.00044040	0.00080495	0.00004619
38.40	-0.00007036	-0.00003638	-0.09831630	-0.00065029	-0.00048028	-0.00086382
38.41	-0.00009659	0.00003029	-0.09805066	-0.00082101	0.00039700	-0.00042785
38.42	-0.00024693	0.00005685	-0.09798165	0.00015392	-0.00084488	-0.00036350
38.43	-0.00019558	0.00005173	-0.09796141	0.00037093	0.00084718	-0.00023625
38.44	-0.00007635	0.00003490	-0.09803007	-0.00003220	0.00018516	0.00060530
38.45	0.00002339	0.00002555	-0.09819946	-0.00086727	-0.00112182	0.00002053
38.46	0.00000431	-0.00029111	-0.09812138	-0.00090471	0.00049226	0.00016306
38.47	-0.00010929	0.00015063	-0.09806440	0.00080201	0.00037628	0.00054138
38.48	-0.00023390	0.00001508	-0.09775253	-0.00002101	-0.00054204	0.00006747
38.49	-0.00008191	-0.00003301	-0.09815245	0.00093493	-0.00070425	0.00041211
38.50	-0.00000114	0.00005192	-0.09770828	-0.00119494	0.00144818	0.00083043
38.51	-0.00016002	-0.00007636	-0.09792941	0.00032608	0.00089176	-0.00025314
38.52	-0.00015809	0.00005626	-0.09786073	0.00030924	-0.00082535	-0.00009234
38.53	-0.00043348	-0.00003401	-0.09795572	-0.00015468	-0.00050768	-0.00014225
38.54	-0.00021533	-0.00038206	-0.09811522	-0.00052003	0.00027553	-0.00058313
38.55	0.00008838	0.00006451	-0.09798905	0.00039699	0.00069155	-0.00041626
38.56	-0.00006070	-0.00010526	-0.09813382	0.00036705	0.00000350	-0.00031145
38.57	-0.00025494	-0.00003214	-0.09826805	0.00113431	0.00043334	0.00013972
38.58	-0.00018595	-0.00017255	-0.09806921	0.00081516	-0.00017270	0.00062582
38.59	-0.00029643	0.00003198	-0.09785200	0.00073264	0.00044820	-0.00028440
38.60	-0.00017508	-0.00007953	-0.09797347	0.00096437	0.00041195	0.00010117
38.61	-0.00009218	0.00013115	-0.09817109	0.00007141	-0.00060206	0.00105886
38.62	-0.00023983	0.00029917	-0.09824088	0.00096881	0.00022209	0.00042933
38.63	-0.00019548	-0.00017146	-0.09778592	0.00041236	0.00018868	-0.00027669
38.64	0.00015593	-0.00020158	-0.09796742	-0.00018857	0.00083283	0.00076895
38.65	0.00017068	0.00013873	-0.09812842	-0.00017930	0.00028310	-0.00002198
38.66	0.00005503	0.00002078	-0.09785584	-0.00029676	0.00069502	0.00053682
38.67	-0.00036794	0.00005152	-0.09790825	0.00039919	0.00062722	0.00072075
38.68	-0.00009579	0.00015519	-0.09828863	0.00074022	-0.00058585	0.00062295
38.69	-0.00003652	-0.00042125	-0.09813614	0.00056814	0.00017932	-0.00021884
38.70	-0.00011593	-0.00018434	-0.09821083	-0.00098851	0.00009141	0.00051736
38.71	-0.00021360	-0.00028619	-0.09840705	0.00042237	-0.00070845	0.00146257
38.72	0.00003005	0.00010044	-0.09794155	0.00094916	-0.00021552	0.00142284
38.73	-0.00000099	-0.00019400	-0.09768712	0.00035796	-0.00063160	-0.00096601
38.74	-0.00023462	-0.00055418	-0.09775899	0.00076916	-0.00011491	-0.00033945
38.75	-0.00002187	-0.00006167	-0.09786383	0.00021478	0.00137918	-0.00059143
38.76	-0.00022876	-0.00009880	-0.09799156	-0.00030107	0.00106736	0.00121996
38.77	-0.00027930	0.00010889	-0.09793212	-0.00010818	0.00040314	0.00053193
38.78	0.00007433	0.00002381	-0.09810538	-0.00029413	0.00124673	0.00038189
38.79	0.00001909	-0.00009361	-0.09799652	0.00028899	0.00067071	0.00117062
38.80	-0.00006314	-0.00002668	-0.09788773	-0.00025001	0.00005108	0.00119802
38.81	0.00004477	0.00005032	-0.09788748	-0.00023112	0.00127054	0.00133959
38.82	0.00000451	-0.00010281	-0.09788283	0.00015563	0.00011770	0.00004470
38.83	0.00002373	-0.00012847	-0.09807750	0.00090946	0.00022946	0.00031997
38.84	-0.00006585	-0.00004028	-0.09814985	-0.00000079	0.00065622	0.00157195
38.85	0.00006326	0.00005306	-0.09781780	-0.00017787	0.00103000	0.00057476
38.86	-0.00010445	0.00012538	-0.09796867	-0.00085785	0.00080235	0.00026294
38.87	-0.00016083	-0.00028034	-0.09787219	0.00019122	0.00026408	0.00015268
38.88	-0.00046348	-0.00006873	-0.09782186	0.00130061	0.00108727	0.00024573
38.89	-0.00019085	0.00007567	-0.09771182	-0.00005295	0.00005906	0.00018931
38.90	-0.00006847	0.00018310	-0.09797028	0.00040241	-0.00028049	0.00083305
38.91	0.00000467	-0.00012970	-0.09799171	-0.00028261	-0.00010593	0.00045346
38.92	0.00008931	0.00009863	-0.09805997	0.00051938	0.00035907	-0.00043313
38.93	-0.00010184	0.00005247	-0.09832085	0.00015767	0.00093042	-0.00002355
38.94	0.00004847	0.00012551	-0.09837068	0.00032323	0.00002035	0.00031654
38.95	0.00028153	-0.00017122	-0.09836170	0.00062808	0.00017107	-0.00014464
38.96	-0.00039493	0.00019328	-0.09805287	-0.00020684	0.00025987	0.00033608
38.97	-0.00007807	-0.00011771	-0.09817821	0.00034409	0.00006368	-0.00033827
38.98	-0.00021270	-0.00004077	-0.09822355	-0.00012856	0.00074429	0.00055502
38.99	-0.00005586	0.00017355	-0.09801044	-0.00075737	0.00005885	-0.00023624
39.00	0.00020609	-0.00003704	-0.09778897	0.00003699	0.00050673	0.00064397
39.01	0.00010844	-0.00014473	-0.09781225	0.00009759	0.00008537	0.00014661
39.02	0.00009450	0.00015578	-0.09815190	0.00044693	0.00004844	0.00108029
39.03	0.00006890	-0.00007875	-0.09793151	0.00062879	0.00040226	0.00070833
39.04	-0.00041813	-0.00019477	-0.09801789	0.00080216	0.00033535	0.00085950
39.05	-0.00004617	0.00017959	-0.09781349	0.00069085	0.00005961	0.00081715
39.06	-0.00009418	0.00017150	-0.09780262	0.00101054	0.00091904	0.00040705
39.07	-0.00003052	-0.00004886	-0.09802015	0.00046602	0.00019577	0.00070113
39.08	0.00019596	-0.00006688	-0.09790376	0.00047736	0.00105551	0.00065629
39.09	-0.00011919	-0.00010083	-0.09783788	-0.00010825	0.00086981	0.00018007
39.10	-0.00007442	0.00009102	-0.09800889	0.00142626	0.00076939	0.00136175
39.11	-0.00009928	0.00015712	-0.09781089	0.00060233	0.00066729	0.00029031
39.12	0.00007669	0.00002857	-0.09802179	0.00167692	-0.00098492	-0.00054335
39.13	-0.00012959	0.00004780	-0.09784579	-0.00016255	0.00072165	-0.00058432
39.14	-0.00026293	-0.00008716	-0.09782758	0.00111159	0.00015792	0.00064408
39.15	-0.00006158	-0.00005680	-0.09766920	0.00125193	0.00094038	0.00094910
39.16	-0.00011860	0.00007369	-0.09768081	0.00042519	0.00014716	0.00044170
39.17	0.00020541	-0.00004180	-0.09815866	0.00063110	0.00047343	0.00064183
39.18	-0.00017226	-0.00005590	-0.09800997	0.00018331	0.00025332	0.00062140
39.19	-0.00001814	0.00011033	-0.09794037	0.00058715	0.00104849	0.00009626
39.20	-0.00028705	0.00008018	-0.09766143	0.00049459	0.00177373	0.00144173
39.21	-0.00036304	0.00007063	-0.09813078	0.00053057	0.00088016	0.00005411
39.22	-0.00016739	0.00025538	-0.09794076	0.00096849	0.00081599	0.00085297
39.23	-0.00006173	0.00019592	-0.09805790	-0.00095617	0.00111927	0.00048445
39.24	-0.00018381	-0.00001255	-0.09791804	-0.00007938	0.00105367	0.00091763
39.25	0.00021997	0.00012118	-0.09777041	0.00014568	-0.00019417	0.00047124
39.26	0.00002556	-0.00003737	-0.09799927	0.00102483	0.00003262	0.00027686
39.27	-0.00026066	0.00002017	-0.09818557	0.00048225	0.00061056	0.00059389
39.28	-0.00022738	0.00000122	-0.09825729	0.00080105	0.00062181	0.00038046
39.29	-0.00015608	0.00027727	-0.09826660	-0.00071867	0.00078715	0.00049991
39.30	-0.00000691	0.00011543	-0.09820703	0.00127674	0.00084764	0.00091648
39.31	-0.00027016	-0.00000499	-0.09798566	0.00012856	0.00075839	0.00061109
39.32	-0.00012756	-0.00031087	-0.09810520	0.00098358	0.00098076	0.00026605
39.33	-0.00034142	-0.00021191	-0.09800857	0.00030867	0.00147738	0.00084747
39.34	-0.00046222	-0.00008554	-0.09779660	0.00104667	0.00079545	0.00079512
39.35	-0.00026570	0.00003357	-0.09800179	0.00090640	0.00149581	0.00031552
39.36	-0.00011505	-0.00015188	-0.09831693	0.00053449	-0.00026322	0.00140942
39.37	-0.00025917	0.00006240	-0.09801510	0.00049795	0.00066033	0.00144017
39.38	-0.00017091	0.00000337	-0.09823673	0.00091554	0.00079818	0.00062419
39.39	-0.00014861	-0.00010434	-0.09812510	0.00053919	0.00027122	0.00098415
39.40	-0.00006486	-0.00031787	-0.09776762	0.00107017	0.00099976	-0.00018757
39.41	-0.00034690	0.00004986	-0.09804549	0.00162641	0.00053518	0.00190785
39.42	-0.00032754	-0.00012979	-0.09803062	0.00138745	0.00036561	0.00122407
39.43	-0.00025147	-0.00012065	-0.09805610	0.00016914	0.00088740	0.00082090
39.44	0.00000711	0.00004131	-0.09802122	0.00060698	0.00128875	-0.00025660
39.45	-0.00000628	-0.00017300	-0.09807164	0.00002607	0.00141687	0.00106522
39.46	0.00005784	0.00009666	-0.09805934	0.00122938	0.00025756	-0.00015109
39.47	0.00022805	-0.00018383	-0.09805819	0.00103165	0.00064207	0.00049496
39.48	0.00029743	0.00021009	-0.09803759	0.00037588	0.00063722	0.00057683
39.49	-0.00005452	0.00021429	-0.09801160	0.00081902	0.00090484	0.00144297
39.50	0.00026072	-0.00006609	-0.09814700	-0.00031036	0.00062358	0.00108558
39.51	-0.00022212	0.00039312	-0.09808900	-0.00015408	0.00087086	0.00131510
39.52	-0.00025060	0.00010486	-0.09800358	-0.00000612	0.00107281	0.00114990
39.53	-0.00003125	0.00009093	-0.09786037	0.00065025	-0.00031143	0.00156595
39.54	0.00000497	-0.00002584	-0.09800331	0.00030215	0.00018860	0.00075836
39.55	-0.00029589	-0.00018605	-0.09809879	-0.00060525	0.00052295	0.00020134
39.56	-0.00013891	0.00002234	-0.09773699	-0.00007850	0.00106350	0.00059597
39.57	0.00022339	-0.00007173	-0.09792607	0.00058706	0.00093050	0.00147978
39.58	-0.00030107	-0.00001620	-0.09800516	0.00036648	0.00198336	0.00123897
39.59	-0.00010136	-0.00025431	-0.09783177	-0.00017739	0.00079456	0.00214898
39.60	0.00013781	0.00003431	-0.09779131	-0.00026148	0.00090677	0.00197485
39.61	-0.00018922	-0.00033023	-0.09800904	-0.00005096	0.00115062	0.00137568
39.62	-0.00010074	-0.00000129	-0.09792602	0.00064405	-0.00007829	0.00111124
39.63	-0.00022907	-0.00003287	-0.09823372	0.00017556	0.00015885	0.00148623
39.64	-0.00023142	0.00003931	-0.09805355	-0.00063217	0.00025255	0.00143428
39.65	-0.00026333	-0.00013207	-0.09782319	0.00067879	-0.00012872	0.00180267
39.66	-0.00011356	-0.00014830	-0.09806908	0.00049917	0.00022389	0.00161668
39.67	-0.00013977	0.00004440	-0.09795597	0.00039709	0.00080223	0.00141369
39.68	0.00004079	-0.00027283	-0.09813494	0.00087246	0.00074272	0.00129202
39.69	-0.00008875	-0.00008973	-0.09775802	0.00023154	0.00077169	0.00115981
39.70	0.00009310	-0.00000866	-0.09777879	-0.00050596	0.00115860	0.00033199
39.71	-0.00009377	0.00010169	-0.09800165	-0.00071457	-0.00002400	0.00109705
39.72	0.00016491	-0.00016680	-0.09788255	0.00030030	0.00007797	0.00090063
39.73	-0.00012223	0.00007351	-0.09790407	0.00034180	0.00036235	0.00045867
39.74	-0.00012662	0.00034940	-0.09767607	0.00029534	0.00002602	0.00142138
39.75	-0.00035773	-0.00000830	-0.09778224	-0.00031161	0.00136352	0.00168355
39.76	-0.00035668	0.00027433	-0.09812913	0.00049989	-0.00096626	0.00149775
39.77	-0.00009783	-0.00022981	-0.09797183	0.00059518	0.00035979	0.00089843
39.78	-0.00007292	-0.00003818	-0.09788015	-0.00012417	0.00019247	0.00131632
39.79	0.00025664	0.00024338	-0.09772306	0.00046177	0.00024944	0.00120759
39.80	-0.00029889	-0.00018423	-0.09784847	-0.00027186	0.00152559	0.00186497
39.81	-0.00003933	0.00030640	-0.09802772	0.00136411	0.00062739	0.00070870
39.82	0.00004182	0.00003073	-0.09781068	0.00098955	0.00047505	0.00104084
39.83	-0.00001108	-0.00004675	-0.09796916	0.00053910	0.00123898	0.00124008
39.84	0.00011905	0.00026466	-0.09808709	0.00109670	0.00020008	0.00083233
39.85	-0.00035301	-0.00007509	-0.09796956	0.00082299	-0.00065647	0.00130097
39.86	-0.00017658	-0.00006115	-0.09789654	0.00069064	0.00052124	0.00187623
39.87	-0.00047163	0.00008283	-0.09748193	0.00124098	0.00044099	0.00120496
39.88	0.00020315	-0.00001161	-0.09783282	-0.00047185	-0.00071288	0.00092157
39.89	-0.00012464	-0.00008718	-0.09787866	-0.00000413	-0.00010625	0.00101851
39.90	0.00032391	0.00021171	-0.09828215	0.00112962	0.00067266	0.00144400
39.91	0.00018078	0.00007184	-0.09785430	0.00058759	-0.00009809	0.00132985
39.92	0.00055007	0.00010338	-0.09793991	-0.00058755	-0.00059612	0.00151418
39.93	0.00010044	-0.00004792	-0.09809272	0.00166435	0.00072511	0.00143824
39.94	0.00011249	0.00035943	-0.09825241	0.00017730	0.00113748	0.00138449
39.95	0.00003805	0.00015551	-0.09780572	0.00089235	-0.00001794	0.00148358
39.96	-0.00002760	0.00011552	-0.09795011	0.00093261	-0.00074145	0.00090360
39.97	-0.00022085	-0.00002482	-0.09786816	0.00068092	0.00076388	0.00141858
39.98	-0.00015331	-0.00007948	-0.09769205	0.00273283	0.00095315	0.00116483
39.99	-0.00005195	0.00024606	-0.09800755	0.00122622	0.00022704	0.00133611
40.00	-0.00029753	-0.00002160	-0.09802734	0.00063568	-0.00081809	0.00158892
40.01	-0.00003495	-0.00000079	-0.09804618	0.00080310	0.00021949	0.00085182
40.02	-0.00003583	0.00008808	-0.09786920	0.00107290	0.00100281	0.00131350
40.03	-0.00025530	-0.00001623	-0.09822722	-0.00087643	-0.00012258	0.00038058
40.04	-0.00000236	-0.00026665	-0.09798756	0.00054630	-0.00006773	0.00105589
40.05	-0.00019205	-0.00029533	-0.09805829	0.00006597	0.00053425	0.00048214
40.06	-0.00000164	-0.00012716	-0.09789218	0.00050467	0.00030551	0.00041904
40.07	0.00000592	0.00022191	-0.09787722	0.00080929	0.00091744	0.00004045
40.08	0.00000284	0.00000464	-0.09782938	0.00007722	-0.00037459	0.00148519
40.09	-0.00002217	0.00001097	-0.09784573	0.00025807	0.00120225	0.00031666
40.10	-0.00019046	-0.00001875	-0.09793015	0.00212990	0.00121313	0.00081305
40.11	0.00014438	-0.00010457	-0.09791303	0.00113190	0.00218904	-0.00060361
40.12	0.00012860	-0.00012527	-0.09782041	0.00115599	0.00204597	0.00017062
40.13	0.00009033	-0.00015142	-0.09793032	0.00121809	0.00216426	-0.00069747
40.14	-0.00016540	0.00007754	-0.09789773	0.00142079	0.00167858	-0.00002943
40.15	0.00007197	-0.00003744	-0.09777915	0.00044365	0.00093928	0.00043611
40.16	-0.00001563	0.00016997	-0.09803619	0.00130970	0.00140264	0.00088000
40.17	-0.00018808	0.00007777	-0.09787787	0.00222668	0.00075894	0.00057079
40.18	-0.00002345	-0.00009815	-0.09797817	0.00041304	0.00183587	0.00019354
40.19	-0.00014139	-0.00020532	-0.09781990	0.00050631	0.00139979	0.00057125
40.20	-0.00024183	-0.00020667	-0.09792200	0.00101299	0.00098334	0.00143869
40.21	0.00018063	-0.00034146	-0.09793306	0.00124495	-0.00024412	0.00115375
40.22	-0.00024579	-0.00008944	-0.09800065	0.00078076	0.00118938	0.00112656
40.23	0.00008181	0.00008071	-0.09780837	0.00075851	0.00158328	0.00034403
40.24	0.00000715	-0.00001004	-0.09810550	0.00082706	0.00060242	-0.00008081
40.25	0.00011955	-0.00019828	-0.09793152	0.00162798	0.00156854	0.00085427
40.26	-0.00006446	0.00014922	-0.09744837	0.00081812	0.00054546	0.00002338
40.27	0.00013302	-0.00016747	-0.09771272	0.00076501	0.00025540	-0.00032024
40.28	0.00008643	0.00018643	-0.09790850	0.00060591	0.00011078	0.00079912
40.29	-0.00014711	0.00014938	-0.09784096	0.00148412	-0.00018634	0.00095947
40.30	-0.00035385	-0.00003531	-0.09793293	-0.00021251	0.00091726	0.00084912
40.31	0.00001276	0.00012490	-0.09788117	0.00033524	0.00130749	0.00079444
40.32	-0.00002312	-0.00022895	-0.09777314	-0.00012944	-0.00016682	0.00042145
40.33	-0.00001768	-0.00012082	-0.09797008	0.00050741	-0.00040137	0.00014809
40.34	0.00005233	-0.00032209	-0.09817773	0.00124618	-0.00036182	0.00063298
40.35	-0.00005534	-0.00021515	-0.09796498	0.00060677	-0.00047666	0.00087442
40.36	-0.00005145	-0.00002174	-0.09783096	0.00098930	0.00018855	0.00041580
40.37	0.00015043	-0.00012083	-0.09788928	0.00106793	0.00001913	0.00095011
40.38	0.00006321	0.00016961	-0.09815652	0.00131665	0.00045476	0.00020945
40.39	-0.00006890	0.00031974	-0.09813289	0.00148146	-0.00007916	0.00149844
40.40	-0.00009849	-0.00003285	-0.09801722	0.00071819	0.00065189	0.00183971
40.41	-0.00003013	-0.00011938	-0.09800583	0.00094494	0.00057117	0.00066171
40.42	0.00020341	0.00000344	-0.09809023	0.00087696	0.00053957	0.00130213
40.43	0.00000097	-0.00008684	-0.09800848	0.00063964	0.00040196	0.00127376
40.44	0.00000323	-0.00007020	-0.09774859	0.00062955	0.00112384	0.00044872
40.45	0.00013302	-0.00000845	-0.09781704	0.00047552	0.00046685	0.00068441
40.46	-0.00017268	-0.00006951	-0.09775319	0.00147709	0.00069924	0.00038849
40.47	-0.00018645	0.00025616	-0.09786704	0.00157820	0.00169110	0.00023335
40.48	-0.00000986	0.00009607	-0.09788604	0.00087233	0.00011588	0.00027830
40.49	-0.00018798	-0.00007840	-0.09810514	-0.00062624	-0.00044638	0.00201655
40.50	0.00001482	0.00027929	-0.09808014	0.00038582	0.00012188	0.00060593
40.51	0.00004924	0.00020577	-0.09809863	0.00061480	0.00036124	0.00086608
40.52	0.00016917	0.00031959	-0.09824663	0.00058202	-0.00022090	0.00065131
40.53	0.00025476	0.00001904	-0.09774320	0.00054467	0.00043856	0.00098898
40.54	0.00011802	-0.00008385	-0.09797665	0.00091367	0.00079498	0.00123876
40.55	-0.00001087	-0.00009217	-0.09793088	0.00060340	0.00126577	0.00128221
40.56	0.00009535	0.00041611	-0.09799039	0.00123505	0.00060430	0.00060695
40.57	-0.00007056	-0.00009443	-0.09807762	0.00027115	0.00174273	0.00110092
40.58	-0.00020769	0.00005674	-0.09808438	-0.00037899	0.00101077	0.00138809
40.59	0.00012915	0.00045860	-0.09808220	0.00070107	0.00051856	0.00047455
40.60	0.00008388	0.00006422	-0.09819333	0.00145615	0.00142277	-0.00031674
40.61	-0.00007197	0.00033339	-0.09817230	-0.00000183	-0.00078644	0.00012093
40.62	-0.00050665	0.00012807	-0.09778627	-0.00101660	-0.00025580	0.00118200
40.63	-0.00051900	0.00024264	-0.09785003	-0.00084968	0.00069882	0.00039078
40.64	-0.00007208	0.00041047	-0.09793939	-0.00052654	0.00088094	0.00024851
40.65	-0.00016608	0.00044046	-0.09836786	-0.00062866	0.00002125	0.00074228
40.66	-0.00025668	0.00005509	-0.09822723	0.00026626	0.00008903	0.00107479
40.67	-0.00016558	0.00010195	-0.09812801	-0.00057248	0.00038795	0.00155962
40.68	-0.00014881	0.00006060	-0.09797990	-0.00076626	0.00079260	0.00096864
40.69	-0.00048694	-0.00022928	-0.09791304	-0.00093506	-0.00063409	0.00061394
40.70	-0.00016211	-0.00025795	-0.09792556	-0.00005719	0.00014333	0.00108137
40.71	0.00017966	0.00013347	-0.09782356	0.00002319	-0.00030957	0.00125237
40.72	-0.00029744	-0.00009689	-0.09781645	-0.00028033	0.00024191	0.00079795
40.73	-0.00000900	-0.00010515	-0.09800680	-0.00006903	0.00042715	0.00104602
40.74	-0.00018863	0.00009822	-0.09787660	0.00075956	0.00016402	-0.00050619
40.75	-0.00025446	0.00004586	-0.09807850	0.00069993	0.00126730	0.00055817
40.76	-0.00043490	0.00005635	-0.09800176	0.00064165	0.00139887	0.00075808
40.77	-0.00012566	0.00021138	-0.09811661	-0.00001072	0.00129995	0.00126093
40.78	0.00013679	0.00036092	-0.09783385	0.00029536	0.00050956	0.00117083
40.79	0.00011229	0.00018311	-0.09815561	0.00010998	-0.00035223	0.00063228
40.80	-0.00033138	0.00032182	-0.09799898	0.00001932	-0.00007898	-0.00134639
40.81	0.00027224	0.00024670	-0.09771260	-0.00017992	0.00001944	0.00155870
40.82	-0.00010624	0.00001159	-0.09807768	0.00069023	0.00036815	0.00061449
40.83	-0.00012810	0.00043437	-0.09775650	-0.00075811	-0.00073144	0.00080677
40.84	-0.00014654	-0.00013519	-0.09791525	-0.00065574	0.00013772	0.00072268
40.85	-0.00014865	0.00006991	-0.09801153	-0.00032782	0.00114904	0.00000973
40.86	-0.00026011	0.00012910	-0.09839255	0.00096190	0.00143796	0.00125959
40.87	-0.00006291	0.00026163	-0.09787461	0.00004565	0.00071053	0.00043989
40.88	-0.00014830	0.00002578	-0.09809009	0.00035372	0.00114465	0.00114350
40.89	-0.00013427	0.00013882	-0.09789776	0.00008808	-0.00046914	0.00121507
40.90	-0.00037619	0.00007158	-0.09790629	-0.00057846	-0.00053439	0.00053650
40.91	0.00000479	0.00020690	-0.09779090	-0.00057305	0.00042635	0.00080344
40.92	-0.00007704	-0.00030126	-0.09787157	-0.00090834	0.00066309	0.00132129
40.93	0.00007599	-0.00007872	-0.09815605	-0.00067351	-0.00002227	0.00093431
40.94	-0.00020169	0.00023590	-0.09808802	0.00065035	0.00037855	0.00106108
40.95	-0.00027339	0.00017403	-0.09812124	-0.00053678	-0.00093905	0.00079062
40.96	-0.00014210	0.00015537	-0.09800398	-0.00062222	-0.00030444	-0.00007472
40.97	-0.00046004	-0.00013778	-0.09817434	-0.00136546	-0.00001036	0.00085448
40.98	-0.00018782	-0.00006720	-0.09820474	-0.00136494	0.00017173	-0.00003567
40.99	-0.00006612	-0.00013695	-0.09791580	-0.00074850	-0.00010123	0.00022582
41.00	-0.00010256	-0.00022677	-0.09808695	-0.00055315	-0.00026750	-0.00039074
41.01	-0.00013423	0.00015084	-0.09809059	0.00020748	0.00009261	-0.00000427
41.02	-0.00020116	0.00009188	-0.09785104	0.00011707	-0.00031948	0.00111640
41.03	-0.00041733	0.00015644	-0.09805373	-0.00047945	0.00040398	0.00055656
41.04	-0.00012483	0.00046795	-0.09834559	-0.00074728	-0.00054797	0.00184479
41.05	0.00013132	0.00057212	-0.09823723	-0.00019164	0.00025610	0.00026970
41.06	-0.00030966	0.00003824	-0.09810644	-0.00048088	-0.00048014	0.00032729
41.07	0.00006207	0.00022999	-0.09811190	0.00031893	-0.00086500	0.00029376
41.08	-0.00007395	0.00040002	-0.09817023	0.00064056	-0.00017638	0.00016915
41.09	0.00014069	0.00049673	-0.09826357	-0.00005189	-0.00130186	0.00004863
41.10	0.00017856	0.00011957	-0.09800451	0.00072442	-0.00045918	-0.00045956
41.11	0.00012334	0.00025607	-0.09815611	-0.00012125	-0.00073866	-0.00021289
41.12	0.00003607	0.00038093	-0.09812838	-0.00065077	-0.00113494	0.00032854
41.13	0.00020055	-0.00002580	-0.09820941	-0.00033073	-0.00028801	-0.00050176
41.14	-0.00007070	0.00017818	-0.09812978	-0.00018090	-0.00019928	-0.00025346
41.15	-0.00011408	0.00016473	-0.09802045	-0.00007833	-0.00001103	-0.00067084
41.16	0.00005073	-0.00020800	-0.09810212	0.00045291	0.00096243	0.00038218
41.17	-0.00002980	0.00029796	-0.09792283	0.00038537	0.00062440	0.00124676
41.18	-0.00010402	0.00030506	-0.09790869	-0.00031294	0.00046917	0.00055688
41.19	0.00003410	0.00030230	-0.09775888	0.00006333	0.00060741	0.00122489
41.20	-0.00007465	0.00049592	-0.09771101	0.00071662	-0.00041733	0.00085870
41.21	-0.00019723	0.00037448	-0.09767568	-0.00009685	0.00034300	0.00108380
41.22	-0.00008746	0.00037293	-0.09806737	-0.00022599	0.00056158	0.00058263
41.23	-0.00027608	0.00035542	-0.09764234	-0.00074703	0.00134739	0.00160861
41.24	0.00008102	0.00014840	-0.09794636	-0.00102839	0.00054875	0.00075044
41.25	0.00004905	0.00024737	-0.09820248	0.00039451	-0.00005501	0.00007893
41.26	-0.00022810	-0.00016111	-0.09811541	-0.00061360	0.00021235	0.00114100
41.27	-0.00017170	0.00017903	-0.09814672	-0.00019867	-0.00056650	0.00067805
41.28	-0.00005731	0.00012885	-0.09799268	-0.00046523	0.00013763	0.00003516
41.29	-0.00037529	0.00000181	-0.09852897	0.00012278	-0.00027880	0.00005145
41.30	-0.00035161	0.00007066	-0.09830256	-0.00096225	0.00032656	0.00008080
41.31	-0.00029284	0.00018875	-0.09812860	-0.00039563	0.00137057	-0.00014721
41.32	-0.00032369	-0.00005994	-0.09821468	-0.00007763	0.00083641	-0.00035198
41.33	-0.00034228	0.00037269	-0.09798645	0.00001337	0.00044161	-0.00001418
41.34	-0.00038036	0.00009748	-0.09816594	0.00015350	0.00036390	0.00019916
41.35	-0.00038471	0.00015760	-0.09834500	-0.00142216	0.00028152	0.00007280
41.36	-0.00000812	0.00023993	-0.09843836	0.00010566	0.00046981	0.00059466
41.37	-0.00032670	-0.00004274	-0.09812708	-0.00015342	0.00047156	0.00024312
41.38	-0.00026788	0.00011200	-0.09818888	-0.00071413	0.00032717	0.00064961
41.39	-0.00027918	0.00017404	-0.09824016	-0.00067453	-0.00009946	0.00013030
41.40	-0.00025899	-0.00027578	-0.09856676	0.00017394	0.00045827	-0.00048451
41.41	-0.00029036	0.00007933	-0.09822257	0.00025792	0.00149824	0.00140736
41.42	-0.00007812	0.00015508	-0.09848355	-0.00005958	0.00132962	0.00047613
41.43	-0.00033299	0.00021468	-0.09837128	-0.00055435	0.00126211	0.00063636
41.44	-0.00008508	0.00002176	-0.09838237	-0.00075376	0.00130584	0.00059880
41.45	0.00011093	0.00031703	-0.09830462	-0.00102273	0.00028144	0.00084040
41.46	-0.00021244	0.00035851	-0.09800629	-0.00125219	0.00122476	0.00150759
41.47	-0.00040226	0.00005895	-0.09814050	-0.00005820	0.00024644	0.00075886
41.48	0.00006387	0.00010717	-0.09788190	-0.00032804	0.00068484	0.00065616
41.49	0.00013901	-0.00001641	-0.09797946	0.00044228	0.00104833	0.00012642
41.50	-0.00001008	-0.00006294	-0.09777222	0.00004274	-0.00002034	0.00091084
41.51	-0.00027651	0.00012042	-0.09791054	0.00036327	0.00013351	-0.00103263
41.52	-0.00026864	0.00019022	-0.09826272	0.00008121	0.00047329	0.00067036
41.53	-0.00006262	0.00000009	-0.09817380	0.00034939	-0.00008881	0.00068352
41.54	-0.00044960	-0.00015182	-0.09787877	-0.00075591	0.00157023	0.00084007
41.55	-0.00029417	0.00005697	-0.09814118	-0.00100421	0.00127979	0.00090938
41.56	-0.00012633	0.00020474	-0.09821649	-0.00017278	0.00050285	0.00090708
41.57	-0.00005564	0.00018101	-0.09829039	-0.00085996	0.00148030	0.00054348
41.58	-0.00000280	0.00022648	-0.09797877	0.00001151	0.00096313	0.00061804
41.59	-0.00019847	-0.00005108	-0.09799356	0.00037543	0.00054931	0.00092060
41.60	-0.00007949	0.00041045	-0.09777522	0.00116890	0.00086617	0.00118562
41.61	0.00010122	0.00029844	-0.09783639	0.00098056	0.00070413	0.00139450
41.62	0.00002412	0.00011994	-0.09791017	0.00108660	0.00254050	0.00044570
41.63	-0.00000185	0.00015000	-0.09802499	0.00035046	-0.00003482	0.00008079
41.64	-0.00016251	0.00000548	-0.09842279	0.00112818	0.00049363	-0.00016552
41.65	-0.00015438	0.00033742	-0.09796455	-0.00036155	0.00059477	0.00086556
41.66	-0.00047369	0.00030956	-0.09823945	0.00045609	0.00158192	-0.00029014
41.67	-0.00024314	0.00004045	-0.09790504	0.00075889	0.00091196	0.00031163
41.68	-0.00038326	0.00028642	-0.09801035	0.00055829	0.00110806	-0.00035523
41.69	-0.00018189	0.00041097	-0.09775005	0.00021616	0.00006992	0.00061101
41.70	-0.00016295	0.00007855	-0.09784189	-0.00062891	0.00005819	0.00040561
41.71	-0.00013743	0.00023204	-0.09797808	-0.00002763	0.00014732	0.00071277
41.72	-0.00032190	0.00005354	-0.09802110	-0.00001106	0.00017083	0.00080944
41.73	-0.00019942	0.00013820	-0.09803613	0.00009852	0.00010709	0.00106307
41.74	-0.00021329	0.00029228	-0.09776082	-0.00031210	-0.00033813	-0.00016466
41.75	-0.00052417	-0.00007013	-0.09784867	0.00013973	-0.00070563	-0.00094747
41.76	-0.00027480	0.00001999	-0.09781843	0.00070591	-0.00159257	-0.00039293
41.77	-0.00043591	0.00007823	-0.09832466	0.00042237	-0.00096735	0.00008763
41.78	-0.00019652	-0.00047429	-0.09792286	-0.00104561	-0.00148705	0.00037390
41.79	-0.00021887	-0.00005199	-0.09840566	-0.00056328	-0.00120667	0.00060955
41.80	-0.00001411	-0.00012998	-0.09824242	-0.00056853	-0.00106510	0.00058115
41.81	0.00002764	-0.00023306	-0.09805226	-0.00106478	-0.00040171	-0.00046583
41.82	-0.00020945	0.00012826	-0.09767845	-0.00073911	-0.00097655	-0.00015100
41.83	-0.00015564	0.00012837	-0.09806435	-0.00071948	-0.00035287	0.00120208
41.84	0.00011177	-0.00012829	-0.09801008	-0.00165299	-0.00018416	-0.00040315
41.85	-0.00038818	0.00031436	-0.09826663	-0.00019317	-0.00130182	-0.00001237
41.86	-0.00007716	-0.00005751	-0.09793243	-0.00026787	0.00041069	0.00077594
41.87	-0.00030344	-0.00022782	-0.09786802	-0.00136413	-0.00010193	0.00082527
41.88	0.00013098	-0.00004738	-0.09796188	-0.00050108	-0.00087424	0.00040620
41.89	-0.00013345	-0.00018017	-0.09819832	0.00036643	0.00051048	-0.00004860
41.90	-0.00028154	-0.00015909	-0.09780894	0.00037623	-0.00000098	0.00068949
41.91	-0.00037929	0.00021084	-0.09782130	-0.00073827	0.00064806	-0.00005259
41.92	0.00001365	-0.00018957	-0.09787469	-0.00064039	0.00090005	0.00054969
41.93	-0.00019788	0.00005831	-0.09781978	-0.00040934	0.00135595	0.00035990
41.94	-0.00010132	-0.00024758	-0.09775923	0.00092261	0.00105717	0.00031617
41.95	-0.00010750	0.00018667	-0.09791209	-0.00016761	0.00063908	0.00073049
41.96	-0.00001337	-0.00018028	-0.09803147	0.00120961	0.00050628	0.00050965
41.97	0.00003806	-0.00002384	-0.09796184	0.00064851	0.00032895	0.00101643
41.98	0.00038077	-0.00025311	-0.09781028	-0.00008591	-0.00068079	-0.00094029
41.99	-0.00028591	0.00005679	-0.09830047	-0.00025759	-0.00033206	-0.00131155
42.00	0.00026940	0.00007930	-0.09817210	-0.00036385	-0.00065616	0.00047693
42.01	0.00029421	0.00016535	-0.09788079	-0.00127663	0.00016058	0.00068606
42.02	0.00003466	0.00011136	-0.09767705	-0.00050108	0.00033532	0.00054271
42.03	0.00008903	0.00010343	-0.09770025	0.00021970	0.00097178	0.00173860
42.04	-0.00005679	-0.00006328	-0.09780169	0.00022019	0.00029301	0.00044651
42.05	-0.00023784	0.00000500	-0.09753617	-0.00007373	-0.00001053	-0.00053336
42.06	0.00014428	-0.00028652	-0.09770287	0.00055135	0.00043793	-0.00036312
42.07	0.00001893	-0.00014229	-0.09788381	0.00047747	-0.00034595	0.00028756
42.08	0.00011172	-0.00008084	-0.09788878	0.00121955	-0.00067186	-0.00032218
42.09	0.00005180	-0.00026118	-0.09813881	-0.00030223	-0.00024071	-0.00002709
42.10	0.00002433	-0.00007982	-0.09817307	0.00022362	-0.00002605	-0.00007818
42.11	-0.00015382	0.00040247	-0.09807397	0.00070649	-0.00045861	0.00032705
42.12	-0.00020594	-0.00007094	-0.09783839	0.00076688	0.00049648	0.00079359
42.13	0.00012836	0.00018360	-0.09812251	-0.00047348	0.00037115	-0.00034317
42.14	-0.00004477	0.00031133	-0.09795554	0.00136532	0.00034838	-0.00023639
42.15	-0.00021607	0.00018422	-0.09790838	0.00116606	-0.00043860	0.00088315
42.16	-0.00004901	-0.00008375	-0.09798692	0.00066465	-0.00031170	0.00009970
42.17	0.00007709	0.00008504	-0.09811146	0.00143692	-0.00020400	0.00033060
42.18	-0.00020751	0.00007525	-0.09773104	0.00094919	-0.00052848	-0.00011385
42.19	-0.00024377	0.00005837	-0.09781786	0.00159458	0.00008379	-0.00012702
42.20	0.00013275	-0.00008918	-0.09809639	0.00094187	0.00000508	0.00017420
42.21	-0.00009261	-0.00021849	-0.09804192	0.00096499	-0.00082196	0.00020858
42.22	-0.00011971	-0.00015947	-0.09808694	0.00120854	-0.00151820	0.00030788
42.23	0.00022263	0.00002241	-0.09790429	0.00091437	-0.00037963	0.00005532
42.24	0.00010096	0.00012396	-0.09787916	0.00092735	-0.00024625	0.00040106
42.25	0.00016546	-0.00000499	-0.09815570	0.00020665	-0.00023095	0.00032630
42.26	-0.00018571	0.00017503	-0.09774068	0.00080691	-0.00042483	0.00111553
42.27	-0.00001575	0.00016811	-0.09816763	0.00060553	0.00081763	0.00157722
42.28	-0.00004455	0.00003389	-0.09780582	0.00099326	0.00082998	0.00114170
42.29	-0.00015499	-0.00009995	-0.09794740	0.00015552	0.00035085	0.00083485
42.30	-0.00034410	-0.00004754	-0.09785315	0.00088376	-0.00075971	0.00062969
42.31	-0.00017122	0.00020946	-0.09780297	-0.00021789	-0.00010908	0.00060474
42.32	-0.00022322	0.00049008	-0.09785619	0.00132363	0.00011423	0.00062721
42.33	-0.00028835	-0.00000185	-0.09788080	0.00012762	-0.00015513	0.00162627
42.34	0.00016460	0.00003705	-0.09770102	0.00024171	-0.00008322	0.00116077
42.35	-0.00019344	0.00003951	-0.09811997	0.00058482	-0.00019520	0.00104036
42.36	-0.00024503	0.00015047	-0.09829781	-0.00051673	0.00076361	0.00082874
42.37	-0.00028207	-0.00020697	-0.09774434	-0.00106447	0.00040041	0.00090087
42.38	0.00006788	0.00016100	-0.09772687	-0.00048618	0.00138518	0.00095659
42.39	0.00010807	0.00009737	-0.09786714	-0.00031690	0.00106720	0.00080059
42.40	0.00016565	0.00008215	-0.09761061	0.00154326	0.00106661	0.00018329
42.41	0.00016121	0.00042158	-0.09785436	0.00080151	-0.00003483	0.00109441
42.42	-0.00005720	0.00033776	-0.09788935	0.00046026	-0.00046462	0.00051326
42.43	-0.00012448	0.00012897	-0.09790522	0.00157960	0.00014751	0.00016679
42.44	-0.00004722	0.00017030	-0.09776711	0.00131981	0.00069666	-0.00028070
42.45	-0.00006282	0.00006317	-0.09763236	0.00114839	-0.00035121	0.00070346
42.46	0.00021866	-0.00004294	-0.09807344	0.00063757	0.00020433	0.00099746
42.47	-0.00003006	0.00005431	-0.09773963	0.00077772	-0.00034736	0.00103224
42.48	-0.00022359	0.00032212	-0.09782955	0.00027424	0.00045368	0.00103149
42.49	-0.00004135	0.00020183	-0.09776838	0.00058721	-0.00037136	0.00067861
42.50	0.00006289	0.00005017	-0.09791388	0.00073229	0.00015766	0.00113428
42.51	0.00036039	0.00000787	-0.09803126	0.00045504	-0.00039573	0.00049375
42.52	0.00022618	0.00012330	-0.09804110	0.00137491	-0.00015959	0.00056064
42.53	0.00001841	0.00004667	-0.09809317	0.00205797	-0.00008729	0.00071486
42.54	-0.00013222	0.00003537	-0.09810986	0.00217023	-0.00024030	0.00075142
42.55	-0.00014703	-0.00008668	-0.09792914	0.00121383	0.00013806	0.00190159
42.56	-0.00006899	-0.00000495	-0.09760119	0.00053061	0.00041505	-0.00001987
42.57	-0.00012146	0.00002459	-0.09784686	0.00045713	0.00053374	0.00160888
42.58	-0.00009615	0.00018942	-0.09781119	0.00119323	0.00017899	0.00118469
42.59	0.00008123	-0.00008934	-0.09786242	0.00124261	-0.00049995	0.00091188
42.60	-0.00025977	-0.00000166	-0.09813105	0.00052143	-0.00025831	0.00117660
42.61	-0.00003213	0.00010730	-0.09806822	-0.00006421	0.00097121	0.00100929
42.62	-0.00003281	0.00008191	-0.09792057	0.00137210	0.00050897	0.00008227
42.63	-0.00013387	0.00016521	-0.09797087	0.00043554	0.00141924	0.00013366
42.64	-0.00008820	-0.00001583	-0.09813754	-0.00054886	0.00154935	-0.00039572
42.65	0.00001507	-0.00000077	-0.09800888	0.00050394	0.00066096	0.00032469
42.66	0.00018062	0.00005430	-0.09784298	0.00025367	0.00090706	0.00016100
42.67	0.00010826	-0.00014275	-0.09765777	0.00013615	0.00070740	0.00023638
42.68	-0.00015507	0.00005506	-0.09796227	-0.00003253	0.00073588	-0.00001878
42.69	0.00002385	0.00005327	-0.09791061	0.00193919	-0.00041698	0.00005771
42.70	-0.00003505	-0.00045373	-0.09787037	-0.00032644	0.00040697	0.00038212
42.71	-0.00014667	-0.00028403	-0.09787059	-0.00017109	0.00161129	-0.00036888
42.72	-0.00001652	-0.00010926	-0.09781334	0.00110787	0.00046304	-0.00137531
42.73	-0.00006394	0.00004932	-0.09775684	-0.00001191	-0.00001576	0.00070994
42.74	-0.00004230	0.00022088	-0.09814068	-0.00028368	-0.00059604	0.00088522
42.75	-0.00002457	0.00009580	-0.09777018	-0.00056433	-0.00043452	-0.00028916
42.76	0.00001856	0.00016591	-0.09756330	0.00025625	-0.00108039	0.00109602
42.77	-0.00013111	0.00011563	-0.09792924	-0.00054542	-0.00072990	0.00013620
42.78	-0.00013805	-0.00010618	-0.09799445	-0.00110438	-0.00017531	0.00004510
42.79	-0.00010776	0.00012176	-0.09793400	-0.00045941	0.00022254	-0.00000875
42.80	0.00003871	0.00015626	-0.09795903	-0.00023161	-0.00047760	0.00056149
42.81	0.00003958	0.00027541	-0.09783138	0.00060074	0.00098893	-0.00043671
42.82	-0.00001413	0.00025807	-0.09805322	0.00039076	-0.00045773	-0.00027531
42.83	0.00023134	0.00016855	-0.09793255	0.00016056	-0.00024190	0.00130473
42.84	0.00007111	0.00000549	-0.09777652	0.00076816	-0.00033341	-0.00101200
42.85	0.00021993	-0.00001913	-0.09820494	0.00079743	-0.00099858	0.00057556
42.86	-0.00037541	-0.00008246	-0.09801769	0.00009377	-0.00067180	-0.00071596
42.87	-0.00017535	-0.00030151	-0.09847862	0.00020119	-0.00056344	0.00046502
42.88	-0.00022220	0.00006903	-0.09812662	-0.00064798	-0.00042579	-0.00056625
42.89	-0.00020266	-0.00010318	-0.09800145	-0.00088507	-0.00044242	0.00056572
42.90	-0.00014725	0.00012344	-0.09787212	0.00041321	-0.00000832	0.00083928
42.91	-0.00026587	0.00018126	-0.09802246	-0.00030314	-0.00033395	0.00014811
42.92	0.00008155	0.00014097	-0.09792137	0.00103501	0.00005807	0.00019556
42.93	0.00006034	0.00002202	-0.09789402	0.00030694	-0.00060759	0.00098363
42.94	0.00010714	-0.00020395	-0.09809877	0.00042674	0.00046722	-0.00033933
42.95	-0.00023983	0.00018211	-0.09788861	-0.00045302	-0.00001219	-0.00106361
42.96	0.00004610	0.00004531	-0.09758341	0.00120165	0.00067167	-0.00034929
42.97	-0.00013272	-0.00013253	-0.09785016	-0.00015122	0.00069396	0.00018215
42.98	-0.00003938	0.00007673	-0.09805823	-0.00046571	-0.00005615	0.00017267
42.99	0.00014360	0.00001497	-0.09794886	0.00015909	-0.00105743	0.00054329
43.00	-0.00008962	0.00012111	-0.09821419	-0.00023347	-0.00045960	0.00021590
43.01	-0.00024641	-0.00021976	-0.09784028	0.00030129	0.00000241	-0.00050295
43.02	-0.00018535	0.00016951	-0.09779205	-0.00017792	-0.00086318	0.00038032
43.03	-0.00034339	-0.00016328	-0.09797352	-0.00011600	-0.00029206	0.00060396
43.04	-0.00014453	-0.00021137	-0.09787235	0.00088083	-0.00088920	-0.00028895
43.05	-0.00009976	0.00000462	-0.09820085	-0.00058019	0.00053241	-0.00115585
43.06	0.00003476	0.00008343	-0.09788948	0.00027644	0.00059265	0.00008379
43.07	-0.00006874	0.00048704	-0.09795455	-0.00021442	0.00016044	-0.00029527
43.08	-0.00010354	-0.00004468	-0.09778098	-0.00043994	-0.00074974	0.00060864
43.09	-0.00004411	-0.00002161	-0.09827512	-0.00089425	-0.00009045	-0.00029141
43.10	-0.00011505	0.00024519	-0.09798240	0.00054048	-0.00164386	-0.00043386
43.11	-0.00000974	0.00027851	-0.09803933	0.00073224	-0.00071664	-0.00032697
43.12	-0.00008878	-0.00008537	-0.09790555	-0.00023257	-0.00079583	-0.00052422
43.13	-0.00054912	-0.00005030	-0.09784366	-0.00023009	-0.00012354	0.00007418
43.14	-0.00044221	0.00042285	-0.09772154	-0.00015663	-0.00044710	-0.00018759
43.15	-0.00009731	0.00037482	-0.09802237	0.00004422	0.00014501	-0.00104666
43.16	-0.00019577	0.00011401	-0.09795391	0.00017753	0.00003661	-0.00076721
43.17	0.00001766	0.00023324	-0.09806725	0.00133662	-0.00032595	-0.00079040
43.18	-0.00016959	0.00009281	-0.09813884	0.00007201	-0.00033343	-0.00101082
43.19	-0.00014114	0.00010887	-0.09803856	0.00084033	-0.00074082	-0.00032524
43.20	-0.00026030	0.00010463	-0.09786954	0.00052971	0.00075775	0.00070964
43.21	0.00000995	-0.00004016	-0.09819075	0.00046329	-0.00023123	-0.00060376
43.22	0.00001522	-0.00005458	-0.09822666	0.00102713	0.00011890	0.00079087
43.23	-0.00013377	0.00011084	-0.09797605	0.00183337	-0.00052913	-0.00009482
43.24	0.00003153	0.00015130	-0.09811589	0.00179052	-0.00044799	-0.00021755
43.25	-0.00004963	0.00029470	-0.09811312	0.00124445	-0.00014817	0.00000708
43.26	-0.00018952	-0.00014301	-0.09804189	0.00061256	-0.00037938	0.00007647
43.27	-0.00012364	0.00016109	-0.09756177	0.00058828	-0.00053249	-0.00105498
43.28	-0.00016134	-0.00006019	-0.09786107	0.00046441	-0.00013320	0.00009605
43.29	0.00011558	-0.00010621	-0.09797903	0.00073657	-0.00019748	0.00005584
43.30	0.00025765	0.00027118	-0.09803519	0.00006822	-0.00076201	-0.00011705
43.31	-0.00000390	-0.00006338	-0.09777771	0.00120678	0.00047538	0.00008843
43.32	-0.00011173	-0.00001873	-0.09802430	0.00034860	-0.00065158	-0.00153882
43.33	0.00010822	-0.00012751	-0.09779532	0.00076190	0.00009709	0.00010378
43.34	-0.00002777	0.00002383	-0.09814064	-0.00051304	-0.00073453	-0.00113647
43.35	-0.00012281	-0.00003938	-0.09821166	0.00022585	-0.00069836	-0.00049461
43.36	-0.00009765	0.00016655	-0.09797260	0.00001657	0.00011021	-0.00063890
43.37	0.00001309	0.00013392	-0.09804358	-0.00011622	0.00005120	-0.00019569
43.38	0.00005353	-0.00006016	-0.09820022	0.00120720	0.00014436	0.00017456
43.39	-0.00018996	0.00009718	-0.09800111	0.00026076	0.00041799	0.00073495
43.40	-0.00013330	0.00026066	-0.09798106	0.00037742	-0.00107567	-0.00168807
43.41	-0.00007497	-0.00000305	-0.09749819	-0.00036102	-0.00161925	0.00006232
43.42	0.00007849	0.00015573	-0.09764208	-0.00143989	-0.00134107	-0.00037427
43.43	-0.00027334	0.00014482	-0.09791549	-0.00059527	-0.00169528	-0.00033132
43.44	-0.00027269	0.00012319	-0.09759591	-0.00032716	-0.00124078	0.00087489
43.45	0.00014784	-0.00016069	-0.09762719	-0.00145690	-0.00105442	-0.00005715
43.46	-0.00001266	-0.00003472	-0.09763257	-0.00053048	-0.00156589	0.00110904
43.47	0.00016089	0.00018036	-0.09776531	-0.00053058	-0.00049947	-0.00129422
43.48	-0.00008180	0.00013724	-0.09794443	-0.00165396	-0.00088099	0.00021662
43.49	0.00007722	0.00020739	-0.09813471	-0.00125601	-0.00098291	-0.00049827
43.50	0.00007641	0.00008270	-0.09798900	-0.00049215	-0.00052608	-0.00020122
43.51	-0.00007927	0.00011808	-0.09833469	-0.00111166	-0.00139896	-0.00075873
43.52	0.00012278	0.00016487	-0.09799211	-0.00062095	-0.00029168	0.00051780
43.53	0.00005980	0.00012943	-0.09774228	-0.00012949	-0.00028545	0.00002848
43.54	0.00023307	-0.00002502	-0.09773427	0.00017547	0.00045284	-0.00018865
43.55	0.00002526	-0.00006812	-0.09772293	-0.00120241	-0.00091109	0.00001689
43.56	-0.00005610	0.00005423	-0.09812538	-0.00089154	-0.00023714	-0.00050737
43.57	0.00011439	-0.00002131	-0.09765025	-0.00078122	-0.00008496	0.00042944
43.58	-0.00010998	-0.00006318	-0.09789884	-0.00040298	-0.00006542	-0.00118265
43.59	-0.00008195	0.00010283	-0.09783145	-0.00087681	-0.00069665	-0.00024621
43.60	0.00006446	0.00014831	-0.09829641	-0.00090224	-0.00075000	-0.00028582
43.61	-0.00009086	0.00012740	-0.09821064	0.00004366	-0.00020547	-0.00023243
43.62	-0.00019366	-0.00013037	-0.09809280	-0.00072651	0.00018975	-0.00029499
43.63	-0.00040173	-0.00035699	-0.09818446	-0.00070503	0.00113633	-0.00006382
43.64	-0.00020426	-0.00020747	-0.09811457	0.00024903	0.00088441	-0.00066648
43.65	-0.00011766	-0.00005976	-0.09812023	0.00033317	0.00025769	-0.00025453
43.66	-0.00003642	-0.00029117	-0.09795919	-0.00055611	0.00083635	-0.00126503
43.67	0.00002029	-0.00025358	-0.09787866	0.00047120	0.00026290	-0.00112318
43.68	-0.00003734	0.00008750	-0.09793385	-0.00071024	-0.00024594	-0.00103879
43.69	-0.00009927	-0.00009115	-0.09781772	-0.00118446	-0.00018229	0.00036098
43.70	0.00002989	-0.00029095	-0.09779343	-0.00027889	0.00012928	-0.00017848
43.71	0.00000493	-0.00020473	-0.09766170	-0.00113719	0.00025537	-0.00071608
43.72	-0.00008248	0.00010097	-0.09801973	-0.00093748	0.00015659	-0.00087333
43.73	0.00034901	0.00004683	-0.09785625	-0.00042515	0.00006227	-0.00123629
43.74	-0.00010081	0.00030676	-0.09776358	-0.00118056	0.00090487	-0.00118177
43.75	0.00018929	0.00010689	-0.09788095	-0.00112691	0.00032383	-0.00125031
43.76	0.00024941	0.00014580	-0.09788525	-0.00052997	-0.00058781	-0.00135836
43.77	-0.00014897	-0.00000435	-0.09779091	-0.00085691	-0.00079222	-0.00044422
43.78	0.00005731	0.00010075	-0.09789611	-0.00017283	0.00007155	-0.00133334
43.79	0.00023909	-0.00012049	-0.09799981	-0.00091383	0.00007235	-0.00054294
43.80	0.00031130	0.00006907	-0.09793277	-0.00056725	0.00125860	-0.00068530
43.81	0.00034252	-0.00033939	-0.09789419	-0.00101592	0.00027986	-0.00147446
43.82	-0.00011548	-0.00000319	-0.09798973	-0.00144546	-0.00127212	0.00036668
43.83	0.00019840	-0.00015658	-0.09806179	-0.00024011	-0.00065861	-0.00078028
43.84	0.00001183	0.00012404	-0.09772624	-0.00098817	-0.00031542	-0.00077074
43.85	0.00005056	0.00036426	-0.09789888	-0.00098411	0.00100784	0.00022367
43.86	-0.00002108	-0.00022221	-0.09783879	-0.00087628	-0.00070711	-0.00006548
43.87	-0.00000089	0.00004022	-0.09776654	-0.00060591	-0.00066794	-0.00027746
43.88	-0.00010196	0.00023889	-0.09812199	-0.00178241	-0.00147958	0.00046625
43.89	0.00012898	-0.00004257	-0.09805840	-0.00066001	-0.00139891	-0.00054639
43.90	-0.00017594	-0.00007193	-0.09826975	-0.00001857	-0.00034608	0.00035750
43.91	-0.00001431	0.00009614	-0.09800502	-0.00076851	0.00053000	0.00047705
43.92	-0.00021367	-0.00023684	-0.09788648	-0.00180375	-0.00042621	-0.00023028
43.93	-0.00023324	-0.00006344	-0.09805152	0.00082142	-0.00039384	0.00044615
43.94	-0.00013252	-0.00011680	-0.09808070	-0.00123794	0.00004197	-0.00021733
43.95	-0.00013628	-0.00012788	-0.09797304	-0.00109479	0.00064489	-0.00034678
43.96	-0.00023552	-0.00002456	-0.09814942	-0.00046835	0.00046669	0.00028613
43.97	0.00010175	-0.00007726	-0.09779937	-0.00039985	0.00080129	0.00020080
43.98	-0.00025838	0.00012268	-0.09790326	-0.00165943	0.00024068	-0.00083777
43.99	-0.00015317	0.00007854	-0.09790529	-0.00103842	0.00035742	-0.00031675
44.00	0.00006129	0.00005407	-0.09779678	-0.00028592	0.00010793	0.00089401
44.01	-0.00005559	-0.00027906	-0.09799607	0.00012433	0.00024768	0.00090708
44.02	0.00001385	0.00002358	-0.09802015	-0.00040135	0.00006712	0.00000512
44.03	-0.00020897	0.00024458	-0.09764788	-0.00039420	-0.00131169	-0.00090961
44.04	-0.00022532	0.00019013	-0.09792164	-0.00054073	0.00020842	-0.00088262
44.05	-0.00017745	0.00037036	-0.09810091	0.00019682	-0.00036062	0.00007086
44.06	-0.00008592	0.00011477	-0.09797010	-0.00093751	0.00010256	-0.00016696
44.07	-0.00000953	-0.00019351	-0.09787223	-0.00079703	-0.00007688	-0.00102387
44.08	-0.00018084	0.00039128	-0.09787155	-0.00033119	0.00017670	-0.00037834
44.09	-0.00005233	0.00024405	-0.09771574	-0.00089660	0.00062568	-0.00052623
44.10	0.00019557	0.00003474	-0.09793886	-0.00117747	0.00037391	0.00016748
44.11	0.00002084	0.00008352	-0.09796913	-0.00076331	0.00035750	0.00003587
44.12	-0.00035218	0.00001433	-0.09785748	0.00036438	0.00048969	0.00066860
44.13	-0.00010064	0.00013214	-0.09766957	0.00102495	0.00055107	0.00074455
44.14	-0.00018987	0.00015487	-0.09754587	0.00034451	0.00066658	-0.00095807
44.15	-0.00025494	0.00003666	-0.09804090	-0.00048029	-0.00054478	-0.00044175
44.16	0.00032691	0.00014448	-0.09791599	-0.00086055	-0.00002438	-0.00027765
44.17	0.00027876	0.00022955	-0.09798377	0.00026720	-0.00061899	0.00089935
44.18	0.00009457	0.00030609	-0.09772760	-0.00060605	-0.00007991	0.00026825
44.19	-0.00010862	-0.00005761	-0.09783060	-0.00075775	0.00036408	-0.00034202
44.20	-0.00012090	-0.00002725	-0.09819155	0.00049158	0.00033952	-0.00008941
44.21	-0.00013141	0.00017948	-0.09809305	-0.00057192	0.00017435	0.00144244
44.22	0.00006851	0.00014271	-0.09801041	-0.00051166	0.00026709	0.00079831
44.23	0.00027698	-0.00016351	-0.09801265	0.00020113	0.00010432	0.00117653
44.24	0.00020730	0.00003503	-0.09777510	-0.00173808	0.00008372	0.00041783
44.25	0.00009237	0.00017186	-0.09784708	-0.00093509	-0.00035983	0.00062885
44.26	-0.00018910	0.00011951	-0.09788336	-0.00095875	-0.00042304	0.00000439
44.27	0.00026363	0.00001192	-0.09800879	-0.00092497	0.00002748	0.00044964
44.28	0.00009030	0.00028639	-0.09810928	-0.00056161	0.00002619	0.00110618
44.29	0.00010877	-0.00001421	-0.09791697	0.00029646	-0.00061965	0.00091711
44.30	0.00002872	0.00008374	-0.09801514	-0.00108173	0.00176090	0.00052326
44.31	-0.00007202	0.00002444	-0.09819072	-0.00127753	-0.00068689	0.00131061
44.32	0.00006368	0.00012246	-0.09798187	-0.00140730	-0.00049417	0.00085919
44.33	0.00031155	0.00012075	-0.09821761	-0.00178343	-0.00065874	0.00034783
44.34	-0.00035409	0.00035640	-0.09810482	-0.00195635	-0.00070862	-0.00001580
44.35	-0.00008858	0.00030491	-0.09821268	-0.00138651	0.00114272	-0.00030272
44.36	-0.00030406	0.00046113	-0.09824136	-0.00124688	0.00025760	0.00053597
44.37	-0.00002900	0.00031604	-0.09808916	-0.00101904	-0.00027028	0.00030094
44.38	0.00009449	0.00024280	-0.09773404	-0.00101897	-0.00051208	0.00061148
44.39	0.00018291	0.00045130	-0.09777479	-0.00058169	-0.00021774	0.00071787
44.40	0.00010713	0.00007692	-0.09833764	-0.00045260	-0.00032902	0.00116032
44.41	-0.00011302	0.00011529	-0.09806550	-0.00059971	-0.00054179	0.00098015
44.42	-0.00016266	0.00009933	-0.09830179	-0.00034046	-0.00192897	0.00133113
44.43	-0.00010612	0.00024237	-0.09800644	-0.00083493	-0.00112214	0.00150188
44.44	-0.00014615	0.00033145	-0.09795188	-0.00167714	-0.00113193	0.00044827
44.45	0.00014829	0.00012014	-0.09800150	0.00009377	-0.00081950	0.00049616
44.46	-0.00008556	0.00014206	-0.09807036	-0.00048688	-0.00177524	-0.00021928
44.47	-0.00004225	-0.00011187	-0.09810415	-0.00033118	-0.00087250	0.00046839
44.48	-0.00020907	0.00006942	-0.09819113	-0.00140326	-0.00057707	-0.00011296
44.49	-0.00019367	0.00013734	-0.09835320	-0.00073423	-0.00106299	0.00044554
44.50	0.00003069	0.00015972	-0.09812465	-0.00118844	-0.00045166	-0.00022211
44.51	-0.00002279	0.00021052	-0.09790251	-0.00166872	-0.00080072	-0.00010937
44.52	0.00015614	0.00020282	-0.09801114	-0.00096304	-0.00136972	0.00020725
44.53	-0.00005904	0.00000688	-0.09803547	0.00021219	-0.00209703	0.00019040
44.54	-0.00043335	0.00007411	-0.09772639	-0.00127031	0.00024492	-0.00075933
44.55	-0.00010212	-0.00017257	-0.09810909	-0.00048358	0.00088986	0.00012647
44.56	0.00008604	-0.00014910	-0.09791926	-0.00098966	0.00033742	0.00003012
44.57	0.00033503	-0.00014272	-0.09788474	-0.00056152	-0.00033494	-0.00054609
44.58	0.00014641	0.00006261	-0.09801189	-0.00030545	-0.00088452	-0.00083183
44.59	0.00001750	0.00010862	-0.09808631	-0.00051559	-0.00168449	0.00021277
44.60	-0.00008905	0.00002636	-0.09796882	-0.00117119	-0.00053948	-0.00110813
44.61	-0.00006766	0.00025045	-0.09801363	-0.00017026	-0.00158472	0.00036985
44.62	0.00011240	0.00006041	-0.09803005	-0.00067640	0.00038198	0.00051436
44.63	-0.00018801	-0.00014411	-0.09811067	-0.00008691	-0.00111955	0.00007496
44.64	-0.00022755	0.00025631	-0.09792162	-0.00004688	0.00006049	0.00019064
44.65	-0.00015126	0.00002765	-0.09789872	-0.00069540	0.00022265	0.00014173
44.66	0.00025473	-0.00014849	-0.09815216	-0.00059058	0.00011486	0.00119208
44.67	-0.00036065	0.00013268	-0.09803900	-0.00116609	-0.00000489	0.00033142
44.68	-0.00000442	-0.00003020	-0.09776275	-0.00056623	0.00005518	0.00138417
44.69	0.00012151	0.00005444	-0.09781259	0.00074157	-0.00097460	0.00078758
44.70	-0.00005187	-0.00013222	-0.09794058	-0.00181764	0.00023413	0.00113415
44.71	-0.00003744	0.00002424	-0.09809647	-0.00069439	-0.00010537	0.00080622
44.72	-0.00003731	-0.00024055	-0.09791375	-0.00038159	-0.00037553	0.00100811
44.73	-0.00013554	-0.00010129	-0.09805545	-0.00024130	-0.00016075	0.00032493
44.74	-0.00031266	0.00030830	-0.09816087	-0.00088510	-0.00009749	0.00029656
44.75	-0.00013506	0.00015022	-0.09830933	-0.00033240	-0.00058014	0.00010348
44.76	-0.00031425	0.00017120	-0.09805303	-0.00015177	0.00000151	0.00025411
44.77	-0.00027574	0.00029967	-0.09839832	-0.00071174	0.00053337	0.00009123
44.78	-0.00043352	0.00017928	-0.09802682	-0.00058181	-0.00076561	0.00062415
44.79	-0.00001673	0.00009342	-0.09795237	-0.00108461	-0.00016613	-0.00015629
44.80	-0.00029537	0.00026477	-0.09826794	-0.00027706	0.00032572	0.00100783
44.81	-0.00030930	-0.00005689	-0.09770555	0.00003117	-0.00005841	0.00027331
44.82	-0.00013401	0.00027621	-0.09795020	-0.00109642	0.00039467	0.00050340
44.83	0.00005120	0.00025813	-0.09802601	-0.00004840	0.00031871	0.00021703
44.84	0.00001651	-0.00002941	-0.09804904	0.00021886	-0.00058025	-0.00002771
44.85	-0.00030069	-0.00002451	-0.09796369	0.00029094	-0.00071201	0.00051659
44.86	0.00017782	0.00017023	-0.09817586	-0.00048634	-0.00016081	0.00094643
44.87	-0.00004923	0.00021210	-0.09816698	-0.00066403	-0.00036917	0.00115852
44.88	-0.00012254	0.00003273	-0.09797002	-0.00105665	-0.00056411	0.00041593
44.89	-0.00000203	0.00051234	-0.09793680	-0.00058460	0.00030732	0.00050354
44.90	0.00014180	0.00006029	-0.09798533	0.00002853	0.00033855	0.00081316
44.91	0.00023029	0.00025782	-0.09823119	-0.00108791	-0.00076307	-0.00094423
44.92	0.00021331	-0.00000216	-0.09819411	-0.00069658	-0.00143708	0.00082434
44.93	0.00023517	0.00037120	-0.09819282	-0.00071528	-0.00023846	0.00000212
44.94	0.00016663	0.00032335	-0.09823190	0.00023816	-0.00003105	-0.00046378
44.95	0.00000846	0.00011251	-0.09830928	-0.00035245	0.00002970	0.00036091
44.96	0.00041787	-0.00004833	-0.09805536	-0.00071303	-0.00025633	0.00107761
44.97	-0.00003876	-0.00002873	-0.09819490	-0.00075015	-0.00025637	0.00035728
44.98	0.00021772	0.00026156	-0.09807181	-0.00057091	-0.00074902	-0.00005186
44.99	-0.00033045	0.00038165	-0.09769225	-0.00117192	-0.00100581	-0.00026073
45.00	-0.00032417	-0.02985872	-0.09787927	-0.00055801	-0.00014994	-0.90069889
45.01	-0.00000740	-0.02988811	-0.09804849	-0.00079636	-0.00077909	-0.89990928
45.02	0.00016388	-0.03011066	-0.09782489	-0.00074744	-0.00085132	-0.90062803
45.03	0.00033393	-0.03025076	-0.09774786	-0.00076864	-0.00154878	-0.89941089
45.04	-0.00010692	-0.02991593	-0.09794310	-0.00080052	0.00014252	-0.89994344
45.05	0.00004680	-0.02979208	-0.09805711	-0.00074945	0.00030649	-0.89982819
45.06	-0.00017559	-0.02977531	-0.09776872	-0.00159703	-0.00008658	-0.89924314
45.07	0.00016475	-0.02989824	-0.09795264	-0.00020524	-0.00006985	-0.89959904
45.08	0.00036396	-0.02997748	-0.09801273	-0.00083002	0.00012467	-0.90013794
45.09	-0.00013991	-0.02977598	-0.09819695	-0.00034713	-0.00063419	-0.90097173
45.10	0.00005250	-0.02988442	-0.09823564	-0.00054072	-0.00137242	-0.90016691
45.11	0.00030290	-0.02969319	-0.09836696	-0.00053473	-0.00040485	-0.90006056
45.12	0.00019067	-0.02982567	-0.09807297	-0.00001832	-0.00047891	-0.90023347
45.13	0.00020132	-0.02967902	-0.09786746	-0.00054489	-0.00094308	-0.90002980
45.14	0.00007716	-0.02958933	-0.09833275	-0.00103900	-0.00069975	-0.89988064
45.15	0.00017719	-0.02982242	-0.09778995	-0.00048135	-0.00059792	-0.90106844
45.16	0.00006583	-0.02971798	-0.09821046	-0.00010169	-0.00032319	-0.90031996
45.17	0.00013825	-0.02990247	-0.09775677	-0.00004556	-0.00074516	-0.90136336
45.18	0.00017351	-0.02993428	-0.09811335	-0.00098452	-0.00050837	-0.90036152
45.19	-0.00002737	-0.02981640	-0.09815243	0.00017893	-0.00064020	-0.90107446
45.20	0.00004049	-0.02967002	-0.09827992	-0.00058080	-0.00046638	-0.90010602
45.21	-0.00003897	-0.02990542	-0.09820463	-0.00112041	-0.00062727	-0.90052439
45.22	-0.00018860	-0.02964064	-0.09856981	-0.00066041	-0.00120463	-0.90022234
45.23	-0.00004027	-0.02989725	-0.09831688	-0.00047673	-0.00021654	-0.90122561
45.24	0.00006868	-0.02963554	-0.09820956	-0.00055339	-0.00066838	-0.90074703
45.25	-0.00024790	-0.02962925	-0.09825181	-0.00095459	-0.00060284	-0.90101204
45.26	0.00025180	-0.02982857	-0.09844732	-0.00140056	-0.00078511	-0.90114208
45.27	0.00017206	-0.02950482	-0.09790224	0.00016206	-0.00148042	-0.90090684
45.28	0.00002235	-0.02954624	-0.09817011	-0.00081321	0.00022082	-0.90034158
45.29	0.00018590	-0.02976609	-0.09799645	-0.00157910	-0.00126780	-0.89923963
45.30	0.00004947	-0.02946064	-0.09807685	-0.00097770	0.00003202	-0.89973921
45.31	-0.00021554	-0.02947868	-0.09817349	-0.00012478	-0.00073786	-0.89940175
45.32	0.00015187	-0.02968145	-0.09811477	-0.00208425	-0.00085309	-0.90043148
45.33	0.00006587	-0.02948639	-0.09801764	-0.00127031	-0.00040309	-0.90002206
45.34	-0.00014407	-0.02956615	-0.09808896	-0.00110320	-0.00076206	-0.90006126
45.35	-0.00021468	-0.02972951	-0.09799657	-0.00083589	-0.00132425	-0.89920637
45.36	-0.00002430	-0.02969949	-0.09829329	-0.00076693	-0.00207556	-0.89975997
45.37	-0.00012779	-0.02956040	-0.09810520	-0.00014703	-0.00205220	-0.90070647
45.38	-0.00023319	-0.02934153	-0.09806386	-0.00104732	-0.00039428	-0.90007247
45.39	-0.00025601	-0.02950703	-0.09812863	-0.00000614	-0.00047213	-0.90026181
45.40	-0.00029388	-0.02960475	-0.09799269	-0.00064260	-0.00027740	-0.89989689
45.41	-0.00021067	-0.02981889	-0.09814643	-0.00093590	0.00109242	-0.89971846
45.42	-0.00028121	-0.02956155	-0.09850019	-0.00066775	-0.00015747	-0.89988136
45.43	-0.00012001	-0.02966523	-0.09791877	-0.00027973	0.00022607	-0.90037267
45.44	-0.00008683	-0.02950981	-0.09825639	0.00000414	0.00082525	-0.89999317
45.45	0.00002885	-0.02974215	-0.09837114	-0.00117864	0.00040968	-0.90068257
45.46	0.00003922	-0.02951288	-0.09828839	-0.00155719	-0.00109945	-0.89989010
45.47	0.00004977	-0.02967558	-0.09785863	-0.00107610	-0.00004947	-0.89975705
45.48	0.00032445	-0.02976057	-0.09822984	-0.00088272	0.00063766	-0.89927782
45.49	0.00017699	-0.02983829	-0.09810401	-0.00091982	-0.00069272	-0.90073988
45.50	0.00012355	-0.02992494	-0.09815874	-0.00131617	-0.00042967	-0.90108536
45.51	0.00009656	-0.02980051	-0.09830547	-0.00061153	-0.00137160	-0.89983635
45.52	-0.00013803	-0.02983890	-0.09820410	-0.00109652	-0.00070802	-0.90032386
45.53	-0.00006870	-0.02971099	-0.09813808	-0.00244928	-0.00029531	-0.89978751
45.54	0.00022668	-0.02965034	-0.09808478	-0.00116581	0.00009559	-0.89979294
45.55	0.00012933	-0.02955462	-0.09783762	-0.00128849	-0.00063962	-0.90045864
45.56	0.00013722	-0.02966444	-0.09802576	-0.00052441	-0.00076255	-0.89923877
45.57	0.00005945	-0.02979526	-0.09776927	-0.00198428	-0.00124971	-0.89923398
45.58	-0.00000968	-0.03009427	-0.09775392	-0.00173211	0.00059609	-0.90004608
45.59	0.00046353	-0.02974081	-0.09784760	-0.00050850	0.00063275	-0.89990079
45.60	0.00021994	-0.02975685	-0.09789126	0.00015910	0.00033413	-0.90011388
45.61	-0.00001376	-0.02984488	-0.09803435	0.00022947	-0.00049211	-0.89996601
45.62	-0.00026280	-0.02957547	-0.09801812	-0.00049507	0.00031262	-0.90025622
45.63	0.00006725	-0.02966542	-0.09779667	-0.00044113	-0.00050357	-0.89977968
45.64	-0.00002193	-0.03003528	-0.09778690	0.00007220	-0.00036424	-0.90037487
45.65	-0.00005912	-0.02972318	-0.09812040	-0.00061338	-0.00030259	-0.90035002
45.66	0.00001883	-0.02943203	-0.09820202	0.00021209	0.00067953	-0.89969441
45.67	0.00011448	-0.02967209	-0.09793422	-0.00009036	0.00036504	-0.90130541
45.68	0.00017181	-0.02964538	-0.09759164	-0.00061644	-0.00022597	-0.89961129
45.69	0.00002600	-0.02938203	-0.09764831	-0.00052500	0.00051289	-0.89926190
45.70	0.00018942	-0.02968904	-0.09824415	-0.00046041	0.00045085	-0.89979778
45.71	0.00003391	-0.02961357	-0.09798388	-0.00078602	0.00040833	-0.90052896
45.72	0.00000441	-0.02945589	-0.09817142	-0.00002318	0.00092885	-0.89944174
45.73	0.00006665	-0.02942719	-0.09817657	-0.00059729	-0.00069319	-0.90001477
45.74	-0.00026100	-0.02951862	-0.09789079	-0.00150467	-0.00131077	-0.90017490
45.75	0.00022669	-0.02970284	-0.09815449	-0.00142707	-0.00040299	-0.90041032
45.76	-0.00009923	-0.02960022	-0.09790162	-0.00059056	-0.00025565	-0.89938491
45.77	0.00014136	-0.02971446	-0.09779534	-0.00167242	-0.00066048	-0.89914164
45.78	-0.00007677	-0.02953979	-0.09814487	-0.00126000	-0.00044253	-0.90069544
45.79	0.00012964	-0.02941728	-0.09787644	-0.00041820	0.00034546	-0.90004717
45.80	0.00027965	-0.02965973	-0.09814286	-0.00024893	-0.00003404	-0.89927116
45.81	0.00024348	-0.02942031	-0.09798639	0.00042320	-0.00028575	-0.89933519
45.82	0.00015773	-0.02939044	-0.09821177	-0.00027473	-0.00055126	-0.89919601
45.83	-0.00003070	-0.02953933	-0.09768772	0.00001458	-0.00013557	-0.89966522
45.84	0.00020116	-0.02948257	-0.09795038	-0.00033951	-0.00039604	-0.89896566
45.85	0.00004195	-0.02945611	-0.09785095	-0.00025731	-0.00004525	-0.90013416
45.86	0.00046639	-0.02951978	-0.09826746	-0.00010880	0.00068106	-0.90038082
45.87	0.00000098	-0.02944523	-0.09811919	0.00032686	0.00041217	-0.90018671
45.88	-0.00009009	-0.02950611	-0.09800169	-0.00025779	-0.00052729	-0.89922579
45.89	0.00026932	-0.02938623	-0.09780368	-0.00009277	-0.00079957	-0.90096468
45.90	0.00046196	-0.02968860	-0.09824413	-0.00103443	-0.00063384	-0.90071278
45.91	0.00028260	-0.02964053	-0.09783992	-0.00019553	0.00001705	-0.89961869
45.92	0.00006592	-0.02942750	-0.09785977	-0.00045193	0.00049411	-0.89982150
45.93	0.00019171	-0.02949389	-0.09812061	-0.00046255	-0.00015236	-0.89913989
45.94	0.00035541	-0.02956809	-0.09813169	-0.00038338	0.00069801	-0.89963039
45.95	-0.00007589	-0.02948385	-0.09813695	-0.00000916	-0.00010014	-0.89985362
45.96	-0.00029079	-0.02963474	-0.09805126	0.00002581	-0.00046499	-0.89970554
45.97	-0.00026106	-0.02942135	-0.09828874	0.00029527	-0.00011174	-0.90015069
45.98	-0.00009736	-0.02918380	-0.09816800	0.00012663	0.00022263	-0.90014549
45.99	0.00023266	-0.02937060	-0.09799908	0.00022514	0.00089080	-0.89998248
46.00	0.00011475	-0.00024886	-0.09787079	0.00019801	0.00064584	0.00064199
46.01	0.00004642	-0.00017756	-0.09810210	-0.00147334	0.00021902	0.00150636
46.02	0.00007143	-0.00006402	-0.09816526	-0.00005874	0.00012743	0.00003357
46.03	0.00035592	-0.00005534	-0.09822867	-0.00085154	0.00058027	0.00018534
46.04	-0.00001115	-0.00019516	-0.09804264	-0.00077671	0.00073654	0.00055620
46.05	0.00015101	-0.00013634	-0.09794361	-0.00090413	0.00021045	0.00031805
46.06	0.00026658	0.00001582	-0.09766337	0.00040222	-0.00003408	0.00090680
46.07	0.00006755	0.00006062	-0.09780910	-0.00022780	0.00079350	0.00061225
46.08	0.00022270	0.00029286	-0.09777298	-0.00151379	-0.00003649	-0.00088458
46.09	0.00015578	-0.00009235	-0.09808464	-0.00126242	0.00055696	0.00026380
46.10	0.00008235	0.00006145	-0.09773037	-0.00103289	-0.00003017	0.00001162
46.11	0.00014478	0.00012908	-0.09801548	-0.00129995	0.00108045	0.00008663
46.12	-0.00013257	0.00000354	-0.09811503	-0.00058967	0.00045757	0.00061665
46.13	-0.00014470	-0.00009623	-0.09837642	-0.00112619	0.00111841	-0.00004435
46.14	-0.00030570	0.00018670	-0.09793534	-0.00087345	0.00069599	0.00064205
46.15	-0.00014862	0.00012557	-0.09784604	-0.00110432	0.00025391	0.00184205
46.16	-0.00010706	0.00008903	-0.09767302	-0.00098884	-0.00004934	0.00157943
46.17	0.00007484	-0.00002135	-0.09803672	-0.00059743	-0.00097860	0.00017513
46.18	0.00005795	-0.00000073	-0.09795977	-0.00161187	0.00019691	0.00044650
46.19	-0.00003744	-0.00010634	-0.09822530	0.00010327	-0.00012284	-0.00015267
46.20	-0.00016939	-0.00023216	-0.09800295	-0.00125014	-0.00013524	0.00030962
46.21	-0.00017017	-0.00005028	-0.09797581	-0.00008390	-0.00080215	0.00121457
46.22	0.00010921	0.00001908	-0.09793011	-0.00087546	0.00063879	0.00065213
46.23	0.00005046	-0.00011852	-0.09773518	-0.00041413	-0.00044313	0.00009383
46.24	0.00007592	0.00009435	-0.09822855	-0.00101881	-0.00063204	-0.00018929
46.25	-0.00012039	0.00027322	-0.09789825	-0.00081720	0.00054266	0.00043663
46.26	0.00023552	0.00010235	-0.09781752	-0.00088642	0.00041742	-0.00005231
46.27	0.00006589	0.00007839	-0.09800255	-0.00114777	0.00052109	0.00045904
46.28	-0.00006633	-0.00020136	-0.09789803	-0.00146193	0.00011644	0.00002869
46.29	-0.00006009	-0.00006370	-0.09810700	-0.00065210	0.00079744	-0.00005093
46.30	-0.00015198	-0.00005426	-0.09777328	-0.00024263	0.00083010	0.00002179
46.31	0.00011981	0.00019154	-0.09807964	0.00025011	0.00079831	0.00049807
46.32	-0.00008601	0.00015197	-0.09787779	-0.00022529	0.00071757	0.00032304
46.33	-0.00009137	0.00027037	-0.09791187	0.00076979	0.00196073	0.00124628
46.34	-0.00017517	-0.00000388	-0.09791616	-0.00011600	0.00146065	-0.00010407
46.35	-0.00006649	0.00000966	-0.09783744	-0.00129256	0.00108552	0.00012841
46.36	-0.00034678	0.00011042	-0.09781212	-0.00043152	0.00091949	0.00057222
46.37	-0.00008032	-0.00007960	-0.09791803	-0.00048228	0.00031136	0.00108516
46.38	-0.00018930	-0.00003645	-0.09794902	0.00053981	0.00068733	0.00087865
46.39	0.00016406	-0.00009468	-0.09768421	-0.00024169	-0.00022585	0.00000767
46.40	0.00011483	-0.00010281	-0.09790556	-0.00068966	-0.00072726	0.00094438
46.41	0.00008025	-0.00000921	-0.09799778	-0.00029252	-0.00080877	0.00137701
46.42	0.00009045	0.00017741	-0.09785894	-0.00070510	-0.00035473	0.00040972
46.43	0.00007592	0.00004004	-0.09797769	-0.00130783	0.00083205	0.00033010
46.44	-0.00019848	-0.00003611	-0.09811025	-0.00104870	0.00041839	0.00046631
46.45	0.00003179	-0.00009587	-0.09801537	-0.00026575	0.00066607	-0.00079415
46.46	-0.00000664	0.00001955	-0.09790890	-0.00053944	0.00055320	-0.00001321
46.47	0.00003040	-0.00003451	-0.09799285	-0.00007525	0.00126518	-0.00087831
46.48	0.00025600	0.00008846	-0.09798175	-0.00036442	0.00078266	0.00031820
46.49	0.00034861	0.00004484	-0.09785239	-0.00062832	0.00041851	-0.00040702
46.50	0.00013759	0.00023414	-0.09789375	-0.00088756	0.00076485	-0.00003480
46.51	-0.00002277	-0.00020524	-0.09794826	-0.00081446	0.00133181	0.00037737
46.52	0.00006949	0.00016119	-0.09804445	-0.00048890	0.00084304	-0.00000630
46.53	0.00002380	0.00016056	-0.09811294	-0.00091920	0.00020011	0.00085425
46.54	0.00036965	0.00026939	-0.09795029	-0.00072515	0.00022574	0.00128539
46.55	0.00000990	-0.00007073	-0.09812716	-0.00163851	0.00079478	0.00042294
46.56	0.00003832	0.00003849	-0.09821511	-0.00036559	0.00157301	-0.00009355
46.57	-0.00003233	0.00004792	-0.09807131	-0.00060716	0.00060538	0.00019255
46.58	0.00033214	-0.00001587	-0.09794024	-0.00109862	0.00100790	0.00066517
46.59	0.00001964	0.00004250	-0.09796927	-0.00098348	0.00017243	0.00039269
46.60	0.00004187	0.00010277	-0.09797609	0.00004660	0.00066246	0.00009717
46.61	0.00014116	0.00009206	-0.09817439	-0.00098794	0.00127985	-0.00017971
46.62	0.00007551	-0.00004793	-0.09789127	-0.00034719	0.00081359	0.00039557
46.63	0.00001101	0.00006702	-0.09789175	-0.00042917	0.00097734	0.00004179
46.64	-0.00002400	-0.00014218	-0.09804812	-0.00145479	0.00013007	0.00122253
46.65	-0.00003061	-0.00024745	-0.09808019	-0.00043075	0.00034762	0.00055958
46.66	0.00000363	0.00009475	-0.09818534	-0.00019626	-0.00018986	-0.00005128
46.67	-0.00010408	-0.00009164	-0.09800396	-0.00015707	0.00098127	-0.00011228
46.68	-0.00019812	-0.00001909	-0.09815589	-0.00110795	0.00050959	-0.00040553
46.69	0.00007911	0.00029474	-0.09794007	-0.00017439	0.00036019	-0.00039968
46.70	-0.00029075	-0.00012064	-0.09781365	-0.00073613	-0.00009137	-0.00080608
46.71	-0.00004087	0.00007256	-0.09793467	-0.00073273	0.00015302	-0.00015486
46.72	0.00012792	0.00001658	-0.09808547	-0.00012370	0.00064532	0.00062993
46.73	0.00023894	-0.00008437	-0.09768668	-0.00045718	0.00050791	0.00036256
46.74	-0.00008797	-0.00024250	-0.09800906	-0.00090201	0.00026168	0.00016436
46.75	0.00025572	-0.00024040	-0.09774813	-0.00107898	0.00029821	0.00019409
46.76	-0.00000688	-0.00001020	-0.09787569	0.00023350	0.00019956	-0.00023295
46.77	-0.00001501	0.00010307	-0.09791821	-0.00074555	0.00058183	0.00006809
46.78	0.00018886	-0.00017731	-0.09805828	-0.00031862	0.00007722	-0.00103294
46.79	0.00016319	-0.00006948	-0.09798596	-0.00084339	0.00007676	-0.00121213
46.80	-0.00019416	-0.00015373	-0.09797968	-0.00068196	0.00047363	0.00018779
46.81	-0.00015138	0.00000953	-0.09778346	-0.00048459	0.00092399	-0.00091927
46.82	-0.00027308	-0.00015397	-0.09769579	0.00011120	0.00069041	-0.00043405
46.83	-0.00031236	-0.00038055	-0.09816469	0.00012935	-0.00058825	0.00014986
46.84	-0.00026113	0.00006911	-0.09786479	-0.00075843	-0.00013737	0.00023675
46.85	-0.00031946	-0.00036394	-0.09780221	-0.00077959	0.00052775	0.00040937
46.86	-0.00023511	0.00018993	-0.09795677	0.00010771	0.00019596	-0.00025577
46.87	-0.00026153	-0.00031650	-0.09799532	-0.00083276	0.00014656	0.00118348
46.88	-0.00019019	-0.00003941	-0.09809229	-0.00102657	0.00033279	-0.00065156
46.89	-0.00036991	-0.00009223	-0.09769119	-0.00028665	-0.00019965	0.00050173
46.90	-0.00009479	0.00000858	-0.09802833	-0.00073484	0.00011366	-0.00019273
46.91	-0.00021878	0.00006195	-0.09765709	-0.00090944	0.00068411	0.00075093
46.92	-0.00028846	-0.00012792	-0.09783757	-0.00063650	0.00058079	0.00122147
46.93	-0.00032003	-0.00002055	-0.09823122	-0.00074213	0.00026561	-0.00074042
46.94	0.00006339	0.00006714	-0.09809619	-0.00058417	0.00041357	0.00152404
46.95	-0.00027456	0.00010024	-0.09786552	-0.00040349	0.00011016	0.00046279
46.96	-0.00007368	0.00012959	-0.09818566	-0.00007689	0.00114077	0.00013210
46.97	-0.00016735	0.00009905	-0.09820908	0.00010132	0.00068722	-0.00073125
46.98	-0.00010513	-0.00023056	-0.09839017	-0.00121294	0.00020160	0.00076858
46.99	-0.00000554	0.00000026	-0.09821998	0.00032558	0.00116169	-0.00014905
47.00	0.00007634	-0.00011239	-0.09806178	-0.00074121	-0.00019712	-0.00133993
47.01	0.00002835	0.00006458	-0.09826104	-0.00040153	0.00035692	-0.00084644
47.02	-0.00015781	0.00007103	-0.09810325	-0.00048741	0.00027682	0.00063166
47.03	-0.00024042	-0.00010538	-0.09783818	-0.00056076	0.00060095	-0.00031405
47.04	-0.00021629	-0.00021669	-0.09810385	-0.00044477	0.00032395	0.00076219
47.05	-0.00036809	0.00016472	-0.09812463	-0.00046252	0.00098932	-0.00054766
47.06	-0.00000666	-0.00024172	-0.09803098	0.00035967	0.00094323	-0.00025667
47.07	-0.00014306	0.00016456	-0.09771715	-0.00114565	0.00082179	-0.00050528
47.08	-0.00018523	0.00006827	-0.09799402	-0.00167312	0.00166874	-0.00068151
47.09	-0.00021665	-0.00005610	-0.09781940	-0.00092260	0.00015410	0.00093769
47.10	-0.00038166	-0.00014622	-0.09806900	-0.00008785	0.00031338	-0.00062317
47.11	-0.00014068	-0.00011253	-0.09802694	-0.00056459	0.00048731	-0.00125192
47.12	-0.00012489	-0.00000216	-0.09784570	-0.00005727	-0.00034806	-0.00045615
47.13	-0.00014188	-0.00030377	-0.09799679	0.00002254	0.00065615	-0.00161916
47.14	-0.00023510	-0.00001393	-0.09785628	0.00030996	0.00101271	-0.00203035
47.15	-0.00023858	-0.00005352	-0.09780986	-0.00048275	0.00082824	-0.00116921
47.16	-0.00003431	-0.00017891	-0.09808801	0.00015522	0.00172149	-0.00104784
47.17	-0.00002566	0.00005440	-0.09790595	0.00042687	-0.00017033	-0.00079232
47.18	-0.00018371	-0.00028710	-0.09826789	0.00026198	0.00033073	-0.00163955
47.19	-0.00019796	0.00019282	-0.09808134	-0.00027577	0.00107335	-0.00049433
47.20	-0.00007280	-0.00011257	-0.09786770	0.00068838	0.00088761	-0.00182000
47.21	-0.00027805	-0.00004907	-0.09792241	0.00060919	0.00044300	-0.00141637
47.22	0.00006167	0.00001679	-0.09796172	-0.00052600	-0.00013914	-0.00091494
47.23	-0.00004571	-0.00020545	-0.09820955	0.00008613	0.00013156	-0.00137849
47.24	-0.00021006	-0.00005993	-0.09808048	0.00056650	0.00087045	-0.00001046
47.25	-0.00024992	-0.00004466	-0.09797748	0.00016072	0.00014241	-0.00064954
47.26	-0.00022163	0.00018770	-0.09781191	-0.00013861	0.00006606	0.00012392
47.27	-0.00005244	-0.00001642	-0.09791871	0.00014448	0.00128154	-0.00088268
47.28	-0.00008615	-0.00000941	-0.09787269	-0.00004606	0.00094956	-0.00054194
47.29	-0.00006695	-0.00015072	-0.09812670	0.00010507	0.00067024	0.00043967
47.30	-0.00009072	0.00011482	-0.09790068	-0.00022183	0.00104091	-0.00085561
47.31	0.00007728	-0.00037164	-0.09790391	0.00020418	-0.00003586	-0.00013091
47.32	-0.00020967	-0.00024760	-0.09805967	0.00007318	0.00105335	0.00000944
47.33	-0.00027035	-0.00025169	-0.09791070	0.00031022	0.00120716	-0.00068201
47.34	-0.00013483	-0.00019332	-0.09819640	0.00010587	0.00031722	-0.00020087
47.35	-0.00029083	-0.00045104	-0.09777295	0.00041369	0.00062249	-0.00097116
47.36	-0.00035298	-0.00031863	-0.09803023	-0.00052804	-0.00003080	-0.00066412
47.37	-0.00026338	-0.00054410	-0.09794111	-0.00042753	0.00014436	-0.00003194
47.38	-0.00072423	-0.00015060	-0.09780520	0.00045874	0.00077097	-0.00027278
47.39	-0.00046403	-0.00023670	-0.09805032	-0.00049865	0.00063302	0.00000746
47.40	-0.00019980	-0.00028158	-0.09788226	-0.00001642	0.00050405	-0.00072648
47.41	-0.00044887	-0.00014927	-0.09811762	-0.00049059	0.00009351	-0.00010200
47.42	-0.00007059	-0.00015744	-0.09783866	-0.00007527	0.00094864	-0.00029195
47.43	-0.00014934	-0.00012162	-0.09760323	0.00024492	0.00026638	0.00030459
47.44	-0.00027571	-0.00011580	-0.09756707	-0.00071080	0.00075804	0.00065328
47.45	-0.00018129	-0.00017433	-0.09797569	-0.00068033	0.00052235	0.00026010
47.46	-0.00004611	0.00004178	-0.09798449	-0.00001998	0.00084845	0.00022975
47.47	-0.00016012	-0.00002788	-0.09815294	0.00070896	0.00068070	-0.00056123
47.48	-0.00031216	0.00011844	-0.09805432	-0.00005640	0.00036556	-0.00007095
47.49	0.00006271	0.00015446	-0.09797440	-0.00030458	0.00057105	-0.00031269
47.50	0.00015207	0.00006688	-0.09798633	0.00020894	0.00135378	-0.00023775
47.51	-0.00006458	-0.00010302	-0.09831835	-0.00019810	0.00009212	0.00094125
47.52	-0.00017732	-0.00003085	-0.09815482	0.00006022	0.00044894	0.00009678
47.53	-0.00009610	0.00005146	-0.09776946	-0.00032051	0.00032826	-0.00022215
47.54	0.00000642	-0.00020519	-0.09810159	0.00025563	0.00065993	0.00104708
47.55	0.00008359	0.00009094	-0.09818033	-0.00076455	0.00034417	0.00051114
47.56	0.00001776	-0.00007622	-0.09810871	-0.00070932	0.00093596	-0.00082553
47.57	-0.00005632	0.00017226	-0.09807109	-0.00108031	0.00110146	0.00026792
47.58	0.00034236	-0.00007580	-0.09828670	-0.00094274	0.00091198	0.00020215
47.59	-0.00010954	-0.00005229	-0.09826862	-0.00062048	-0.00034532	-0.00021116
47.60	-0.00015318	0.00029377	-0.09815636	0.00056480	0.00005691	0.00006059
47.61	-0.00000827	0.00008259	-0.09820658	0.00033071	-0.00008926	-0.00020543
47.62	-0.00022190	0.00012138	-0.09820581	-0.00057620	0.00016952	0.00038552
47.63	-0.00022479	0.00039449	-0.09824069	0.00106183	0.00009124	0.00030094
47.64	0.00012729	0.00009007	-0.09839598	0.00067058	0.00037764	0.00017076
47.65	-0.00019286	0.00020749	-0.09827864	-0.00010978	0.00027466	0.00012262
47.66	-0.00020408	0.00015736	-0.09830440	0.00128394	0.00178112	-0.00097429
47.67	-0.00009792	-0.00006609	-0.09816244	0.00086339	0.00099296	0.00042098
47.68	0.00009408	0.00019853	-0.09812279	0.00153193	0.00075723	-0.00002935
47.69	-0.00000715	0.00015762	-0.09786396	0.00062234	0.00032386	-0.00010460
47.70	-0.00018919	-0.00006345	-0.09805553	-0.00023543	-0.00030460	0.00110043
47.71	-0.00007668	0.00008180	-0.09814130	0.00029420	0.00096681	-0.00028592
47.72	-0.00027190	0.00036726	-0.09792396	-0.00034925	-0.00069418	-0.00023467
47.73	0.00007466	-0.00010139	-0.09778888	-0.00097006	-0.00041631	-0.00075737
47.74	0.00011184	-0.00017938	-0.09802607	0.00040929	-0.00037939	-0.00046436
47.75	0.00019239	0.00008134	-0.09814175	0.00051151	0.00005249	-0.00077678
47.76	0.00006407	-0.00005289	-0.09812421	0.00008585	0.00085826	-0.00131445
47.77	0.00023002	-0.00006415	-0.09794337	-0.00019615	0.00097148	-0.00028679
47.78	-0.00024477	-0.00035617	-0.09793748	-0.00038437	0.00030006	0.00002883
47.79	-0.00006522	-0.00015974	-0.09807502	-0.00058956	0.00044998	0.00023711
47.80	-0.00016906	-0.00044562	-0.09792787	0.00051226	0.00112905	0.00027749
47.81	-0.00008620	0.00015067	-0.09777886	-0.00054973	0.00060104	0.00078295
47.82	-0.00034144	0.00025757	-0.09795333	0.00110660	0.00016974	0.00068577
47.83	-0.00038889	-0.00000027	-0.09821955	0.00051392	0.00007427	0.00025969
47.84	-0.00019210	0.00007698	-0.09794897	-0.00009700	0.00042663	0.00019750
47.85	-0.00015091	0.00025362	-0.09786809	0.00071974	-0.00049365	0.00101005
47.86	0.00004039	0.00011755	-0.09783864	-0.00058266	0.00083227	0.00073540
47.87	-0.00010733	0.00023523	-0.09785812	0.00021387	0.00000650	0.00018151
47.88	-0.00003857	0.00000223	-0.09793120	-0.00080223	-0.00014104	0.00096730
47.89	-0.00014319	0.00017944	-0.09782775	-0.00066792	0.00081255	0.00065015
47.90	0.00009112	0.00028407	-0.09800993	0.00061033	0.00052330	-0.00010867
47.91	-0.00019980	0.00018591	-0.09803897	0.00085176	0.00054167	0.00053258
47.92	0.00004702	-0.00002610	-0.09800470	0.00015622	0.00105664	-0.00049922
47.93	0.00014656	0.00019719	-0.09773857	-0.00039828	0.00041231	-0.00013138
47.94	-0.00030756	-0.00005748	-0.09781262	0.00074848	0.00060291	0.00034990
47.95	-0.00015467	-0.00004300	-0.09772236	-0.00106252	0.00125313	-0.00070483
47.96	0.00005809	0.00011592	-0.09817060	-0.00009880	0.00097188	-0.00090709
47.97	0.00007775	0.00029597	-0.09821890	0.00027342	0.00045662	-0.00025631
47.98	-0.00001103	0.00009214	-0.09824388	0.00043024	0.00076625	0.00077218
47.99	0.00005585	-0.00006233	-0.09784713	0.00032089	-0.00057050	0.00005198
48.00	-0.00004848	0.00016583	-0.09796398	0.00050940	0.00093658	-0.00018387
48.01	-0.00025677	0.00019746	-0.09821679	-0.00045314	0.00022298	0.00063596
48.02	-0.00030779	0.00035901	-0.09825786	-0.00096470	-0.00068578	0.00094455
48.03	0.00000529	0.00049418	-0.09789736	-0.00018215	-0.00036834	0.00107207
48.04	-0.00008187	0.00021533	-0.09791295	0.00022448	0.00025143	0.00039656
48.05	-0.00008202	0.00003524	-0.09794978	-0.00019402	-0.00017591	0.00034407
48.06	0.00028234	0.00024754	-0.09780243	-0.00102112	0.00010547	0.00089961
48.07	0.00020451	0.00003645	-0.09781530	0.00005981	-0.00077388	-0.00022832
48.08	0.00019375	-0.00007584	-0.09801681	-0.00008717	-0.00012552	0.00000305
48.09	0.00006475	-0.00008281	-0.09786048	-0.00073821	-0.00012827	0.00084385
48.10	0.00016689	0.00009440	-0.09767519	0.00060462	-0.00068817	0.00000312
48.11	-0.00025033	-0.00013095	-0.09766250	-0.00024955	-0.00037633	0.00001755
48.12	0.00011283	-0.00001831	-0.09794429	-0.00096489	0.00092753	-0.00009413
48.13	0.00000824	-0.00003347	-0.09790284	0.00018611	0.00033022	-0.00000821
48.14	-0.00003661	0.00024317	-0.09818500	0.00067236	-0.00018247	0.00014766
48.15	-0.00003187	0.00022048	-0.09785893	-0.00081618	0.00003526	-0.00013043
48.16	0.00015060	0.00015429	-0.09791743	-0.00035303	0.00072898	0.00071394
48.17	-0.00025382	0.00038904	-0.09804397	-0.00026247	0.00065628	0.00005357
48.18	-0.00022012	0.00026195	-0.09809815	0.00071869	0.00020586	-0.00052593
48.19	-0.00014017	0.00010737	-0.09784958	-0.00060569	0.00040982	0.00091535
48.20	-0.00032420	0.00038362	-0.09775256	-0.00064751	0.00156944	0.00029309
48.21	0.00029205	0.00027941	-0.09788578	-0.00022916	0.00030053	-0.00023828
48.22	0.00000807	0.00000110	-0.09797805	-0.00109702	-0.00014054	-0.00025311
48.23	0.00028512	0.00026555	-0.09774933	-0.00076005	0.00037907	0.00125680
48.24	-0.00001460	0.00006235	-0.09792506	-0.00069488	0.00037624	-0.00045606
48.25	-0.00012573	0.00024892	-0.09783412	-0.00106085	0.00091946	-0.00061983
48.26	-0.00001137	0.00016229	-0.09824863	-0.00025770	0.00064674	-0.00016710
48.27	-0.00011748	-0.00015764	-0.09817143	-0.00000462	-0.00087456	-0.00082428
48.28	-0.00008746	0.00025979	-0.09803237	0.00011612	-0.00087777	0.00076172
48.29	0.00027379	-0.00021632	-0.09783941	-0.00076432	-0.00084156	0.00061700
48.30	0.00033209	-0.00018143	-0.09808396	0.00028890	-0.00014657	0.00015259
48.31	0.00050564	-0.00004329	-0.09798527	0.00093029	0.00024456	0.00039990
48.32	0.00009143	0.00008556	-0.09824671	-0.00001835	-0.00013851	-0.00063973
48.33	-0.00021717	-0.00011347	-0.09767727	0.00080038	-0.00042498	0.00106221
48.34	0.00012135	0.00031610	-0.09801186	0.00106479	-0.00018098	0.00031626
48.35	0.00004320	0.00002010	-0.09768604	0.00079573	-0.00015315	-0.00030934
48.36	-0.00001247	0.00006807	-0.09797186	-0.00044512	-0.00082983	0.00103382
48.37	-0.00012029	0.00001791	-0.09776943	-0.00011829	-0.00027121	0.00060527
48.38	-0.00014471	0.00009672	-0.09781986	0.00002969	0.00007031	0.00085171
48.39	-0.00006528	-0.00005895	-0.09764693	-0.00104313	-0.00012593	0.00140309
48.40	0.00006241	0.00009763	-0.09770901	-0.00121357	-0.00023637	0.00060452
48.41	0.00024988	0.00041779	-0.09791923	-0.00044057	0.00005137	0.00078549
48.42	0.00003028	-0.00022560	-0.09781409	-0.00205388	0.00012016	0.00033834
48.43	0.00034803	0.00010935	-0.09799158	-0.00110639	-0.00010434	0.00029423
48.44	0.00026316	0.00021563	-0.09813164	-0.00089637	-0.00064610	0.00112162
48.45	-0.00010238	0.00001817	-0.09759006	-0.00033169	-0.00028802	0.00043515
48.46	-0.00011694	0.00016149	-0.09772243	0.00085926	-0.00076189	0.00098041
48.47	-0.00017414	-0.00013597	-0.09819978	0.00018262	0.00011454	0.00107669
48.48	0.00013353	0.00029570	-0.09812551	0.00003701	-0.00039075	0.00043269
48.49	-0.00010275	-0.00015678	-0.09763312	-0.00006979	0.00017608	0.00032181
48.50	0.00005326	-0.00026461	-0.09794623	0.00075427	-0.00086724	0.00125311
48.51	0.00001664	-0.00002208	-0.09802623	0.00011618	0.00009401	0.00052247
48.52	0.00029800	0.00020043	-0.09790830	-0.00026219	0.00079817	-0.00010775
48.53	0.00004013	0.00007541	-0.09803435	0.00036241	0.00117566	0.00084710
48.54	-0.00014176	0.00002931	-0.09772962	0.00073272	0.00086164	0.00042660
48.55	-0.00016078	0.00009434	-0.09808178	0.00047437	-0.00007368	0.00033575
48.56	0.00003388	0.00002174	-0.09808188	0.00100079	-0.00096766	0.00021612
48.57	0.00001084	0.00019154	-0.09797806	0.00049998	-0.00087326	0.00126274
48.58	0.00019295	-0.00001304	-0.09794280	-0.00009285	-0.00000282	-0.00099855
48.59	-0.00006525	0.00016133	-0.09812689	0.00023679	0.00032058	-0.00051073
48.60	0.00004634	0.00002409	-0.09819944	0.00017563	0.00083116	0.00002671
48.61	-0.00022821	0.00015983	-0.09780092	0.00041271	0.00004101	-0.00034571
48.62	0.00025868	0.00007301	-0.09770160	0.00103750	0.00092194	-0.00016166
48.63	0.00006629	-0.00001651	-0.09800195	-0.00006746	-0.00007924	0.00089672
48.64	0.00005520	-0.00003689	-0.09795846	0.00039997	0.00033550	-0.00035563
48.65	0.00005926	-0.00001324	-0.09795571	0.00020229	0.00131072	0.00118032
48.66	0.00015069	0.00022121	-0.09782430	0.00057371	0.00020964	0.00019604
48.67	0.00021824	-0.00013938	-0.09787154	-0.00053993	0.00047514	0.00026301
48.68	0.00013674	0.00012249	-0.09778881	0.00032288	-0.00020223	0.00052662
48.69	0.00043004	0.00009261	-0.09764790	-0.00052486	0.00024285	0.00116559
48.70	0.00006645	0.00011011	-0.09811783	-0.00043058	0.00026735	0.00038189
48.71	0.00075371	0.00032646	-0.09795369	0.00043404	0.00046237	0.00036773
48.72	-0.00003242	0.00021629	-0.09797194	-0.00075496	0.00048932	-0.00031886
48.73	0.00025258	0.00020661	-0.09811286	-0.00066978	-0.00032026	0.00045382
48.74	0.00021090	0.00040119	-0.09810212	-0.00006774	0.00046497	0.00003278
48.75	0.00035219	0.00018041	-0.09768248	-0.00026952	0.00010303	0.00003102
48.76	0.00007479	0.00030367	-0.09799780	0.00015997	-0.00009939	0.00093242
48.77	-0.00005806	-0.00001807	-0.09790795	0.00108480	0.00032963	0.00034346
48.78	0.00046832	-0.00023380	-0.09792299	0.00091892	-0.00052612	-0.00011939
48.79	0.00028892	0.00022334	-0.09778596	0.00033199	0.00077134	0.00025650
48.80	0.00029660	0.00024524	-0.09794722	0.00030685	-0.00006858	-0.00072254
48.81	0.00031547	-0.00005091	-0.09788532	-0.00111518	-0.00078109	0.00025937
48.82	-0.00006580	0.00009960	-0.09799465	-0.00098545	0.00047988	0.00062741
48.83	0.00023002	0.00012554	-0.09777222	0.00011264	0.00188160	0.00113159
48.84	0.00017140	0.00023065	-0.09790912	-0.00028002	0.00007589	-0.00027988
48.85	-0.00015790	0.00040843	-0.09794938	0.00147214	0.00110788	-0.00039427
48.86	-0.00005435	0.00005406	-0.09780813	0.00010212	0.00099346	0.00023439
48.87	-0.00000621	0.00008278	-0.09799935	0.00052316	-0.00008103	0.00044473
48.88	0.00016525	0.00005620	-0.09788842	0.00010535	0.00014849	0.00006411
48.89	0.00022450	0.00014691	-0.09798623	0.00074213	0.00063339	0.00011377
48.90	-0.00003102	-0.00004352	-0.09778427	-0.00012970	0.00019623	0.00067235
48.91	0.00005935	0.00031597	-0.09787766	0.00042808	0.00183829	0.00123339
48.92	0.00028621	0.00011220	-0.09815320	-0.00012067	-0.00053205	0.00070102
48.93	-0.00033200	-0.00002954	-0.09788759	-0.00072199	-0.00019989	0.00076078
48.94	-0.00005161	0.00011982	-0.09821863	-0.00027930	-0.00046258	0.00043918
48.95	-0.00021186	0.00014628	-0.09791070	0.00071725	0.00033774	0.00102946
48.96	0.00028488	0.00004672	-0.09813396	0.00011016	0.00033275	-0.00016428
48.97	-0.00001617	0.00015245	-0.09783084	-0.00036235	-0.00030636	-0.00008201
48.98	0.00014310	0.00041666	-0.09786426	-0.00044701	-0.00013392	0.00014889
48.99	0.00011507	0.00026436	-0.09793501	0.00055677	-0.00051651	0.00113580
49.00	-0.00007875	0.00009801	-0.09819397	-0.00017116	0.00022871	0.00039555
49.01	0.00022420	0.00018238	-0.09812620	0.00061905	-0.00018374	0.00002401
49.02	0.00018769	0.00034498	-0.09791653	-0.00010861	-0.00039099	0.00017192
49.03	-0.00011899	-0.00008942	-0.09804276	0.00056874	-0.00007019	0.00070128
49.04	0.00033961	0.00010245	-0.09773274	0.00037472	-0.00059538	0.00061619
49.05	0.00006124	0.00029447	-0.09786607	-0.00014348	0.00044211	0.00051780
49.06	-0.00007407	0.00034610	-0.09782559	-0.00035785	-0.00051813	0.00110909
49.07	-0.00000550	0.00015660	-0.09794718	-0.00106557	0.00064393	0.00020365
49.08	-0.00020377	0.00033620	-0.09799292	-0.00104255	0.00009304	-0.00006216
49.09	-0.00018700	0.00038018	-0.09808514	-0.00148265	-0.00019401	-0.00041889
49.10	0.00004661	-0.00002221	-0.09798217	-0.00102853	-0.00062642	-0.00092018
49.11	-0.00026274	0.00010079	-0.09795465	-0.00085314	0.00035119	-0.00041396
49.12	-0.00029519	-0.00006811	-0.09781842	0.00001536	0.00058659	0.00027314
49.13	-0.00012522	0.00010350	-0.09788252	-0.00000626	0.00027662	0.00059546
49.14	-0.00000961	-0.00010893	-0.09763288	-0.00081306	-0.00009489	0.00009632
49.15	0.00009489	-0.00001074	-0.09809490	-0.00005991	-0.00024818	-0.00015273
49.16	0.00011011	-0.00031515	-0.09791451	0.00002301	-0.00020544	-0.00023862
49.17	0.00009794	0.00009595	-0.09805931	0.00012769	-0.00050545	0.00006462
49.18	0.00017679	-0.00010112	-0.09781249	0.00029685	-0.00075252	0.00111505
49.19	0.00013779	0.00022523	-0.09778645	0.00037167	-0.00062202	-0.00000206
49.20	0.00009232	0.00009003	-0.09794696	-0.00046052	-0.00035177	0.00116402
49.21	0.00019350	0.00001626	-0.09830934	0.00004455	-0.00033287	0.00085431
49.22	0.00007986	0.00020615	-0.09798376	-0.00025686	0.00039566	0.00115415
49.23	0.00003117	0.00034649	-0.09751701	0.00046591	0.00009299	-0.00038861
49.24	0.00035748	-0.00010160	-0.09769523	-0.00020454	0.00016951	0.00109359
49.25	-0.00009649	0.00007862	-0.09793108	-0.00060541	-0.00042352	0.00036162
49.26	0.00000401	0.00034771	-0.09781330	-0.00158515	0.00011751	0.00069151
49.27	-0.00032114	0.00006971	-0.09783663	-0.00066896	-0.00036186	0.00243090
49.28	-0.00004804	-0.00004791	-0.09801565	0.00010881	-0.00059053	0.00178915
49.29	-0.00019790	0.00017776	-0.09783923	-0.00069341	-0.00030062	0.00116993
49.30	0.00001033	0.00014448	-0.09795476	-0.00032552	-0.00132648	0.00059625
49.31	0.00012979	-0.00000816	-0.09801858	-0.00066082	-0.00095140	0.00074137
49.32	0.00009968	-0.00000711	-0.09786307	-0.00166401	-0.00072838	0.00054582
49.33	0.00018803	0.00003695	-0.09790582	-0.00067237	-0.00032058	0.00056411
49.34	0.00003068	0.00030873	-0.09811838	-0.00098542	-0.00057558	0.00009095
49.35	-0.00001183	-0.00019374	-0.09833489	-0.00065797	-0.00041699	0.00011517
49.36	-0.00006914	0.00014978	-0.09820032	-0.00095745	-0.00011273	0.00015880
49.37	-0.00001232	0.00001997	-0.09789184	-0.00068924	0.00033458	0.00036115
49.38	0.00045907	0.00006490	-0.09805986	-0.00077640	0.00003468	0.00036209
49.39	0.00000793	-0.00001788	-0.09825717	-0.00080811	-0.00021143	0.00039895
49.40	-0.00008016	0.00010195	-0.09780030	-0.00047893	0.00025862	0.00108496
49.41	-0.00017446	0.00021146	-0.09778791	-0.00056663	-0.00028717	-0.00035101
49.42	-0.00007211	0.00012516	-0.09801239	-0.00058469	-0.00027118	0.00093256
49.43	0.00015153	0.00031991	-0.09786788	-0.00052992	-0.00105891	0.00020302
49.44	-0.00047683	0.00032509	-0.09791326	-0.00055129	-0.00067012	0.00035098
49.45	-0.00011813	0.00012164	-0.09785676	-0.00096851	0.00058317	-0.00105626
49.46	-0.00018088	0.00018616	-0.09761010	0.00016310	-0.00031358	-0.00028665
49.47	-0.00019336	0.00004520	-0.09797781	-0.00078426	0.00020380	-0.00045559
49.48	-0.00010910	0.00005093	-0.09770944	-0.00057075	-0.00100367	-0.00072895
49.49	-0.00054762	0.00035508	-0.09796239	-0.00037104	0.00036262	-0.00093746
49.50	-0.00003547	-0.00001446	-0.09791967	-0.00065286	-0.00027299	-0.00040052
49.51	-0.00023604	0.00004562	-0.09792766	-0.00035025	0.00081759	-0.00033506
49.52	-0.00025218	0.00011889	-0.09784362	-0.00065119	-0.00019580	0.00015579
49.53	-0.00024761	0.00018619	-0.09782729	-0.00001578	0.00110641	0.00042739
49.54	-0.00012126	0.00031262	-0.09793556	0.00016031	-0.00028934	0.00060479
49.55	-0.00024945	0.00039919	-0.09780761	-0.00109193	-0.00073311	-0.00011202
49.56	-0.00006594	0.00015918	-0.09780130	-0.00029146	-0.00133335	0.00122794
49.57	-0.00023424	0.00022412	-0.09801492	-0.00093118	-0.00151269	0.00020978
49.58	-0.00037095	0.00006856	-0.09824798	-0.00114520	0.00039493	0.00136633
49.59	-0.00004608	0.00026292	-0.09818536	0.00001677	0.00008245	0.00053802
49.60	-0.00010208	0.00011015	-0.09762173	-0.00144655	0.00021628	-0.00018934
49.61	-0.00013422	0.00005526	-0.09774148	-0.00159407	-0.00018127	-0.00064126
49.62	-0.00015505	-0.00020179	-0.09785361	-0.00187170	-0.00064473	0.00088228
49.63	-0.00018212	0.00022132	-0.09788776	-0.00068234	-0.00063288	0.00039741
49.64	-0.00020158	0.00006081	-0.09772476	-0.00089922	-0.00055882	-0.00070900
49.65	-0.00043999	-0.00004801	-0.09786360	-0.00060261	0.00042870	-0.00003838
49.66	-0.00029680	0.00040610	-0.09761580	-0.00030545	-0.00018060	-0.00110981
49.67	0.00003133	-0.00002057	-0.09783686	-0.00061915	0.00072503	-0.00112412
49.68	-0.00017420	0.00024902	-0.09805803	-0.00075810	0.00054322	-0.00098714
49.69	-0.00008700	0.00022021	-0.09797009	-0.00169773	-0.00012613	-0.00064637
49.70	-0.00004535	0.00039820	-0.09783632	-0.00076460	0.00020192	0.00026542
49.71	0.00000287	0.00018747	-0.09774470	-0.00126456	0.00014579	-0.00043564
49.72	-0.00002013	0.00050596	-0.09781569	-0.00111602	0.00103953	-0.00137137
49.73	-0.00024714	0.00016148	-0.09791407	-0.00083644	0.00008766	-0.00044331
49.74	-0.00026020	-0.00018353	-0.09812785	-0.00066102	0.00057819	-0.00027500
49.75	-0.00026344	0.00019330	-0.09778686	-0.00146721	-0.00009788	0.00013657
49.76	-0.00002560	0.00032035	-0.09786581	-0.00100641	0.00039726	-0.00132900
49.77	-0.00027019	0.00034822	-0.09795737	-0.00058998	-0.00016617	-0.00121798
49.78	0.00004010	0.00018220	-0.09771650	-0.00123195	0.00030483	-0.00067956
49.79	-0.00018963	0.00017058	-0.09761814	-0.00073320	0.00092748	-0.00071147
49.80	-0.00013245	0.00028800	-0.09788788	-0.00133492	-0.00013724	-0.00112204
49.81	-0.00014612	0.00040419	-0.09787143	-0.00114632	0.00022222	-0.00077010
49.82	0.00001489	0.00017963	-0.09788271	-0.00126375	0.00072050	-0.00080656
49.83	0.00011387	0.00010716	-0.09778023	-0.00131097	-0.00050944	-0.00184123
49.84	0.00000875	0.00048695	-0.09788202	-0.00167999	-0.00046738	-0.00110965
49.85	-0.00019531	0.00051818	-0.09780838	-0.00081581	-0.00011703	-0.00126821
49.86	0.00001424	0.00025513	-0.09769568	0.00006232	0.00086637	-0.00092634
49.87	-0.00013873	0.00023859	-0.09813833	-0.00016168	-0.00064682	-0.00043463
49.88	-0.00000741	0.00022949	-0.09806104	-0.00018792	0.00001593	-0.00081368
49.89	0.00005123	0.00018449	-0.09799801	-0.00046407	-0.00056368	-0.00070797
49.90	-0.00001888	0.00021486	-0.09773885	-0.00013761	-0.00054776	-0.00043329
49.91	0.00023549	0.00024176	-0.09827992	-0.00081218	0.00012229	-0.00071117
49.92	-0.00014569	0.00026141	-0.09807471	-0.00017375	0.00022643	0.00010805
49.93	-0.00020565	0.00027794	-0.09789361	-0.00073170	-0.00054960	-0.00079393
49.94	-0.00018671	0.00021083	-0.09807359	-0.00169351	-0.00000791	-0.00065251
49.95	0.00008920	0.00017381	-0.09800566	-0.00127096	-0.00067346	-0.00057555
49.96	-0.00021794	0.00006210	-0.09779285	-0.00077297	-0.00092720	-0.00047371
49.97	0.00009727	0.00008881	-0.09774905	-0.00061796	0.00048847	-0.00058550
49.98	-0.00015779	0.00023917	-0.09790894	-0.00040311	0.00012072	-0.00074829
49.99	-0.00003992	0.00044974	-0.09783859	-0.00019022	-0.00005675	-0.00040727
50.00	0.00023367	0.00006905	-0.09764144	-0.00016894	0.00045029	-0.00041023
50.01	0.00018013	-0.00002038	-0.09824604	-0.00112452	0.00024080	-0.00031173
50.02	0.00021420	0.00012624	-0.09793819	-0.00063523	-0.00103622	-0.00060951
50.03	-0.00004669	0.00008721	-0.09799021	-0.00083638	-0.00037635	-0.00012770
50.04	0.00032007	0.00021835	-0.09782663	-0.00047897	-0.00048829	0.00067496
50.05	0.00004014	-0.00010444	-0.09782503	0.00057518	0.00035731	-0.00049218
50.06	-0.00000645	0.00036135	-0.09776365	0.00042813	0.00033318	-0.00007067
50.07	-0.00037240	0.00000756	-0.09787454	-0.00054097	-0.00043032	0.00022771
50.08	-0.00007219	-0.00000864	-0.09762397	0.00017290	-0.00045777	-0.00006426
50.09	0.00016174	-0.00006774	-0.09766448	0.00012731	-0.00065715	0.00116028
50.10	0.00007229	0.00008282	-0.09782877	0.00036465	-0.00159378	0.00036728
50.11	0.00014162	-0.00008365	-0.09795344	-0.00094543	-0.00032369	-0.00073726
50.12	-0.00001874	-0.00012814	-0.09770666	-0.00067993	-0.00065211	-0.00111039
50.13	0.00008953	0.00010541	-0.09762426	-0.00019890	-0.00094177	-0.00168713
50.14	0.00007283	0.00011079	-0.09765182	-0.00037476	-0.00035720	-0.00134461
50.15	-0.00017072	-0.00023394	-0.09787386	-0.00124847	0.00023746	-0.00013087
50.16	0.00010456	0.00019051	-0.09782401	-0.00057392	-0.00093376	0.00023079
50.17	0.00005223	0.00024258	-0.09806309	-0.00087527	-0.00030638	-0.00049076
50.18	0.00005104	0.00021270	-0.09771254	-0.00106379	-0.00072494	-0.00048749
50.19	0.00002170	0.00038968	-0.09785187	-0.00115513	-0.00112828	-0.00001346
50.20	-0.00006980	0.00012151	-0.09777730	-0.00049821	-0.00039095	-0.00019018
50.21	0.00013070	0.00009902	-0.09772002	-0.00127646	-0.00093235	0.00079729
50.22	-0.00002549	0.00022941	-0.09810096	-0.00164470	0.00054403	-0.00001546
50.23	0.00016637	-0.00013662	-0.09777591	-0.00013697	0.00126446	0.00019503
50.24	0.00008561	0.00008284	-0.09788975	0.00014480	0.00043165	0.00029801
50.25	-0.00007687	0.00010019	-0.09785392	0.00016322	-0.00001793	0.00080578
50.26	-0.00005045	-0.00005020	-0.09790892	-0.00023994	0.00022419	0.00051697
50.27	0.00002042	0.00002464	-0.09765341	-0.00070747	0.00125404	-0.00027584
50.28	0.00004798	-0.00024027	-0.09789652	-0.00167686	0.00116267	-0.00003336
50.29	-0.00002868	-0.00006430	-0.09773160	-0.00059099	0.00100375	0.00063187
50.30	0.00000706	-0.00012275	-0.09761735	-0.00148064	0.00063751	0.00091211
50.31	0.00009850	0.00002442	-0.09803068	-0.00043969	0.00079084	0.00050057
50.32	-0.00006250	0.00010910	-0.09793391	-0.00010445	0.00081437	-0.00013891
50.33	0.00008093	0.00021903	-0.09791186	0.00015266	0.00082629	0.00156635
50.34	-0.00011414	-0.00001416	-0.09773207	-0.00058727	0.00059936	-0.00001940
50.35	0.00023200	0.00002920	-0.09759746	-0.00036843	0.00009672	0.00083981
50.36	-0.00014571	-0.00009875	-0.09772482	0.00008696	-0.00005904	0.00052572
50.37	0.00017310	0.00010617	-0.09789181	-0.00064169	0.00037887	0.00029904
50.38	0.00024824	0.00027237	-0.09789563	-0.00005445	0.00083291	0.00092654
50.39	-0.00028835	0.00017245	-0.09788898	-0.00070963	0.00018563	-0.00053107
50.40	0.00031632	0.00031103	-0.09787477	-0.00003601	-0.00009676	0.00045393
50.41	0.00014866	0.00000433	-0.09789879	-0.00031923	0.00027019	-0.00003862
50.42	0.00000848	0.00004859	-0.09789706	0.00011726	0.00088728	0.00078484
50.43	-0.00021638	0.00039042	-0.09763437	0.00010109	0.00061369	-0.00002294
50.44	-0.00001531	0.00026516	-0.09777898	-0.00054144	0.00071499	0.00010010
50.45	0.00005047	0.00014245	-0.09772207	0.00060975	0.00072807	0.00028198
50.46	-0.00025302	0.00039149	-0.09770310	0.00047064	0.00137569	0.00000384
50.47	0.00001679	0.00015123	-0.09782716	0.00188217	0.00101940	-0.00024016
50.48	-0.00001208	0.00019908	-0.09769865	-0.00007291	0.00146466	-0.00078653
50.49	0.00010414	-0.00002049	-0.09802074	0.00026080	0.00105158	-0.00048151
50.50	-0.00024660	0.00017060	-0.09815916	0.00063347	0.00067149	0.00077261
50.51	0.00001530	0.00007698	-0.09792113	0.00006164	0.00027752	-0.00013488
50.52	-0.00027886	-0.00007059	-0.09791475	-0.00115623	0.00024751	-0.00080651
50.53	-0.00005770	-0.00013432	-0.09770907	-0.00054412	-0.00079350	-0.00067995
50.54	0.00003586	0.00008620	-0.09775884	-0.00063336	-0.00014996	-0.00019178
50.55	0.00003201	-0.00000548	-0.09762940	-0.00146957	0.00010336	-0.00134802
50.56	0.00008698	0.00017563	-0.09781376	-0.00183974	-0.00002089	-0.00060155
50.57	-0.00009925	-0.00022521	-0.09820604	-0.00142285	-0.00022793	-0.00058623
50.58	0.00013017	-0.00012889	-0.09760741	-0.00117171	-0.00071752	-0.00007028
50.59	-0.00003124	-0.00002265	-0.09774911	-0.00032737	-0.00059729	-0.00236031
50.60	0.00008640	-0.00013171	-0.09803356	0.00015679	0.00035762	-0.00170084
50.61	0.00013305	-0.00011789	-0.09787547	-0.00085420	-0.00009156	-0.00076717
50.62	-0.00010527	0.00004193	-0.09782462	-0.00096700	0.00039581	-0.00114061
50.63	-0.00024014	-0.00024602	-0.09773632	-0.00069152	-0.00125878	-0.00014270
50.64	-0.00014384	0.00033639	-0.09774367	0.00008575	0.00035396	-0.00080410
50.65	0.00017850	0.00018801	-0.09773215	0.00022363	0.00014861	0.00053689
50.66	0.00013968	0.00017863	-0.09818331	-0.00000921	-0.00002400	-0.00060489
50.67	-0.00006381	0.00008571	-0.09782726	0.00008926	0.00087493	-0.00048999
50.68	-0.00026693	0.00030989	-0.09797832	0.00002924	-0.00008480	-0.00050258
50.69	-0.00003062	-0.00017717	-0.09777528	-0.00141542	-0.00044753	-0.00049589
50.70	0.00009194	0.00016890	-0.09812972	-0.00167758	-0.00007580	-0.00048198
50.71	0.00001387	0.00025109	-0.09826732	-0.00001627	-0.00033246	-0.00052577
50.72	0.00009610	0.00008817	-0.09792974	-0.00091002	-0.00064847	-0.00101308
50.73	-0.00018152	0.00027631	-0.09780351	-0.00121392	-0.00045400	0.00027359
50.74	0.00018055	0.00001067	-0.09789615	0.00007218	0.00090550	0.00019680
50.75	-0.00004682	0.00016512	-0.09800226	-0.00018787	0.00053908	0.00029419
50.76	-0.00004069	0.00008543	-0.09799256	-0.00011843	0.00092296	0.00045149
50.77	0.00000666	0.00012106	-0.09805288	-0.00095519	-0.00019090	0.00090388
50.78	0.00007555	0.00035551	-0.09795234	-0.00031940	0.00038393	0.00188213
50.79	0.00007958	0.00008357	-0.09786359	0.00018284	0.00047382	0.00113648
50.80	-0.00027400	-0.00002330	-0.09768314	0.00061663	-0.00146577	0.00156922
50.81	-0.00015258	-0.00001505	-0.09783032	-0.00029110	-0.00001701	-0.00024999
50.82	0.00004150	-0.00019646	-0.09810819	-0.00028039	-0.00064923	0.00117645
50.83	0.00013556	0.00008570	-0.09790672	-0.00097504	0.00097207	0.00065488
50.84	0.00037505	0.00001211	-0.09787061	0.00007118	-0.00042283	0.00003344
50.85	0.00005944	-0.00016437	-0.09829050	0.00078785	-0.00115088	0.00027127
50.86	0.00002834	0.00022289	-0.09776740	-0.00073236	-0.00019987	-0.00081246
50.87	0.00002207	-0.00000983	-0.09819186	-0.00115242	0.00037244	0.00044505
50.88	0.00023525	0.00035675	-0.09798641	0.00014606	-0.00061899	-0.00014655
50.89	0.00005848	0.00005223	-0.09811085	-0.00117489	-0.00034235	0.00160595
50.90	-0.00001749	0.00024641	-0.09773849	-0.00033106	-0.00051605	0.00141613
50.91	0.00001744	0.00063446	-0.09813693	0.00005330	0.00082126	0.00068735
50.92	0.00004105	0.00031870	-0.09795353	-0.00096659	0.00030560	0.00115974
50.93	0.00010099	0.00042179	-0.09820546	-0.00045247	-0.00082807	0.00034309
50.94	0.00018089	0.00002779	-0.09789270	-0.00105374	-0.00057512	0.00030753
50.95	0.00017616	0.00007901	-0.09751485	-0.00175773	-0.00049858	0.00127943
50.96	0.00030357	0.00010427	-0.09793361	-0.00070619	-0.00022120	0.00171316
50.97	0.00009604	0.00031555	-0.09808653	-0.00156547	-0.00019173	0.00055789
50.98	0.00016060	0.00006645	-0.09813061	-0.00079611	-0.00065601	0.00066504
50.99	0.00039253	0.00013976	-0.09788162	-0.00068965	0.00010875	0.00079458
51.00	0.00043430	0.00039244	-0.10797606	-0.00167247	0.30018056	-0.00061046
51.01	0.00121253	-0.00004764	-0.10799603	-0.00045508	0.29935365	-0.00024873
51.02	0.00172643	-0.00025774	-0.10763698	-0.00013865	0.30008439	-0.00000760
51.03	0.00214384	0.00020540	-0.10739923	-0.00120372	0.29897891	0.00115952
51.04	0.00279085	-0.00022178	-0.10795985	-0.00004911	0.29909479	0.00066197
51.05	0.00332778	0.00034451	-0.10761634	-0.00071308	0.30037317	-0.00009887
51.06	0.00351525	0.00008903	-0.10766838	-0.00026470	0.29965513	0.00088214
51.07	0.00399181	0.00017786	-0.10811484	-0.00163348	0.30005335	0.00086468
51.08	0.00499513	0.00027854	-0.10759960	-0.00076039	0.30022871	-0.00035259
51.09	0.00534863	0.00025151	-0.10782604	-0.00069390	0.29914801	-0.00095015
51.10	0.00592296	0.00023376	-0.10774943	0.00032346	0.29935970	0.00027148
51.11	0.00630384	-0.00012537	-0.10759836	-0.00002560	0.30010500	0.00108504
51.12	0.00667615	0.00020965	-0.10771608	-0.00014734	0.29964428	0.00080051
51.13	0.00693089	0.00021697	-0.10782606	-0.00066351	0.29939730	0.00022435
51.14	0.00762842	-0.00004035	-0.10766102	-0.00047555	0.29985030	0.00046274
51.15	0.00826998	0.00007076	-0.10753499	-0.00045769	0.30025635	0.00045050
51.16	0.00850254	0.00018886	-0.10782417	-0.00016101	0.30080714	0.00022392
51.17	0.00932166	0.00043176	-0.10765035	-0.00011984	0.30054309	0.00070090
51.18	0.00968577	-0.00002038	-0.10740603	-0.00034441	0.30007817	0.00055696
51.19	0.01020397	0.00025965	-0.10721578	0.00089865	0.30067769	0.00046294
51.20	0.01082286	0.00022630	-0.10710166	0.00019066	0.29982651	0.00035872
51.21	0.01146784	0.00006554	-0.10687339	0.00113968	0.30097784	0.00129574
51.22	0.01230227	0.00008285	-0.10672487	-0.00028049	0.30064085	0.00113709
51.23	0.01231296	0.00004763	-0.10692024	0.00006164	0.30061765	0.00040159
51.24	0.01298120	0.00006354	-0.10704431	-0.00045153	0.30039557	-0.00047572
51.25	0.01314668	0.00013251	-0.10703084	-0.00179716	0.29943785	0.00072127
51.26	0.01398346	0.00012540	-0.10669773	-0.00110739	0.30065071	0.00122435
51.27	0.01439980	0.00039316	-0.10686205	-0.00008515	0.30096473	0.00120037
51.28	0.01491690	0.00018832	-0.10666459	-0.00043800	0.30099111	0.00098866
51.29	0.01527916	0.00029464	-0.10671215	-0.00091483	0.29964373	0.00075349
51.30	0.01618540	0.00028551	-0.10683494	-0.00015956	0.30011186	0.00063856
51.31	0.01622783	0.00023809	-0.10638946	-0.00012791	0.29983641	-0.00001035
51.32	0.01706230	-0.00006636	-0.10644028	-0.00103448	0.30021674	-0.00062610
51.33	0.01749973	0.00001650	-0.10648053	-0.00022534	0.30005686	0.00030586
51.34	0.01791405	0.00027291	-0.10655947	-0.00006920	0.30067521	-0.00117471
51.35	0.01848587	0.00022242	-0.10593496	0.00099641	0.29985176	0.00032102
51.36	0.01921377	0.00001616	-0.10592940	0.00098695	0.30086779	0.00112581
51.37	0.01982961	0.00032627	-0.10586727	0.00033844	0.29967923	0.00053922
51.38	0.02008363	0.00019208	-0.10609565	0.00081351	0.30121829	0.00150488
51.39	0.02064585	-0.00027945	-0.10566091	0.00052912	0.30081058	0.00075679
51.40	0.02106184	-0.00024219	-0.10542230	0.00023155	0.30039249	0.00131086
51.41	0.02152314	0.00008136	-0.10513114	0.00010221	0.30058794	0.00101311
51.42	0.02218714	-0.00019260	-0.10543274	-0.00064143	0.30049103	0.00016857
51.43	0.02261261	0.00007142	-0.10535298	-0.00047391	0.29996188	0.00058268
51.44	0.02268014	0.00005675	-0.10502494	0.00015075	0.30108911	0.00089271
51.45	0.02352002	-0.00026794	-0.10500389	0.00017489	0.30167383	0.00048020
51.46	0.02384813	0.00023272	-0.10481879	0.00011582	0.30141931	0.00036978
51.47	0.02453191	0.00023758	-0.10475240	-0.00007772	0.30116499	0.00109193
51.48	0.02508826	0.00009237	-0.10447235	-0.00013018	0.30095096	0.00063443
51.49	0.02549834	0.00018517	-0.10452616	0.00000353	0.30065395	0.00086897
51.50	0.02586469	0.00021171	-0.10380160	-0.00051484	0.30026053	0.00048668
51.51	0.02660565	0.00025765	-0.10437009	0.00070987	0.29974377	-0.00076555
51.52	0.02719502	0.00003244	-0.10435382	-0.00109081	0.29969886	0.00033543
51.53	0.02734904	0.00015243	-0.10414424	0.00030634	0.29991972	0.00004030
51.54	0.02813177	-0.00005629	-0.10396576	-0.00012651	0.29969662	-0.00028515
51.55	0.02847626	0.00005593	-0.10337898	0.00024602	0.29984885	-0.00016577
51.56	0.02911886	0.00023497	-0.10353753	0.00146885	0.30088641	-0.00050294
51.57	0.02920758	0.00018188	-0.10342831	0.00081851	0.30148129	0.00034654
51.58	0.02984873	-0.00004610	-0.10322536	0.00079813	0.30130953	0.00010902
51.59	0.03059898	0.00010476	-0.10312539	0.00066246	0.30081802	-0.00039903
51.60	0.03073534	-0.00005384	-0.10321816	0.00010241	0.30121434	-0.00052965
51.61	0.03145764	-0.00000655	-0.10276000	0.00060524	0.30066056	0.00042813
51.62	0.03198349	-0.00010362	-0.10278604	-0.00008153	0.30157350	0.00009780
51.63	0.03269079	-0.00012603	-0.10222526	-0.00017042	0.30022232	0.00099038
51.64	0.03285232	0.00020380	-0.10239597	-0.00000189	0.30068146	0.00136047
51.65	0.03347329	0.00035057	-0.10202501	-0.00050973	0.30035899	0.00031955
51.66	0.03390596	0.00010556	-0.10183298	0.00124033	0.29948900	-0.00002879
51.67	0.03426333	0.00033324	-0.10176264	0.00044666	0.29997033	0.00053848
51.68	0.03491706	-0.00001883	-0.10140101	-0.00021034	0.29963207	0.00018325
51.69	0.03525606	0.00023846	-0.10121194	0.00098552	0.29946979	0.00119094
51.70	0.03555522	0.00033131	-0.10099862	0.00043994	0.29984788	0.00116116
51.71	0.03612849	0.00062181	-0.10131989	0.00076136	0.30032379	0.00045769
51.72	0.03665598	0.00019839	-0.10071984	0.00060431	0.29985334	0.00039488
51.73	0.03732170	0.00019440	-0.10067256	0.00072761	0.30033965	0.00097261
51.74	0.03790663	0.00024024	-0.10061035	0.00037420	0.30096567	0.00030956
51.75	0.03811651	0.00013423	-0.10016701	0.00040090	0.30070841	0.00061099
51.76	0.03854012	0.00023333	-0.09975379	0.00068135	0.30112454	0.00031096
51.77	0.03910082	0.00012224	-0.09977521	-0.00071539	0.30012240	0.00144710
51.78	0.03945532	0.00038534	-0.09946383	0.00009006	0.30032526	0.00047328
51.79	0.04023777	0.00031257	-0.09938298	0.00028677	0.29950118	0.00057446
51.80	0.04054638	0.00014901	-0.09897004	-0.00009442	0.29934208	0.00068327
51.81	0.04104583	0.00016658	-0.09878115	0.00046000	0.29978175	0.00076706
51.82	0.04162525	-0.00019139	-0.09834554	0.00099639	0.30055176	0.00013723
51.83	0.04166619	0.00013812	-0.09850531	0.00109036	0.29950097	0.00081241
51.84	0.04235707	0.00020961	-0.09818236	0.00153444	0.29951860	0.00070786
51.85	0.04301659	0.00022568	-0.09798333	0.00082394	0.29956986	0.00030713
51.86	0.04318259	0.00023917	-0.09760809	0.00015269	0.29947546	0.00102647
51.87	0.04393695	0.00027224	-0.09753792	0.00020980	0.29931267	-0.00000467
51.88	0.04461493	0.00011795	-0.09745625	0.00095875	0.29879497	0.00039077
51.89	0.04503298	-0.00001193	-0.09683469	0.00060066	0.30007683	0.00126565
51.90	0.04514718	0.00009851	-0.09685323	-0.00057520	0.30121283	0.00031134
51.91	0.04588259	0.00011810	-0.09647570	0.00006623	0.30004269	0.00147639
51.92	0.04650426	-0.00000627	-0.09627890	-0.00064328	0.30030784	0.00015496
51.93	0.04653832	0.00008159	-0.09620034	-0.00086363	0.29945002	-0.00036928
51.94	0.04714809	0.00020431	-0.09550146	-0.00018418	0.29963613	0.00003386
51.95	0.04750358	0.00053862	-0.09551506	0.00008787	0.30055897	0.00005336
51.96	0.04798400	0.00007162	-0.09515208	-0.00075768	0.29981877	0.00038841
51.97	0.04838088	0.00010899	-0.09486346	-0.00026074	0.29905743	0.00068742
51.98	0.04901084	-0.00004193	-0.09498388	0.00050671	0.29916561	0.00129814
51.99	0.04898382	0.00031406	-0.09449918	0.00003364	0.30094738	0.00092677
52.00	0.04847738	0.00017255	-0.07518678	0.00045117	-0.30111800	0.00010667
52.01	0.04831179	0.00004219	-0.07531157	0.00050776	-0.29967678	0.00030608
52.02	0.04785335	-0.00025972	-0.07585514	0.00075831	-0.29975305	0.00108761
52.03	0.04720281	0.00008677	-0.07611895	-0.00019018	-0.30015389	0.00083762
52.04	0.04687918	0.00021417	-0.07613494	0.00013332	-0.30030806	0.00072765
52.05	0.04644914	0.00002556	-0.07630100	0.00032964	-0.29885978	0.00110258
52.06	0.04605754	0.00016993	-0.07639792	0.00062081	-0.30025665	0.00026590
52.07	0.04558219	0.00013046	-0.07681000	0.00123263	-0.29949447	-0.00006027
52.08	0.04503270	0.00003178	-0.07717923	0.00035312	-0.30057455	0.00010098
52.09	0.04475341	0.00011948	-0.07746243	0.00063008	-0.29937759	-0.00036797
52.10	0.04420438	0.00010731	-0.07757173	0.00061519	-0.29937009	-0.00066081
52.11	0.04347015	-0.00014615	-0.07775180	0.00009696	-0.29991197	0.00049370
52.12	0.04291863	-0.00022254	-0.07826110	0.00018966	-0.29930366	0.00063568
52.13	0.04283879	-0.00001880	-0.07818470	0.00019220	-0.29903121	0.00097204
52.14	0.04201810	-0.00032080	-0.07857280	-0.00091774	-0.29885996	0.00101431
52.15	0.04194124	0.00008118	-0.07870258	0.00004765	-0.29971058	0.00077733
52.16	0.04124238	0.00000072	-0.07922795	-0.00111388	-0.29965290	0.00098389
52.17	0.04048412	0.00009294	-0.07933054	-0.00061143	-0.29920080	0.00059158
52.18	0.04029028	0.00009216	-0.07931963	-0.00107296	-0.29935929	0.00071048
52.19	0.03989520	-0.00013123	-0.07954994	-0.00058442	-0.29872704	0.00122178
52.20	0.03909797	-0.00038091	-0.07977156	-0.00028572	-0.30091184	0.00092080
52.21	0.03915190	0.00027764	-0.07998017	0.00054014	-0.29990480	0.00034456
52.22	0.03853836	0.00001272	-0.08013914	0.00046314	-0.29966827	0.00052458
52.23	0.03819462	0.00011734	-0.08020912	0.00020679	-0.29985323	0.00119585
52.24	0.03767154	-0.00003473	-0.08088576	0.00072533	-0.29985112	0.00107553
52.25	0.03721860	-0.00006977	-0.08074425	-0.00024722	-0.29925561	0.00058258
52.26	0.03630891	0.00034930	-0.08131629	-0.00084298	-0.29935937	0.00080520
52.27	0.03649906	0.00022285	-0.08114314	0.00043746	-0.30080082	0.00078347
52.28	0.03551026	0.00013915	-0.08162857	-0.00073321	-0.29936627	0.00073529
52.29	0.03513105	-0.00020847	-0.08157624	-0.00033271	-0.29903553	0.00052834
52.30	0.03481149	0.00008603	-0.08174754	-0.00024560	-0.29961914	0.00053483
52.31	0.03429428	-0.00008730	-0.08220350	-0.00040470	-0.30054055	0.00013592
52.32	0.03352852	0.00027438	-0.08249259	-0.00071298	-0.29961890	0.00066368
52.33	0.03335588	0.00019949	-0.08240648	-0.00046104	-0.30016534	0.00038133
52.34	0.03260031	0.00008962	-0.08267776	-0.00057581	-0.29997521	-0.00058160
52.35	0.03252802	-0.00017893	-0.08263619	-0.00058124	-0.29962624	-0.00040944
52.36	0.03190881	0.00000586	-0.08278617	-0.00054812	-0.29985687	-0.00098501
52.37	0.03132964	0.00008331	-0.08318820	0.00017529	-0.30048262	-0.00013575
52.38	0.03065858	-0.00008007	-0.08331776	-0.00000905	-0.30029538	-0.00002331
52.39	0.03023140	0.00020477	-0.08353868	-0.00079350	-0.30047568	-0.00026385
52.40	0.02963009	-0.00011162	-0.08365364	-0.00151328	-0.29965124	0.00041697
52.41	0.02912381	-0.00001264	-0.08388420	-0.00076807	-0.30062425	0.00069531
52.42	0.02881525	0.00011719	-0.08402543	-0.00116641	-0.29911028	0.00070726
52.43	0.02819326	-0.00008721	-0.08386738	-0.00092240	-0.29966681	0.00029904
52.44	0.02770804	0.00010576	-0.08419407	0.00009552	-0.29989890	-0.00013565
52.45	0.02726639	-0.00006471	-0.08441044	-0.00020541	-0.30064828	0.00034051
52.46	0.02660564	-0.00024433	-0.08440485	-0.00010982	-0.29916950	0.00110951
52.47	0.02626148	0.00000927	-0.08476389	0.00022373	-0.30062152	0.00181862
52.48	0.02582173	-0.00007688	-0.08457117	-0.00037272	-0.30041606	0.00106756
52.49	0.02542842	-0.00006202	-0.08480609	-0.00095169	-0.30006857	0.00103362
52.50	0.02479866	0.00002050	-0.08474493	0.00036510	-0.30118497	0.00104071
52.51	0.02429172	0.00001020	-0.08499544	-0.00056384	-0.30050737	0.00125544
52.52	0.02383621	-0.00001515	-0.08512629	-0.00015754	-0.29981293	0.00132513
52.53	0.02352897	0.00000313	-0.08530055	-0.00130728	-0.29995409	0.00005303
52.54	0.02302034	0.00002144	-0.08535957	-0.00118029	-0.30023602	0.00037445
52.55	0.02241132	-0.00023356	-0.08574678	-0.00041354	-0.30091375	0.00122741
52.56	0.02202301	0.00042832	-0.08587478	0.00019530	-0.29979685	-0.00049480
52.57	0.02138465	0.00012476	-0.08594379	-0.00092396	-0.30043519	0.00067064
52.58	0.02086575	0.00016179	-0.08579202	-0.00018855	-0.30148507	0.00019100
52.59	0.02038802	0.00000862	-0.08619630	0.00029303	-0.30047133	0.00046023
52.60	0.01970650	-0.00004678	-0.08607707	-0.00010523	-0.30151536	0.00023948
52.61	0.01973997	0.00009301	-0.08624239	-0.00039126	-0.30068327	0.00079244
52.62	0.01892004	0.00010054	-0.08641930	-0.00041167	-0.30022189	0.00061457
52.63	0.01862847	0.00034112	-0.08655602	0.00015331	-0.29931665	0.00038464
52.64	0.01796817	0.00012145	-0.08670170	-0.00065519	-0.29960229	-0.00015973
52.65	0.01745901	-0.00004168	-0.08662552	-0.00057479	-0.29925295	-0.00054968
52.66	0.01684432	0.00003642	-0.08680683	0.00011223	-0.30014371	0.00106655
52.67	0.01607440	0.00032320	-0.08687985	-0.00036280	-0.30090835	0.00022694
52.68	0.01598029	-0.00015286	-0.08685242	-0.00029070	-0.29973628	-0.00017401
52.69	0.01515563	-0.00000192	-0.08706365	-0.00040625	-0.29958280	-0.00025107
52.70	0.01472472	0.00004289	-0.08719757	-0.00041706	-0.29921403	0.00072933
52.71	0.01458564	-0.00006219	-0.08718493	-0.00054708	-0.30010604	0.00037269
52.72	0.01389698	0.00043972	-0.08724162	0.00007135	-0.29935766	-0.00010683
52.73	0.01344508	0.00000468	-0.08713684	-0.00123458	-0.29867171	-0.00090392
52.74	0.01294212	0.00012878	-0.08720906	-0.00068071	-0.29934572	0.00067721
52.75	0.01235265	0.00018459	-0.08738065	-0.00069666	-0.29897507	0.00071182
52.76	0.01171845	-0.00001620	-0.08716103	-0.00155508	-0.29916534	0.00171595
52.77	0.01156433	0.00021597	-0.08736997	-0.00028701	-0.29905428	0.00071460
52.78	0.01091737	0.00005162	-0.08789138	0.00011182	-0.29974315	0.00085374
52.79	0.01012811	0.00008085	-0.08805838	-0.00033141	-0.29898120	0.00041948
52.80	0.00999709	-0.00021499	-0.08784892	-0.00033225	-0.29872389	0.00060630
52.81	0.00908590	-0.00002847	-0.08775971	-0.00033576	-0.29917451	0.00080533
52.82	0.00875948	0.00015925	-0.08793161	0.00057577	-0.30057944	0.00108649
52.83	0.00824847	-0.00011246	-0.08779884	-0.00016500	-0.29880424	-0.00044153
52.84	0.00784598	0.00019041	-0.08827511	-0.00056624	-0.29962150	0.00012060
52.85	0.00702293	0.00023568	-0.08784838	-0.00081885	-0.29940109	0.00035700
52.86	0.00694124	0.00032576	-0.08798142	-0.00039605	-0.29928852	-0.00038472
52.87	0.00644908	-0.00034803	-0.08809262	-0.00069497	-0.29910103	0.00023455
52.88	0.00571903	0.00006812	-0.08768695	-0.00007314	-0.29962004	-0.00000676
52.89	0.00495593	-0.00017250	-0.08827406	0.00001222	-0.29911708	0.00066498
52.90	0.00458677	-0.00004426	-0.08802693	0.00021344	-0.29965963	-0.00024397
52.91	0.00401382	-0.00001253	-0.08800310	-0.00028057	-0.29811692	0.00059551
52.92	0.00360739	-0.00008075	-0.08808630	0.00051170	-0.29884088	-0.00023539
52.93	0.00310910	-0.00021629	-0.08839006	0.00064842	-0.29927832	0.00002753
52.94	0.00277479	-0.00011097	-0.08842713	0.00051307	-0.29997650	-0.00027832
52.95	0.00186885	-0.00007153	-0.08828703	0.00043982	-0.29925179	-0.00021555
52.96	0.00173945	0.00030722	-0.08812170	-0.00037273	-0.29930527	0.00074862
52.97	0.00128779	0.00009762	-0.08832793	0.00093222	-0.29931847	0.00031233
52.98	0.00063189	0.00008237	-0.08833462	-0.00057805	-0.29874371	0.00072528
52.99	0.00022714	0.00006360	-0.08841229	-0.00017034	-0.29905027	0.00132060
53.00	0.00011765	-0.02943407	-0.09793993	-0.00064516	0.00089783	-0.89987510
53.01	-0.00008306	-0.02929810	-0.09798894	0.00099607	0.00078668	-0.89874588
53.02	0.00014363	-0.02908779	-0.09817681	0.00070047	0.00056752	-0.89995437
53.03	0.00020390	-0.02934179	-0.09805858	0.00088703	0.00027680	-0.90006475
53.04	0.00030705	-0.02914419	-0.09799322	0.00006592	0.00086667	-0.89901616
53.05	0.00002037	-0.02934712	-0.09803976	0.00016911	0.00035861	-0.90003240
53.06	-0.00013162	-0.02945408	-0.09780078	-0.00101941	0.00047456	-0.90023031
53.07	0.00010887	-0.02944447	-0.09799518	0.00034251	0.00135144	-0.90069714
53.08	0.00037638	-0.02940765	-0.09796521	-0.00136047	-0.00013168	-0.90085350
53.09	0.00012016	-0.02907008	-0.09775927	-0.00049159	0.00016560	-0.89973849
53.10	0.00002235	-0.02904805	-0.09804727	-0.00070225	-0.00028223	-0.89911071
53.11	0.00013256	-0.02930009	-0.09777313	0.00078135	-0.00078159	-0.89955296
53.12	0.00014587	-0.02908732	-0.09786728	-0.00036002	-0.00089645	-0.89959123
53.13	0.00002612	-0.02900884	-0.09785752	-0.00030799	-0.00019046	-0.89916454
53.14	0.00012738	-0.02940446	-0.09811585	-0.00036320	-0.00009814	-0.89939703
53.15	0.00023939	-0.02947840	-0.09821633	0.00091420	0.00098828	-0.89970367
53.16	-0.00009248	-0.02927796	-0.09780954	-0.00032220	0.00118220	-0.89928478
53.17	0.00016137	-0.02922278	-0.09795500	0.00002688	0.00022552	-0.89862590
53.18	0.00016938	-0.02923121	-0.09818510	-0.00006961	0.00064184	-0.89871949
53.19	-0.00024876	-0.02943813	-0.09834240	-0.00013727	0.00078913	-0.89851043
53.20	-0.00016028	-0.02898165	-0.09786065	-0.00080855	0.00079297	-0.89923211
53.21	-0.00003531	-0.02935244	-0.09788282	-0.00035769	0.00154313	-0.89943463
53.22	-0.00011216	-0.02913687	-0.09796744	-0.00055275	0.00088346	-0.90009188
53.23	-0.00017413	-0.02919020	-0.09785439	-0.00039419	0.00032580	-0.89971909
53.24	-0.00003632	-0.02938409	-0.09820931	-0.00004048	0.00138040	-0.89986758
53.25	0.00001523	-0.02908323	-0.09778288	-0.00012615	0.00095750	-0.90020021
53.26	-0.00039935	-0.02913123	-0.09821818	-0.00152945	0.00057818	-0.89937135
53.27	0.00028443	-0.02906717	-0.09772995	-0.00071076	0.00120324	-0.89949088
53.28	-0.00010416	-0.02926438	-0.09802696	-0.00115039	0.00055120	-0.89912235
53.29	0.00011953	-0.02929540	-0.09798432	0.00044963	0.00002882	-0.89946815
53.30	-0.00005511	-0.02941847	-0.09800189	-0.00042264	0.00106100	-0.89936660
53.31	0.00008143	-0.02947259	-0.09786977	-0.00019498	0.00055827	-0.89974232
53.32	0.00005210	-0.02915895	-0.09787438	-0.00085418	0.00016715	-0.90032384
53.33	0.00029112	-0.02935013	-0.09770582	-0.00041259	0.00077859	-0.90121808
53.34	-0.00018682	-0.02928839	-0.09778716	-0.00030459	0.00098621	-0.90083907
53.35	0.00012376	-0.02918158	-0.09763787	-0.00069025	0.00107880	-0.90025897
53.36	0.00026477	-0.02921907	-0.09807459	-0.00031583	0.00176672	-0.90019457
53.37	0.00043429	-0.02920363	-0.09788427	0.00043358	0.00015909	-0.89976679
53.38	0.00008447	-0.02902422	-0.09801630	0.00046104	0.00047366	-0.89969193
53.39	-0.00019477	-0.02923906	-0.09796069	-0.00118325	-0.00027071	-0.89923552
53.40	-0.00033345	-0.02929163	-0.09773886	-0.00000628	0.00102964	-0.89957731
53.41	0.00017227	-0.02909732	-0.09777849	0.00032547	0.00021815	-0.89946512
53.42	-0.00008066	-0.02912389	-0.09783118	-0.00006563	0.00071870	-0.89909474
53.43	-0.00011380	-0.02909371	-0.09768340	-0.00037087	0.00013715	-0.89950245
53.44	-0.00012289	-0.02906937	-0.09776932	0.00024815	0.00060156	-0.90081704
53.45	-0.00008940	-0.02915643	-0.09768513	0.00044893	0.00033969	-0.90045743
53.46	-0.00019727	-0.02915170	-0.09793826	-0.00048702	0.00093364	-0.89982736
53.47	-0.00018644	-0.02934432	-0.09786796	0.00065707	0.00024367	-0.89999537
53.48	-0.00016187	-0.02929990	-0.09770533	0.00014499	-0.00047640	-0.90078432
53.49	0.00022805	-0.02892289	-0.09750954	0.00035236	0.00121997	-0.90049777
53.50	-0.00013280	-0.02929182	-0.09771050	0.00058455	0.00134456	-0.90052427
53.51	-0.00018171	-0.02927693	-0.09766311	0.00042826	-0.00023887	-0.90031109
53.52	0.00003817	-0.02920055	-0.09800747	0.00083019	0.00056798	-0.89879950
53.53	0.00018916	-0.02895735	-0.09809168	0.00054651	0.00034502	-0.89891857
53.54	0.00000359	-0.02903125	-0.09803054	-0.00047969	-0.00009156	-0.89932196
53.55	0.00017104	-0.02931501	-0.09790984	-0.00052072	-0.00005617	-0.89873451
53.56	-0.00038230	-0.02890829	-0.09799382	0.00010361	-0.00002510	-0.90060828
53.57	0.00001822	-0.02926592	-0.09804922	-0.00041536	0.00058001	-0.90021452
53.58	0.00003422	-0.02887429	-0.09798445	-0.00062926	0.00100781	-0.90001591
53.59	-0.00011920	-0.02901965	-0.09808521	0.00029719	0.00059281	-0.90168616
53.60	0.00018622	-0.02907979	-0.09818699	-0.00065185	-0.00104229	-0.90051329
53.61	-0.00009375	-0.02909817	-0.09808779	-0.00046113	0.00024688	-0.90012392
53.62	0.00001775	-0.02919475	-0.09772169	-0.00052567	0.00067617	-0.90045562
53.63	0.00013071	-0.02927168	-0.09787377	-0.00038580	0.00036390	-0.90077540
53.64	0.00018898	-0.02911228	-0.09808478	-0.00064918	0.00151281	-0.90046686
53.65	-0.00001737	-0.02904660	-0.09816588	-0.00098008	0.00052727	-0.90151675
53.66	-0.00007059	-0.02885661	-0.09787056	-0.00044871	0.00032820	-0.90073202
53.67	-0.00038197	-0.02882224	-0.09811601	-0.00009276	0.00053983	-0.90118967
53.68	-0.00005080	-0.02920373	-0.09798259	-0.00052628	-0.00000299	-0.89992358
53.69	-0.00018151	-0.02902379	-0.09771632	-0.00030936	-0.00078129	-0.89971755
53.70	-0.00039018	-0.02936892	-0.09779117	-0.00024744	0.00015421	-0.89966481
53.71	-0.00000399	-0.02914053	-0.09820700	0.00030293	0.00055199	-0.89986292
53.72	-0.00038115	-0.02917622	-0.09795030	-0.00127623	0.00026618	-0.90015709
53.73	-0.00019425	-0.02900067	-0.09805117	-0.00044672	0.00011956	-0.89984455
53.74	-0.00011688	-0.02892308	-0.09810519	-0.00011083	0.00040514	-0.89974340
53.75	-0.00008007	-0.02891714	-0.09800985	-0.00041024	0.00011856	-0.89948305
53.76	-0.00002206	-0.02919095	-0.09801725	-0.00051923	0.00008630	-0.90024282
53.77	-0.00005846	-0.02893003	-0.09803637	-0.00134049	0.00047420	-0.89959224
53.78	-0.00039604	-0.02921185	-0.09828971	-0.00038538	0.00072485	-0.89945639
53.79	0.00006767	-0.02907127	-0.09793446	-0.00032540	-0.00075070	-0.89833899
53.80	0.00003429	-0.02911984	-0.09793497	-0.00132425	-0.00057349	-0.89952155
53.81	0.00008132	-0.02943283	-0.09806257	-0.00108324	-0.00050170	-0.89963536
53.82	-0.00018771	-0.02930941	-0.09817496	-0.00060713	-0.00026805	-0.89883656
53.83	-0.00016373	-0.02916366	-0.09800235	-0.00030674	-0.00088334	-0.90006293
53.84	0.00000435	-0.02908133	-0.09800323	-0.00073702	-0.00054117	-0.90049734
53.85	-0.00017617	-0.02899254	-0.09794663	-0.00077273	-0.00106039	-0.90071327
53.86	-0.00001441	-0.02910873	-0.09803283	0.00027630	-0.00042028	-0.89982749
53.87	-0.00011363	-0.02909602	-0.09816595	0.00114501	-0.00110142	-0.89974621
53.88	0.00005937	-0.02935752	-0.09796189	-0.00019121	-0.00054716	-0.90090607
53.89	-0.00012574	-0.02917579	-0.09797786	0.00045457	-0.00030230	-0.90040038
53.90	-0.00005907	-0.02892051	-0.09795511	-0.00016991	-0.00104832	-0.89982898
53.91	-0.00005085	-0.02922768	-0.09810952	0.00010635	-0.00061921	-0.90036824
53.92	0.00028259	-0.02895478	-0.09815210	0.00012953	-0.00120718	-0.89966206
53.93	-0.00007750	-0.02930653	-0.09791472	0.00092939	-0.00210764	-0.90049180
53.94	-0.00031271	-0.02896396	-0.09825313	0.00037907	0.00008033	-0.90055639
53.95	-0.00028019	-0.02895348	-0.09806548	0.00026633	-0.00101346	-0.89998034
53.96	0.00007577	-0.02897439	-0.09806644	-0.00011765	-0.00042897	-0.90017372
53.97	0.00033980	-0.02912682	-0.09800599	0.00041632	0.00037884	-0.90040944
53.98	0.00002184	-0.02901159	-0.09827365	0.00071898	0.00033573	-0.90052598
53.99	-0.00008285	-0.02901254	-0.09784773	-0.00035885	-0.00006144	-0.89911555
54.00	0.00040557	-0.00009091	-0.09835526	0.00053606	-0.00014082	0.00027846
54.01	0.00000412	0.00011020	-0.09810847	0.00053483	-0.00087009	0.00012561
54.02	0.00018933	0.00004142	-0.09817903	-0.00006164	-0.00053637	0.00006318
54.03	-0.00003878	-0.00013402	-0.09770665	-0.00046755	-0.00035462	0.00007751
54.04	0.00014637	-0.00005951	-0.09795892	-0.00021627	-0.00019045	0.00064965
54.05	0.00012913	0.00013735	-0.09815181	-0.00138969	-0.00011946	0.00019648
54.06	0.00020635	0.00037058	-0.09795361	0.00019363	-0.00070124	0.00026381
54.07	0.00008117	0.00007703	-0.09798553	-0.00022192	-0.00040996	-0.00004351
54.08	0.00008627	-0.00042394	-0.09780877	0.00073422	-0.00018525	-0.00051788
54.09	-0.00013397	-0.00013501	-0.09790862	0.00020694	0.00051439	-0.00057144
54.10	0.00017370	-0.00013267	-0.09818195	0.00108522	0.00075582	-0.00066651
54.11	0.00017735	0.00029316	-0.09790132	-0.00004276	0.00048903	-0.00067984
54.12	0.00048493	-0.00007418	-0.09818123	0.00173562	0.00088425	0.00028029
54.13	0.00007454	0.00025703	-0.09806382	-0.00015694	0.00059186	0.00032428
54.14	0.00014588	0.00014533	-0.09813943	0.00012965	-0.00032920	-0.00022465
54.15	0.00012134	0.00009821	-0.09805231	-0.00002611	0.00033319	-0.00012873
54.16	0.00019136	0.00009633	-0.09787639	0.00027231	-0.00053296	0.00125982
54.17	0.00008427	0.00017711	-0.09797065	0.00004301	0.00018676	0.00033141
54.18	0.00019276	0.00018703	-0.09808196	-0.00030975	-0.00017552	0.00090881
54.19	0.00017747	0.00002012	-0.09810541	0.00040594	0.00002038	0.00046025
54.20	0.00028101	0.00017827	-0.09817793	-0.00059314	0.00020394	-0.00033428
54.21	0.00007865	0.00030806	-0.09827189	-0.00043017	-0.00086954	-0.00057098
54.22	-0.00000201	0.00008167	-0.09818160	-0.00023869	0.00145182	-0.00105854
54.23	0.00018513	0.00021620	-0.09783199	-0.00007000	0.00009304	-0.00042866
54.24	0.00023478	-0.00004324	-0.09779815	0.00002734	-0.00060131	-0.00147961
54.25	0.00042768	0.00009662	-0.09791061	0.00016204	-0.00060702	-0.00032892
54.26	0.00018879	0.00007519	-0.09807815	-0.00034271	-0.00117637	0.00023812
54.27	0.00010814	-0.00000679	-0.09798329	0.00049218	-0.00009666	-0.00050286
54.28	0.00046516	-0.00010481	-0.09783649	0.00047425	0.00088137	-0.00114418
54.29	0.00024839	0.00015247	-0.09804333	0.00030002	-0.00009681	0.00005816
54.30	0.00036705	-0.00001335	-0.09790386	0.00028917	-0.00008298	-0.00097851
54.31	0.00044090	0.00019379	-0.09776171	-0.00057072	0.00044227	0.00021220
54.32	0.00040048	0.00028269	-0.09786968	0.00024590	-0.00077831	-0.00096871
54.33	0.00036245	0.00030863	-0.09825071	-0.00006129	0.00063713	-0.00046991
54.34	0.00029060	0.00018305	-0.09795040	0.00054036	-0.00129696	-0.00095908
54.35	-0.00005412	0.00019330	-0.09765712	0.00099133	-0.00053260	-0.00071858
54.36	0.00035778	0.00023165	-0.09798824	-0.00011184	-0.00039601	-0.00121396
54.37	0.00010328	0.00008520	-0.09801005	-0.00018824	-0.00083872	-0.00052520
54.38	0.00019818	0.00022546	-0.09790026	-0.00108041	-0.00095075	-0.00009815
54.39	-0.00023626	-0.00000411	-0.09794650	0.00012185	-0.00141737	-0.00050242
54.40	0.00006375	0.00012167	-0.09805634	0.00093322	-0.00003106	-0.00081389
54.41	0.00014744	0.00025088	-0.09822823	0.00011163	-0.00036942	-0.00076533
54.42	0.00046063	0.00043200	-0.09814454	-0.00005903	-0.00038908	-0.00102338
54.43	0.00010937	-0.00002526	-0.09805928	-0.00014251	-0.00219570	-0.00077570
54.44	-0.00008637	0.00017442	-0.09834865	-0.00023684	-0.00084069	-0.00033152
54.45	0.00003791	0.00032587	-0.09811179	-0.00073119	-0.00112488	-0.00057575
54.46	0.00019456	0.00015846	-0.09806608	-0.00134721	-0.00202289	0.00012454
54.47	0.00000299	0.00020733	-0.09825962	-0.00024365	-0.00081200	0.00060489
54.48	-0.00002878	-0.00000404	-0.09790558	-0.00087393	-0.00201287	0.00010031
54.49	0.00017817	0.00011144	-0.09805083	0.00014473	-0.00016483	-0.00029127
54.50	0.00024711	-0.00020136	-0.09821637	-0.00056261	0.00014947	-0.00059073
54.51	0.00006553	-0.00014776	-0.09795611	-0.00069978	-0.00048633	0.00028122
54.52	0.00042238	-0.00019845	-0.09816425	-0.00113277	-0.00079002	-0.00070454
54.53	0.00026283	0.00022972	-0.09829904	-0.00022835	-0.00120696	-0.00070034
54.54	0.00020885	-0.00003813	-0.09795491	-0.00034617	-0.00033210	0.00081305
54.55	0.00023661	-0.00017260	-0.09799380	0.00067599	-0.00100348	0.00018224
54.56	0.00023381	-0.00010352	-0.09793690	0.00014929	-0.00054448	0.00016929
54.57	0.00008784	-0.00029402	-0.09813658	0.00010253	-0.00103979	-0.00060875
54.58	0.00028666	-0.00030715	-0.09824269	0.00095928	-0.00075281	-0.00097855
54.59	0.00013374	0.00003710	-0.09831828	0.00104511	-0.00061171	0.00017655
54.60	0.00009060	0.00003450	-0.09789526	-0.00015629	-0.00034210	-0.00000377
54.61	-0.00001516	0.00002182	-0.09801457	0.00117355	0.00018996	0.00060825
54.62	0.00013412	0.00009668	-0.09777887	0.00101274	-0.00020237	0.00008750
54.63	0.00004888	0.00006812	-0.09805326	0.00068517	-0.00094261	-0.00035110
54.64	-0.00016929	0.00033903	-0.09811737	0.00133699	-0.00087827	0.00006322
54.65	-0.00043206	0.00011402	-0.09812049	0.00085863	0.00009718	0.00013126
54.66	-0.00035116	0.00009615	-0.09788105	0.00117814	-0.00083841	-0.00014154
54.67	-0.00022128	0.00004647	-0.09798559	0.00039240	0.00027839	-0.00070311
54.68	-0.00041672	-0.00000113	-0.09810091	0.00093833	-0.00103501	-0.00025814
54.69	-0.00019409	0.00018024	-0.09784942	0.00198613	-0.00026751	-0.00002980
54.70	0.00010402	-0.00007254	-0.09795135	0.00065259	0.00032277	0.00084442
54.71	-0.00006495	-0.00003746	-0.09799393	0.00075289	-0.00028450	-0.00048456
54.72	0.00002781	-0.00035521	-0.09800142	0.00043331	-0.00023952	0.00032133
54.73	-0.00040866	0.00006780	-0.09814004	0.00081474	-0.00015073	0.00017107
54.74	0.00015788	0.00027951	-0.09789036	0.00060782	-0.00076871	-0.00019318
54.75	0.00008246	-0.00005405	-0.09792990	0.00091404	-0.00056788	-0.00062072
54.76	-0.00016202	-0.00019439	-0.09778770	-0.00061208	-0.00057450	-0.00049265
54.77	0.00003635	-0.00020689	-0.09779539	0.00057995	0.00075007	-0.00074729
54.78	0.00022977	0.00004369	-0.09786323	0.00078873	0.00004827	0.00095370
54.79	0.00009641	0.00018782	-0.09799721	0.00104969	0.00006554	0.00092638
54.80	0.00018898	-0.00017237	-0.09805155	0.00129270	-0.00028283	0.00005134
54.81	0.00016822	-0.00046816	-0.09787151	-0.00008801	-0.00011943	-0.00041818
54.82	0.00024703	-0.00023799	-0.09808967	0.00077029	-0.00002931	-0.00003593
54.83	0.00023720	0.00006411	-0.09799323	0.00067522	-0.00007092	-0.00029237
54.84	0.00001701	-0.00023578	-0.09775991	-0.00071380	-0.00069395	-0.00037710
54.85	0.00007067	-0.00008302	-0.09783788	-0.00037312	-0.00024312	-0.00043883
54.86	0.00012907	-0.00006122	-0.09763592	0.00027284	-0.00014372	0.00001878
54.87	-0.00003364	-0.00026694	-0.09790886	0.00009240	-0.00055697	-0.00064763
54.88	-0.00006235	-0.00007712	-0.09781498	-0.00054139	0.00107245	0.00007669
54.89	-0.00032044	-0.00025730	-0.09799933	0.00073063	0.00091824	-0.00008869
54.90	0.00012903	-0.00016695	-0.09792314	-0.00050291	0.00055689	-0.00001490
54.91	0.00007312	-0.00007395	-0.09802138	-0.00060172	-0.00031739	-0.00060046
54.92	-0.00015068	-0.00006499	-0.09804815	-0.00055352	-0.00050524	-0.00092722
54.93	-0.00012269	-0.00000302	-0.09808018	-0.00026942	-0.00011463	-0.00024437
54.94	-0.00020952	-0.00006529	-0.09819490	-0.00051755	-0.00012262	-0.00090914
54.95	0.00019393	-0.00012968	-0.09794549	-0.00097754	-0.00054488	-0.00148768
54.96	-0.00027645	0.00031534	-0.09793143	-0.00024041	0.00012207	-0.00073716
54.97	-0.00014587	-0.00004107	-0.09818513	-0.00088080	-0.00013790	-0.00050298
54.98	-0.00038805	-0.00006650	-0.09809966	0.00019158	0.00057153	0.00045850
54.99	-0.00018327	-0.00002559	-0.09783147	-0.00036571	-0.00000525	-0.00052831
55.00	0.00001903	-0.00029506	-0.09783215	0.00065732	-0.00084901	-0.00056764
55.01	-0.00009141	0.00013684	-0.09802739	-0.00020906	0.00055958	0.00036651
55.02	-0.00023739	0.00018372	-0.09784830	0.00049376	0.00035917	0.00006264
55.03	0.00000622	0.00006159	-0.09782894	-0.00031269	-0.00060729	0.00054652
55.04	0.00012659	0.00029000	-0.09774851	-0.00050303	0.00033917	0.00066498
55.05	-0.00034563	-0.00014256	-0.09792272	-0.00000070	-0.00084952	-0.00057412
55.06	-0.00022378	-0.00018108	-0.09786504	-0.00007639	-0.00002639	-0.00131773
55.07	0.00011311	0.00025758	-0.09794854	0.00013878	0.00139786	-0.00023506
55.08	0.00008142	0.00015491	-0.09773502	0.00015101	0.00041049	0.00030232
55.09	-0.00016830	0.00009113	-0.09780083	0.00063109	0.00090915	-0.00103094
55.10	-0.00003711	0.00006902	-0.09829904	0.00037843	0.00123415	-0.00089173
55.11	0.00015639	0.00009596	-0.09784130	-0.00018853	0.00032991	-0.00090188
55.12	-0.00005909	-0.00002107	-0.09810586	0.00005141	0.00070559	-0.00063962
55.13	0.00023098	0.00012685	-0.09776584	0.00063653	0.00015651	-0.00017558
55.14	-0.00004997	-0.00024786	-0.09791657	0.00089943	0.00027546	0.00009524
55.15	-0.00002695	-0.00025376	-0.09769441	0.00058997	0.00100211	0.00001488
55.16	0.00024631	-0.00008105	-0.09779603	0.00061719	0.00039450	0.00029310
55.17	-0.00001842	-0.00007985	-0.09774124	0.00049482	0.00010351	0.00021833
55.18	-0.00005736	-0.00017533	-0.09789853	0.00017108	-0.00068373	0.00109990
55.19	-0.00003611	-0.00000704	-0.09768922	0.00017311	0.00021390	0.00075661
55.20	0.00015702	0.00017166	-0.09784917	-0.00014545	-0.00037017	0.00015064
55.21	0.00035568	0.00023360	-0.09781382	0.00022245	-0.00047998	0.00136106
55.22	-0.00017947	0.00030047	-0.09776421	-0.00028378	-0.00137175	-0.00015420
55.23	0.00030175	0.00016207	-0.09796577	0.00069417	-0.00035766	0.00013521
55.24	-0.00021399	-0.00003383	-0.09795552	0.00030134	-0.00050928	0.00026648
55.25	-0.00006102	0.00009819	-0.09795572	-0.00003819	0.00055390	-0.00125759
55.26	-0.00006528	-0.00008584	-0.09780396	0.00161516	0.00004536	0.00070324
55.27	-0.00028780	-0.00009926	-0.09783275	0.00146479	-0.00121245	-0.00043772
55.28	-0.00047468	-0.00000336	-0.09792775	0.00008400	0.00000334	-0.00088145
55.29	-0.00001055	-0.00015789	-0.09763711	0.00025485	-0.00047319	-0.00036011
55.30	-0.00020340	-0.00019445	-0.09796214	-0.00097116	-0.00003654	-0.00058894
55.31	-0.00011103	-0.00007938	-0.09810327	0.00012701	0.00044453	-0.00080703
55.32	-0.00017769	-0.00020139	-0.09796518	-0.00042330	0.00037135	-0.00083039
55.33	-0.00038848	0.00010334	-0.09779927	0.00043327	-0.00099787	-0.00047022
55.34	-0.00012082	0.00008389	-0.09761458	0.00080444	-0.00073945	-0.00079980
55.35	0.00009271	0.00005562	-0.09776735	0.00051311	0.00014301	-0.00105910
55.36	-0.00009901	0.00009108	-0.09759881	-0.00025008	0.00019963	-0.00035737
55.37	-0.00007005	0.00001572	-0.09751949	-0.00016633	0.00010849	0.00001095
55.38	-0.00019230	0.00031970	-0.09764325	-0.00069541	0.00148347	-0.00109126
55.39	-0.00005994	-0.00006937	-0.09792103	0.00111971	-0.00053832	-0.00054074
55.40	-0.00014829	-0.00011053	-0.09796596	0.00025498	-0.00073549	-0.00064617
55.41	0.00013088	0.00016249	-0.09772345	0.00085093	0.00093745	-0.00100236
55.42	-0.00034289	-0.00015839	-0.09757880	0.00092614	0.00047443	0.00000824
55.43	0.00015546	-0.00037990	-0.09771765	0.00029086	0.00175050	0.00099517
55.44	0.00002025	0.00003751	-0.09783543	0.00023760	-0.00010363	-0.00111178
55.45	0.00002523	0.00019063	-0.09780055	0.00006867	-0.00048362	-0.00012545
55.46	0.00024336	-0.00003288	-0.09778273	0.00068026	0.00076026	-0.00031839
55.47	-0.00012084	-0.00005329	-0.09790537	-0.00034085	0.00060935	-0.00038999
55.48	0.00019881	-0.00008979	-0.09804189	0.00109651	0.00060314	0.00008762
55.49	0.00006055	-0.00027520	-0.09771969	0.00018900	0.00036241	-0.00042812
55.50	-0.00002559	-0.00031072	-0.09806902	0.00053838	0.00086895	0.00007539
55.51	0.00018349	0.00006487	-0.09782681	0.00114374	0.00049167	0.00063231
55.52	0.00011106	-0.00007392	-0.09787799	0.00032016	0.00024932	-0.00040267
55.53	-0.00020429	-0.00019756	-0.09795505	0.00077929	-0.00001561	-0.00039652
55.54	0.00005619	0.00017798	-0.09786060	0.00050395	-0.00089488	0.00032733
55.55	0.00028836	-0.00024852	-0.09753435	-0.00011691	-0.00009701	0.00062322
55.56	0.00004973	0.00003610	-0.09792644	-0.00062567	0.00003411	0.00061049
55.57	0.00000302	-0.00036159	-0.09792928	-0.00051343	0.00044339	0.00134186
55.58	-0.00011615	-0.00022287	-0.09764667	0.00004379	0.00065126	0.00108765
55.59	-0.00027336	0.00001620	-0.09795100	0.00044954	0.00061405	0.00055561
55.60	-0.00029060	-0.00010598	-0.09785196	0.00047690	0.00017570	0.00039978
55.61	-0.00026672	0.00011311	-0.09764305	0.00024523	0.00131706	0.00063200
55.62	-0.00000874	-0.00000394	-0.09776526	0.00054148	-0.00016234	0.00066999
55.63	-0.00019518	-0.00003119	-0.09771433	-0.00071729	0.00011132	0.00054545
55.64	-0.00016266	0.00013659	-0.09786933	-0.00089765	0.00013700	0.00090287
55.65	-0.00001324	-0.00003923	-0.09795560	0.00004032	0.00122389	0.00016511
55.66	-0.00006917	-0.00012332	-0.09774316	-0.00024276	0.00151957	0.00133112
55.67	0.00013645	0.00007477	-0.09779290	0.00033397	0.00080193	0.00098841
55.68	-0.00004842	0.00011880	-0.09803998	-0.00035369	0.00082675	0.00114465
55.69	-0.00014390	0.00015728	-0.09785492	-0.00083001	0.00088345	0.00089313
55.70	-0.00024281	0.00016418	-0.09757033	-0.00049366	0.00079237	-0.00078666
55.71	-0.00022962	0.00002328	-0.09761990	-0.00037447	0.00167378	0.00019178
55.72	-0.00002180	0.00013529	-0.09761322	0.00066979	0.00145094	0.00018482
55.73	0.00020502	0.00008546	-0.09773608	0.00044197	0.00053273	-0.00023615
55.74	-0.00011723	0.00038302	-0.09779308	0.00009505	0.00119765	0.00005680
55.75	-0.00042240	0.00000782	-0.09783858	0.00035937	-0.00030491	0.00091698
55.76	0.00005866	-0.00004714	-0.09776601	0.00010914	0.00044201	0.00073426
55.77	-0.00033084	0.00008466	-0.09773227	-0.00012351	0.00036521	0.00055480
55.78	-0.00025197	0.00018497	-0.09793670	0.00092942	0.00023624	0.00072434
55.79	-0.00039198	0.00048035	-0.09771603	0.00045474	0.00142325	0.00070310
55.80	-0.00044315	0.00012647	-0.09793122	0.00024769	0.00058871	-0.00012677
55.81	-0.00030739	-0.00013469	-0.09771085	-0.00040084	0.00058886	0.00032458
55.82	-0.00017692	0.00042175	-0.09786068	0.00059252	-0.00018228	-0.00081480
55.83	-0.00009780	-0.00001522	-0.09789531	-0.00049867	0.00026993	-0.00076441
55.84	-0.00007563	0.00030710	-0.09803427	-0.00040452	0.00105076	-0.00004472
55.85	-0.00032248	0.00012521	-0.09812386	-0.00018883	0.00104654	-0.00088078
55.86	-0.00008637	-0.00005339	-0.09795257	-0.00119676	0.00062561	-0.00104842
55.87	-0.00030966	0.00002788	-0.09794419	-0.00106584	0.00155070	0.00013205
55.88	-0.00015311	0.00008865	-0.09808269	-0.00022030	0.00216481	0.00031932
55.89	-0.00012972	-0.00004821	-0.09796606	0.00048331	0.00102947	0.00022171
55.90	0.00009827	0.00029387	-0.09778706	0.00049045	0.00120071	0.00086638
55.91	-0.00009032	0.00011241	-0.09776362	-0.00043006	-0.00044936	0.00023318
55.92	-0.00032422	0.00021327	-0.09787504	-0.00013831	0.00075121	-0.00035384
55.93	-0.00001071	-0.00011461	-0.09800475	0.00003386	0.00040913	0.00057538
55.94	-0.00005870	0.00009363	-0.09798151	0.00084539	0.00056537	-0.00044941
55.95	-0.00008736	0.00013721	-0.09785226	0.00149253	0.00044173	-0.00018900
55.96	0.00003640	0.00013868	-0.09798326	0.00097928	0.00073779	-0.00090356
55.97	0.00000267	0.00005828	-0.09784092	0.00027936	0.00099904	-0.00048693
55.98	-0.00018912	0.00026444	-0.09800268	-0.00003853	0.00055667	0.00035710
55.99	-0.00009801	0.00009447	-0.09814158	0.00084620	0.00080403	-0.00025896
56.00	-0.00019545	0.00017487	-0.09802405	-0.00000631	0.00035377	0.00012166
56.01	-0.00026282	-0.00000370	-0.09806483	0.00039315	0.00085674	-0.00030081
56.02	-0.00025195	0.00014078	-0.09804329	0.00105983	0.00062000	-0.00010434
56.03	-0.00006251	0.00008636	-0.09789272	0.00008229	-0.00019971	0.00052007
56.04	-0.00006487	-0.00005197	-0.09788431	0.00097246	0.00012460	0.00061279
56.05	-0.00017004	0.00002609	-0.09791500	0.00075974	0.00112381	0.00007514
56.06	-0.00000368	-0.00014310	-0.09789179	0.00018044	-0.00005654	-0.00079867
56.07	-0.00014254	-0.00001467	-0.09790056	0.00071900	0.00052209	-0.00140385
56.08	-0.00028183	0.00010435	-0.09782853	-0.00033276	0.00162373	-0.00010305
56.09	-0.00038436	0.00019409	-0.09771291	-0.00042116	0.00080038	-0.00037396
56.10	-0.00001528	0.00000697	-0.09789402	0.00119310	0.00048814	0.00008719
56.11	-0.00007310	0.00001490	-0.09798850	-0.00080974	0.00032445	-0.00011518
56.12	-0.00001023	0.00013707	-0.09765956	-0.00046844	0.00009419	0.00010856
56.13	-0.00019665	0.00016894	-0.09778591	0.00020572	0.00016558	-0.00002352
56.14	-0.00014287	0.00042272	-0.09788570	0.00019240	0.00020830	0.00062847
56.15	0.00032594	0.00008730	-0.09812524	-0.00008022	0.00018148	-0.00009913
56.16	0.00000034	0.00012940	-0.09788681	0.00119075	0.00067274	0.00053242
56.17	0.00003753	0.00023082	-0.09788537	0.00163516	0.00142567	0.00013192
56.18	-0.00000715	-0.00000254	-0.09800111	0.00027279	0.00027299	0.00030493
56.19	-0.00002893	0.00002796	-0.09783195	0.00014980	-0.00004303	0.00003951
56.20	-0.00005730	0.00013932	-0.09800967	-0.00077551	0.00122024	0.00067203
56.21	0.00048628	0.00046355	-0.09804075	-0.00068918	0.00119719	-0.00002467
56.22	-0.00003499	0.00042136	-0.09783292	-0.00068337	0.00022106	-0.00046855
56.23	0.00016899	0.00029459	-0.09795267	-0.00003191	-0.00007270	-0.00009000
56.24	-0.00036356	0.00012743	-0.09784165	-0.00027482	0.00034302	0.00044354
56.25	-0.00007103	0.00026486	-0.09772529	-0.00079944	-0.00026762	0.00098929
56.26	-0.00023384	0.00046384	-0.09792204	-0.00053630	0.00104841	0.00028511
56.27	-0.00010003	0.00029335	-0.09778442	-0.00031911	-0.00024910	-0.00086940
56.28	0.00002730	0.00015068	-0.09796459	0.00084150	-0.00031810	0.00068276
56.29	0.00004324	0.00024606	-0.09785036	-0.00043526	-0.00082384	-0.00077787
56.30	0.00006776	0.00024339	-0.09807677	0.00070564	0.00034296	-0.00072216
56.31	0.00007361	0.00020792	-0.09793639	0.00093216	0.00118523	-0.00010385
56.32	-0.00044746	-0.00005516	-0.09789809	0.00148845	0.00070123	-0.00025246
56.33	-0.00022082	0.00016546	-0.09801894	0.00047067	0.00033506	-0.00000597
56.34	-0.00022879	0.00008327	-0.09787182	-0.00030485	0.00000876	-0.00070222
56.35	-0.00026132	0.00003964	-0.09823698	0.00044873	0.00086995	0.00014841
56.36	0.00034617	0.00013262	-0.09818918	0.00000040	0.00021981	-0.00059161
56.37	-0.00008097	0.00001740	-0.09795221	-0.00052266	0.00015721	-0.00006533
56.38	0.00016924	0.00020162	-0.09771796	0.00063204	-0.00037109	-0.00077968
56.39	-0.00004614	0.00007283	-0.09792406	0.00074699	0.00024841	0.00030549
56.40	-0.00009966	0.00007266	-0.09804984	0.00119350	0.00044777	0.00025451
56.41	0.00004098	0.00016867	-0.09780966	-0.00080504	-0.00008771	-0.00079435
56.42	-0.00000733	0.00015806	-0.09794093	0.00068136	0.00026428	-0.00097522
56.43	0.00003912	-0.00011440	-0.09780474	-0.00030199	0.00187736	-0.00161178
56.44	-0.00029847	-0.00020588	-0.09796584	-0.00106216	0.00068507	0.00066990
56.45	0.00009613	0.00002511	-0.09769045	0.00025486	0.00059424	-0.00013746
56.46	-0.00015775	-0.00011818	-0.09799517	0.00050145	0.00063543	0.00031666
56.47	-0.00033782	-0.00013390	-0.09772220	-0.00148581	0.00152511	-0.00038367
56.48	-0.00010905	0.00028416	-0.09784477	-0.00009175	0.00048063	0.00081709
56.49	-0.00002720	0.00013068	-0.09803814	0.00069131	-0.00006764	0.00023645
56.50	-0.00005365	-0.00038084	-0.09798016	-0.00042650	-0.00072909	0.00048655
56.51	-0.00024084	-0.00005261	-0.09794858	0.00008338	0.00053576	-0.00050211
56.52	-0.00016533	0.00003402	-0.09788025	0.00099146	-0.00069251	0.00009740
56.53	-0.00023571	0.00008654	-0.09777112	0.00031085	0.00094785	0.00097813
56.54	-0.00028818	-0.00020459	-0.09752727	-0.00029481	0.00033932	0.00047460
56.55	-0.00007791	0.00012303	-0.09787400	-0.00064540	0.00125409	-0.00044175
56.56	-0.00030259	0.00001228	-0.09775437	0.00041232	0.00153608	0.00022609
56.57	-0.00011199	0.00008228	-0.09772827	0.00062101	0.00059262	0.00005062
56.58	-0.00024355	-0.00003177	-0.09782812	-0.00035388	0.00055509	-0.00082962
56.59	-0.00046782	-0.00017765	-0.09789518	0.00030801	0.00015567	0.00050112
56.60	0.00000894	0.00010169	-0.09757430	-0.00038010	0.00012809	-0.00048805
56.61	-0.00022433	0.00001705	-0.09790520	-0.00037216	0.00039056	0.00034944
56.62	-0.00009435	-0.00013314	-0.09796403	-0.00071027	0.00040263	0.00118855
56.63	-0.00009219	0.00004124	-0.09780045	-0.00026691	-0.00018287	0.00051667
56.64	0.00004709	0.00013135	-0.09763416	0.00010925	-0.00016705	-0.00044281
56.65	0.00007419	-0.00003277	-0.09799321	-0.00046348	-0.00083074	0.00004733
56.66	-0.00007536	0.00003555	-0.09797605	-0.00016187	-0.00021341	0.00002754
56.67	-0.00026445	0.00019058	-0.09772781	-0.00123752	0.00022333	0.00051225
56.68	-0.00022268	0.00000340	-0.09778781	-0.00032870	0.00028231	-0.00020425
56.69	0.00004548	-0.00002585	-0.09764192	-0.00007031	0.00015420	0.00158768
56.70	-0.00040601	0.00029196	-0.09776705	0.00067921	0.00027719	-0.00007010
56.71	-0.00015316	0.00018938	-0.09758336	-0.00024208	-0.00072679	0.00048745
56.72	-0.00025044	0.00025568	-0.09775247	-0.00039740	0.00009194	0.00063693
56.73	-0.00021927	0.00014354	-0.09806033	0.00006822	-0.00088016	0.00090058
56.74	-0.00008038	0.00008471	-0.09807291	-0.00148241	-0.00061505	0.00006659
56.75	0.00001087	0.00038244	-0.09813292	-0.00097839	-0.00023007	0.00053403
56.76	-0.00024858	0.00018783	-0.09790369	-0.00108465	-0.00020001	0.00086771
56.77	-0.00001226	0.00002047	-0.09752934	-0.00052851	0.00022868	0.00116518
56.78	-0.00024335	0.00010051	-0.09802397	-0.00071638	0.00025624	0.00130131
56.79	-0.00032521	-0.00000525	-0.09788381	-0.00031721	0.00008192	0.00072728
56.80	-0.00015509	0.00018326	-0.09788554	-0.00066376	0.00037355	0.00107051
56.81	-0.00021216	0.00011370	-0.09796370	0.00025441	0.00000713	0.00003938
56.82	-0.00011818	0.00029786	-0.09775178	-0.00133753	0.00043897	0.00008268
56.83	-0.00003606	0.00003970	-0.09793275	-0.00151244	-0.00037091	0.00042463
56.84	0.00019779	0.00022073	-0.09806209	-0.00044895	0.00020905	0.00036504
56.85	0.00016249	0.00018460	-0.09796271	-0.00009508	-0.00069247	0.00136771
56.86	0.00018033	0.00026666	-0.09829210	-0.00080515	-0.00002654	0.00073124
56.87	0.00000316	0.00012620	-0.09815785	-0.00069877	-0.00016377	0.00104284
56.88	0.00000708	0.00002924	-0.09797947	-0.00038875	-0.00067693	0.00054476
56.89	0.00009212	0.00034906	-0.09802619	-0.00021900	-0.00072506	0.00112844
56.90	0.00014913	0.00002268	-0.09808358	-0.00041200	-0.00221863	-0.00007779
56.91	0.00014766	0.00018269	-0.09779616	-0.00077541	-0.00104622	-0.00023537
56.92	0.00015962	0.00009956	-0.09777058	-0.00063338	-0.00055837	0.00003776
56.93	0.00026226	0.00005880	-0.09768159	-0.00087240	0.00017416	-0.00048040
56.94	0.00022018	-0.00020064	-0.09757198	0.00007148	-0.00073912	0.00054803
56.95	0.00022519	-0.00001685	-0.09791898	-0.00017989	-0.00028531	0.00017535
56.96	0.00022365	0.00013895	-0.09815143	0.00013306	-0.00160603	0.00002827
56.97	0.00016619	0.00023659	-0.09815548	-0.00083226	0.00003215	-0.00104041
56.98	-0.00009414	0.00033777	-0.09814569	0.00027427	-0.00132769	-0.00125298
56.99	-0.00003936	-0.00004660	-0.09786020	0.00035910	-0.00064151	0.00022981
57.00	0.00000198	0.00011741	-0.09775867	-0.00060641	-0.00096202	0.00014899
57.01	0.00002585	0.00030088	-0.09785150	-0.00085073	-0.00031635	0.00077368
57.02	0.00004276	0.00036970	-0.09809007	-0.00012650	-0.00007464	0.00021411
57.03	0.00030892	0.00041953	-0.09778362	0.00000071	-0.00017624	0.00033472
57.04	0.00002811	0.00023744	-0.09803827	-0.00010263	0.00046400	0.00113515
57.05	0.00003607	0.00038943	-0.09753007	-0.00079861	-0.00000171	0.00085190
57.06	-0.00004259	0.00019556	-0.09779590	-0.00046860	0.00018083	0.00045275
57.07	0.00000615	0.00038372	-0.09791431	0.00042240	0.00012107	-0.00073331
57.08	-0.00003630	0.00000047	-0.09798800	-0.00036487	0.00024754	-0.00004920
57.09	0.00001462	0.00009209	-0.09783068	-0.00057129	-0.00041925	0.00114109
57.10	-0.00019878	-0.00005247	-0.09767017	0.00023017	-0.00043578	0.00026161
57.11	0.00004267	0.00011461	-0.09779342	0.00042635	-0.00053010	0.00063869
57.12	0.00009899	0.00020357	-0.09806594	0.00052552	0.00024106	0.00047316
57.13	0.00000305	-0.00000331	-0.09793518	0.00047172	-0.00121574	-0.00015975
57.14	-0.00010655	0.00017158	-0.09785756	0.00140249	-0.00030390	0.00059597
57.15	0.00010549	0.00057207	-0.09786796	0.00004347	0.00023311	-0.00050373
57.16	-0.00002743	0.00023092	-0.09806161	-0.00079200	-0.00132745	0.00073402
57.17	-0.00010356	0.00035949	-0.09785472	0.00043935	0.00006607	0.00037256
57.18	-0.00033254	0.00005056	-0.09783174	0.00165295	-0.00015683	-0.00024205
57.19	-0.00004029	0.00011974	-0.09815322	0.00132988	-0.00059233	-0.00063106
57.20	0.00002402	0.00028550	-0.09792051	0.00052509	-0.00025875	0.00073081
57.21	0.00024720	0.00030191	-0.09780833	-0.00054810	-0.00050175	-0.00040958
57.22	-0.00005876	0.00012818	-0.09783196	-0.00044873	-0.00046348	0.00001195
57.23	-0.00029457	0.00023818	-0.09785939	-0.00007146	-0.00075981	0.00067568
57.24	-0.00008287	0.00042013	-0.09785736	-0.00055840	-0.00081772	0.00032371
57.25	-0.00004841	-0.00003546	-0.09782080	0.00023730	-0.00011768	0.00006281
57.26	-0.00001184	-0.00004159	-0.09818923	-0.00001296	-0.00000168	0.00016251
57.27	0.00006746	0.00002452	-0.09784631	0.00010107	-0.00086197	-0.00040132
57.28	-0.00005182	0.00002273	-0.09768969	-0.00088497	0.00095735	-0.00065392
57.29	0.00005013	0.00019322	-0.09798572	0.00008706	-0.00064652	-0.00093581
57.30	-0.00022269	-0.00004651	-0.09789326	0.00018009	0.00011099	-0.00087401
57.31	-0.00027839	0.00009710	-0.09778215	0.00071281	0.00007609	-0.00048644
57.32	-0.00043845	0.00027885	-0.09778736	-0.00078272	0.00066775	0.00020713
57.33	-0.00012265	0.00000087	-0.09790082	-0.00047011	0.00082190	-0.00005971
57.34	-0.00006314	0.00015344	-0.09795031	0.00038184	-0.00039245	-0.00032595
57.35	-0.00007417	0.00008928	-0.09794336	-0.00012815	-0.00021282	0.00082391
57.36	-0.00007130	0.00008716	-0.09781765	0.00024631	0.00103361	0.00028854
57.37	-0.00004230	0.00039727	-0.09791662	-0.00003462	0.00046450	0.00023908
57.38	-0.00007673	0.00043825	-0.09785071	-0.00015844	0.00039602	0.00023470
57.39	-0.00007314	0.00020034	-0.09785827	0.00103129	-0.00025802	0.00162435
57.40	-0.00005911	0.00020695	-0.09789332	0.00040608	-0.00054785	0.00032225
57.41	-0.00025093	0.00018780	-0.09779321	0.00082922	-0.00035220	0.00055251
57.42	-0.00006612	0.00007841	-0.09801010	-0.00024125	0.00041295	0.00032168
57.43	-0.00041793	0.00019549	-0.09785438	-0.00043059	-0.00011845	-0.00001518
57.44	-0.00010125	0.00010173	-0.09791694	0.00037919	0.00030436	-0.00029982
57.45	0.00007757	0.00007214	-0.09796594	-0.00049311	-0.00008958	-0.00009382
57.46	-0.00010840	0.00000726	-0.09792170	-0.00005978	-0.00002646	0.00008661
57.47	-0.00008598	-0.00012244	-0.09785087	-0.00040402	0.00027543	0.00065719
57.48	0.00007485	-0.00001572	-0.09799312	-0.00010334	0.00000838	0.00048187
57.49	-0.00001314	-0.00000391	-0.09792900	0.00003001	0.00023595	0.00114666
57.50	0.00007078	-0.00004314	-0.09801528	-0.00058714	0.00080053	0.00007712
57.51	-0.00024264	-0.00027969	-0.09774122	0.00066458	-0.00009553	0.00110979
57.52	-0.00017724	0.00008556	-0.09789082	0.00083741	0.00147580	0.00059364
57.53	-0.00017494	0.00027091	-0.09784035	0.00064064	0.00012527	0.00018802
57.54	-0.00005415	-0.00005196	-0.09789590	0.00016997	0.00009335	0.00030938
57.55	0.00005975	-0.00020014	-0.09772277	0.00031290	0.00083124	-0.00005667
57.56	-0.00030411	0.00000203	-0.09785225	0.00011243	-0.00003144	0.00033168
57.57	-0.00024416	-0.00000843	-0.09754583	-0.00029098	0.00031048	0.00043315
57.58	0.00002328	0.00021389	-0.09812615	-0.00050222	-0.00102737	0.00022695
57.59	-0.00016538	-0.00023007	-0.09796411	-0.00074169	-0.00071127	0.00023483
57.60	-0.00025298	0.00009930	-0.09766436	0.00002807	-0.00065757	0.00051504
57.61	-0.00013441	-0.00014268	-0.09808900	-0.00117084	0.00037019	-0.00055918
57.62	-0.00005817	0.00006188	-0.09793374	-0.00018780	0.00230835	0.00041037
57.63	-0.00020673	-0.00036259	-0.09776420	-0.00064915	0.00080217	0.00059384
57.64	0.00001782	-0.00002148	-0.09798490	-0.00042711	0.00060614	0.00031300
57.65	-0.00035687	-0.00012823	-0.09809251	-0.00141588	0.00119508	0.00060039
57.66	0.00007624	0.00008304	-0.09808295	-0.00103644	0.00061491	0.00074076
57.67	-0.00016305	-0.00013898	-0.09791596	-0.00072835	0.00075250	0.00045970
57.68	0.00010000	0.00008510	-0.09803802	-0.00027618	-0.00039095	0.00012355
57.69	-0.00019819	0.00017494	-0.09816168	-0.00063544	-0.00085005	0.00003166
57.70	-0.00003805	0.00012431	-0.09801178	-0.00080943	-0.00018351	-0.00022786
57.71	-0.00012934	0.00011605	-0.09809476	-0.00086589	0.00089387	0.00001413
57.72	-0.00000950	0.00027581	-0.09815461	0.00002247	0.00024554	0.00027015
57.73	-0.00009861	-0.00001520	-0.09798133	-0.00053580	0.00007151	0.00116332
57.74	-0.00000914	0.00028662	-0.09787686	-0.00032859	0.00059817	-0.00031791
57.75	-0.00006529	0.00027811	-0.09771900	-0.00039913	0.00072592	-0.00038095
57.76	0.00035695	0.00038350	-0.09771963	-0.00059793	0.00051956	-0.00038015
57.77	-0.00001160	0.00004743	-0.09783395	-0.00031357	0.00017881	0.00045105
57.78	0.00004005	0.00037044	-0.09757570	-0.00164907	0.00103699	-0.00170830
57.79	-0.00009493	0.00008762	-0.09745336	-0.00210466	0.00157120	0.00044134
57.80	0.00000185	-0.00007127	-0.09765884	0.00026043	0.00087058	0.00003345
57.81	-0.00005119	-0.00001023	-0.09793149	-0.00082620	0.00096135	0.00021179
57.82	0.00002151	0.00000180	-0.09768590	-0.00114503	0.00001087	0.00068435
57.83	-0.00009213	-0.00015149	-0.09780091	-0.00005143	0.00053603	0.00021123
57.84	0.00022391	0.00011898	-0.09784987	0.00054253	0.00113424	-0.00091685
57.85	0.00005448	-0.00009892	-0.09752427	-0.00070347	0.00101637	-0.00035088
57.86	0.00016762	-0.00004565	-0.09787660	-0.00024623	0.00137354	-0.00014623
57.87	-0.00001026	0.00017189	-0.09782635	-0.00080712	0.00121973	-0.00033723
57.88	-0.00011618	0.00015664	-0.09764719	-0.00023620	0.00093724	-0.00032850
57.89	0.00008862	0.00003554	-0.09765181	-0.00109881	0.00002420	-0.00137854
57.90	0.00002124	-0.00010584	-0.09809948	-0.00113007	0.00094923	-0.00064159
57.91	0.00012250	0.00028060	-0.09774358	-0.00087975	0.00138368	0.00086123
57.92	-0.00003916	-0.00012765	-0.09799834	0.00008100	0.00208106	0.00011724
57.93	0.00031947	-0.00011423	-0.09764555	-0.00033685	0.00164837	0.00042218
57.94	0.00008107	-0.00020003	-0.09820459	-0.00043222	0.00087834	0.00044036
57.95	0.00031712	-0.00039194	-0.09784928	-0.00082934	0.00156984	0.00107608
57.96	-0.00013861	-0.00015589	-0.09779377	-0.00048271	0.00062960	0.00033778
57.97	-0.00005459	-0.00003064	-0.09775759	0.00028575	0.00124483	-0.00085923
57.98	0.00019808	0.00002642	-0.09794566	-0.00006834	0.00090223	-0.00019617
57.99	0.00002105	0.00000864	-0.09803973	-0.00093557	0.00095102	0.00000617
58.00	0.00002424	-0.00023027	-0.09785963	-0.00111433	0.00073374	-0.00124253
58.01	0.00012028	-0.00024423	-0.09809418	-0.00070951	0.00074556	0.00001999
58.02	0.00007343	-0.00020386	-0.09778460	-0.00015872	0.00137167	0.00022420
58.03	0.00021182	0.00001797	-0.09761733	-0.00015506	0.00045362	-0.00076098
58.04	0.00016362	-0.00004053	-0.09793941	-0.00044852	0.00003592	0.00073899
58.05	0.00022804	-0.00001371	-0.09805765	-0.00070913	0.00048101	0.00003451
58.06	0.00011279	-0.00016982	-0.09810397	-0.00044075	0.00100239	0.00036497
58.07	0.00017346	-0.00002061	-0.09790620	0.00052412	0.00127522	-0.00089442
58.08	-0.00003049	-0.00015981	-0.09801060	-0.00125451	0.00123203	0.00034509
58.09	0.00005018	0.00001170	-0.09779633	-0.00189722	0.00126925	0.00026005
58.10	-0.00032500	0.00013023	-0.09784333	-0.00033333	0.00119321	0.00026145
58.11	-0.00008416	0.00034161	-0.09756692	0.00028551	0.00020878	0.00011782
58.12	-0.00046060	0.00011979	-0.09799773	-0.00093347	0.00098981	-0.00008525
58.13	-0.00017963	-0.00003705	-0.09824772	0.00014586	0.00122975	0.00049026
58.14	-0.00016189	0.00010607	-0.09810972	-0.00004750	0.00036186	0.00085834
58.15	0.00003333	0.00010675	-0.09826730	-0.00000246	0.00089540	0.00043519
58.16	-0.00014736	-0.00010467	-0.09769106	-0.00004324	0.00127477	0.00114435
58.17	0.00012362	-0.00020097	-0.09768459	-0.00018667	0.00189471	0.00122567
58.18	-0.00025067	-0.00003375	-0.09796193	0.00020779	0.00060942	0.00073235
58.19	0.00007907	0.00009968	-0.09809819	0.00036832	0.00129309	0.00073337
58.20	-0.00009177	0.00030240	-0.09794549	-0.00098363	0.00088406	-0.00006334
58.21	-0.00007081	0.00023976	-0.09826946	-0.00006430	-0.00044309	0.00002592
58.22	-0.00003955	0.00017006	-0.09763970	0.00089679	0.00045020	0.00066859
58.23	-0.00002155	0.00005076	-0.09782365	-0.00031498	0.00013994	0.00044159
58.24	0.00016207	0.00019330	-0.09816895	-0.00116676	0.00037323	-0.00085228
58.25	0.00022633	-0.00001032	-0.09823503	-0.00093572	-0.00029407	0.00022010
58.26	0.00029928	-0.00006212	-0.09790444	-0.00054166	-0.00048386	-0.00024421
58.27	0.00010116	0.00006687	-0.09831075	-0.00021938	0.00001646	0.00008857
58.28	0.00003793	-0.00005348	-0.09811547	-0.00181541	-0.00017919	0.00062047
58.29	-0.00004321	-0.00015197	-0.09794767	-0.00090367	-0.00004057	0.00095839
58.30	0.00016923	-0.00029212	-0.09810747	-0.00140352	0.00014367	0.00089212
58.31	0.00000865	-0.00032386	-0.09805876	-0.00023470	0.00052095	0.00102010
58.32	-0.00018825	-0.00025026	-0.09804359	-0.00168243	-0.00009594	0.00135376
58.33	-0.00006653	-0.00020797	-0.09781313	-0.00139599	0.00018149	0.00111199
58.34	-0.00005780	-0.00009205	-0.09773501	-0.00142225	-0.00082419	0.00173639
58.35	0.00006181	-0.00005360	-0.09804659	-0.00069431	0.00003594	0.00071718
58.36	0.00000367	0.00020012	-0.09817777	-0.00051802	-0.00066710	-0.00140507
58.37	0.00026818	-0.00011396	-0.09834721	0.00008839	-0.00048920	-0.00053117
58.38	-0.00008838	0.00010394	-0.09829120	-0.00065868	-0.00032436	-0.00024934
58.39	-0.00032686	0.00005056	-0.09797186	-0.00093922	0.00029995	-0.00032346
58.40	-0.00027053	-0.00004659	-0.09796002	-0.00110141	-0.00065538	0.00029292
58.41	0.00011854	0.00049798	-0.09766408	-0.00181379	0.00025508	0.00030039
58.42	0.00025962	0.00015614	-0.09766358	-0.00091765	-0.00016969	0.00009498
58.43	0.00031944	-0.00000970	-0.09785709	-0.00073759	-0.00023818	-0.00032241
58.44	0.00033751	-0.00017766	-0.09796376	-0.00056590	-0.00003788	-0.00023664
58.45	0.00015666	0.00013474	-0.09783921	-0.00078935	0.00085263	-0.00052712
58.46	0.00016884	0.00018757	-0.09827752	-0.00137584	0.00112176	-0.00061569
58.47	0.00011556	-0.00007302	-0.09783714	-0.00186766	0.00096343	0.00075882
58.48	-0.00014114	0.00001534	-0.09801085	-0.00076692	0.00046179	0.00006322
58.49	0.00018568	0.00005763	-0.09821072	-0.00106869	0.00073077	-0.00006583
58.50	0.00017410	-0.00003954	-0.09822460	-0.00152115	0.00029614	0.00028570
58.51	0.00041902	0.00007890	-0.09815020	-0.00088775	0.00088530	0.00014607
58.52	0.00019662	0.00008727	-0.09795973	-0.00129583	0.00019404	-0.00098073
58.53	0.00013929	0.00001187	-0.09823503	-0.00085621	-0.00051277	0.00038940
58.54	0.00015814	0.00005266	-0.09786618	-0.00105459	0.00007492	-0.00002399
58.55	-0.00025813	0.00034535	-0.09804354	-0.00213304	-0.00123807	-0.00064759
58.56	0.00016535	0.00009470	-0.09781961	-0.00102733	0.00000649	-0.00089843
58.57	0.00026615	-0.00002763	-0.09769274	-0.00048834	0.00089790	-0.00155879
58.58	0.00022188	0.00023335	-0.09770725	-0.00137079	0.00029469	-0.00185993
58.59	-0.00002765	0.00004091	-0.09770474	-0.00058349	-0.00029609	-0.00012899
58.60	0.00001161	0.00008599	-0.09782104	-0.00119466	0.00048279	-0.00063916
58.61	0.00010205	0.00010772	-0.09828508	-0.00129692	0.00010316	-0.00154969
58.62	-0.00018946	0.00034462	-0.09777422	-0.00152722	-0.00020817	-0.00127424
58.63	-0.00007123	0.00029125	-0.09798187	-0.00089335	0.00022983	-0.00010159
58.64	-0.00022439	-0.00005024	-0.09772621	-0.00134572	0.00038080	-0.00035547
58.65	0.00009849	-0.00005858	-0.09773522	-0.00152337	-0.00001074	0.00016339
58.66	-0.00018434	-0.00003321	-0.09801452	-0.00045128	0.00011131	-0.00051532
58.67	-0.00010413	0.00012528	-0.09791591	-0.00098550	-0.00007945	-0.00012819
58.68	0.00011392	-0.00005682	-0.09784317	-0.00107545	0.00036164	0.00007922
58.69	0.00009405	-0.00015482	-0.09788467	-0.00035573	-0.00044618	-0.00062405
58.70	0.00042744	-0.00016827	-0.09784980	-0.00077818	-0.00077659	0.00042260
58.71	-0.00006277	0.00003409	-0.09773977	-0.00046217	0.00108234	-0.00034078
58.72	0.00007577	-0.00012057	-0.09808292	0.00029867	-0.00007648	0.00085980
58.73	-0.00006843	-0.00015513	-0.09790987	0.00010826	0.00109457	0.00069145
58.74	0.00004916	-0.00013213	-0.09776795	0.00030263	0.00042760	0.00045294
58.75	0.00003583	-0.00011361	-0.09798535	-0.00021693	0.00024392	0.00025838
58.76	0.00009842	-0.00031559	-0.09788598	-0.00064441	-0.00001519	0.00077198
58.77	0.00024682	-0.00017345	-0.09759247	0.00034891	-0.00021351	-0.00042628
58.78	0.00012755	0.00002087	-0.09774007	-0.00118698	0.00057328	-0.00006086
58.79	0.00014292	-0.00001233	-0.09791643	0.00069330	0.00079463	0.00030108
58.80	-0.00010639	-0.00024997	-0.09811774	0.00038323	-0.00050708	0.00023300
58.81	-0.00004885	0.00000873	-0.09766035	0.00015638	0.00142744	0.00027524
58.82	-0.00002358	-0.00019839	-0.09800269	-0.00048344	-0.00021915	0.00133686
58.83	-0.00011750	0.00003108	-0.09777226	-0.00024929	0.00075838	0.00074552
58.84	0.00000614	-0.00012093	-0.09759077	0.00013203	0.00077802	0.00068386
58.85	-0.00000634	0.00007772	-0.09791204	-0.00070084	0.00056289	0.00035429
58.86	-0.00024239	0.00007274	-0.09796063	-0.00083675	0.00069638	0.00066818
58.87	-0.00010660	-0.00031241	-0.09783851	-0.00105477	0.00089171	0.00021376
58.88	0.00012716	-0.00005415	-0.09793670	-0.00059436	-0.00010548	0.00093543
58.89	0.00006333	-0.00017439	-0.09784022	0.00010253	0.00100791	0.00060344
58.90	-0.00015750	-0.00012979	-0.09778197	-0.00115054	0.00080237	-0.00081993
58.91	0.00021407	-0.00005473	-0.09789959	-0.00061879	0.00154345	-0.00023045
58.92	0.00002258	-0.00023059	-0.09831860	-0.00157243	0.00061539	-0.00106505
58.93	0.00000604	-0.00016724	-0.09805880	-0.00055684	0.00043851	-0.00044541
58.94	-0.00012223	-0.00000056	-0.09800642	-0.00084085	0.00049627	-0.00058712
58.95	0.00007745	-0.00035157	-0.09789363	-0.00138999	-0.00031852	0.00005229
58.96	-0.00029451	-0.00007468	-0.09803459	-0.00113842	0.00036521	-0.00023168
58.97	0.00006038	-0.00014499	-0.09781429	-0.00060700	-0.00036703	-0.00082395
58.98	-0.00010345	-0.00021899	-0.09802300	-0.00132826	0.00004549	-0.00044477
58.99	0.00034157	-0.00010126	-0.09784059	-0.00069754	0.00046142	-0.00075725
59.00	0.00010990	-0.00025305	-0.09801160	-0.00092105	0.00135403	-0.00005767
59.01	-0.00003203	-0.00006360	-0.09768936	-0.00116370	0.00008716	-0.00050646
59.02	0.00019630	-0.00031468	-0.09800246	-0.00042633	0.00080611	-0.00090178
59.03	-0.00011826	-0.00057511	-0.09790041	-0.00043844	0.00047192	-0.00011726
59.04	-0.00015817	-0.00043740	-0.09800652	-0.00148667	0.00052096	-0.00045233
59.05	0.00018461	-0.00013491	-0.09792745	0.00045370	0.00014708	0.00041491
59.06	0.00002547	-0.00003375	-0.09773798	-0.00076845	0.00065651	-0.00030911
59.07	-0.00010615	-0.00005437	-0.09800497	-0.00011892	0.00027701	-0.00059934
59.08	-0.00018980	-0.00013866	-0.09824888	-0.00080228	-0.00023789	0.00033029
59.09	-0.00025135	-0.00028934	-0.09780054	-0.00063732	-0.00027346	-0.00100310
59.10	-0.00002483	-0.00015339	-0.09757586	-0.00007771	-0.00035622	-0.00232410
59.11	-0.00022396	-0.00008406	-0.09795303	0.00044589	0.00062676	-0.00077742
59.12	0.00012567	-0.00011145	-0.09763897	0.00100489	0.00005121	-0.00017280
59.13	0.00016378	-0.00014642	-0.09786073	-0.00018975	0.00043236	0.00001660
59.14	0.00004616	-0.00013369	-0.09770106	-0.00073576	0.00083544	0.00005508
59.15	-0.00011251	0.00020976	-0.09772086	0.00010069	0.00124221	0.00002850
59.16	-0.00018536	-0.00005094	-0.09755806	-0.00019724	0.00078381	-0.00081838
59.17	-0.00020889	-0.00007396	-0.09755825	0.00019293	0.00030442	-0.00023465
59.18	0.00001474	-0.00012512	-0.09736954	-0.00130554	-0.00028357	-0.00047835
59.19	-0.00010014	-0.00021410	-0.09781487	-0.00036461	0.00053700	0.00062944
59.20	0.00004867	-0.00010540	-0.09757249	-0.00013717	-0.00029045	-0.00101170
59.21	0.00003746	-0.00006294	-0.09777544	-0.00125877	-0.00114024	0.00086020
59.22	0.00016804	-0.00003402	-0.09777034	-0.00092399	0.00021275	-0.00060429
59.23	0.00007110	-0.00014117	-0.09745278	-0.00005894	0.00010846	0.00033696
59.24	-0.00006852	-0.00011728	-0.09775100	-0.00038922	-0.00024541	-0.00001146
59.25	-0.00001834	-0.00042150	-0.09807121	0.00030636	0.00048580	-0.00059216
59.26	0.00006907	-0.00037776	-0.09790900	-0.00074899	-0.00102683	-0.00042537
59.27	-0.00005435	-0.00001846	-0.09777348	0.00017874	-0.00032649	-0.00057053
59.28	0.00026891	0.00009215	-0.09792406	-0.00013471	-0.00011805	0.00012531
59.29	0.00027891	-0.00028848	-0.09780651	0.00069957	0.00029312	0.00011486
59.30	0.00022635	-0.00024729	-0.09784168	-0.00042131	-0.00030186	-0.00071357
59.31	0.00030267	-0.00026488	-0.09777215	0.00109139	0.00035349	0.00025878
59.32	0.00005131	-0.00024255	-0.09806177	-0.00078963	-0.00043199	-0.00062819
59.33	0.00021929	0.00006834	-0.09787628	-0.00141687	-0.00000338	0.00027403
59.34	0.00035837	0.00016255	-0.09773479	-0.00072221	-0.00069899	-0.00051981
59.35	0.00016082	-0.00024611	-0.09741223	-0.00059670	0.00033030	-0.00076802
59.36	0.00040502	-0.00010868	-0.09773709	-0.00086071	-0.00006182	-0.00000412
59.37	0.00016684	-0.00026187	-0.09752407	0.00080983	-0.00001156	-0.00040294
59.38	-0.00006004	0.00000199	-0.09753564	0.00011474	-0.00037700	-0.00070654
59.39	0.00014795	-0.00063184	-0.09805630	0.00026525	-0.00014911	-0.00068881
59.40	0.00018148	-0.00031134	-0.09760584	-0.00015988	-0.00082328	-0.00086773
59.41	-0.00010184	-0.00025277	-0.09769516	-0.00034436	-0.00009872	-0.00075862
59.42	0.00009718	0.00001212	-0.09789927	-0.00068883	-0.00020153	0.00031528
59.43	0.00002327	-0.00004584	-0.09794223	-0.00024228	-0.00017823	-0.00055991
59.44	0.00012291	0.00011488	-0.09791720	-0.00062651	-0.00102516	-0.00092362
59.45	-0.00011463	-0.00021831	-0.09769258	-0.00037562	-0.00015866	-0.00013255
59.46	-0.00013121	0.00009270	-0.09779369	-0.00020871	0.00045927	-0.00104162
59.47	0.00009999	-0.00016361	-0.09759116	-0.00065799	0.00018907	-0.00128841
59.48	-0.00006782	-0.00007522	-0.09768791	-0.00042592	0.00016592	0.00000734
59.49	-0.00001169	0.00012248	-0.09747007	0.00006574	0.00047702	-0.00031825
59.50	0.00006248	0.00005310	-0.09807260	-0.00064727	0.00065233	-0.00112767
59.51	0.00010092	-0.00013324	-0.09764850	-0.00075568	0.00083828	-0.00055183
59.52	0.00010279	-0.00007334	-0.09788641	0.00057361	0.00064196	-0.00083116
59.53	0.00010037	-0.00005298	-0.09816033	0.00019605	0.00021121	-0.00065681
59.54	-0.00025741	-0.00002766	-0.09814999	-0.00039339	0.00090909	-0.00037525
59.55	-0.00008901	0.00015511	-0.09769103	0.00016253	-0.00097081	0.00005256
59.56	0.00013319	0.00006261	-0.09806247	0.00174701	0.00036987	0.00002160
59.57	0.00002057	-0.00012768	-0.09779972	0.00031728	-0.00031107	-0.00062871
59.58	-0.00002923	0.00010744	-0.09776028	-0.00030483	0.00056215	-0.00154083
59.59	0.00027019	-0.00010202	-0.09800766	0.00020579	-0.00049230	-0.00079339
59.60	-0.00007967	-0.00027637	-0.09809351	-0.00025490	-0.00019927	-0.00159643
59.61	-0.00006029	-0.00020245	-0.09773833	-0.00035580	-0.00028055	-0.00018275
59.62	-0.00004803	-0.00004704	-0.09756189	-0.00042854	-0.00071584	-0.00099380
59.63	-0.00002535	-0.00016450	-0.09785773	0.00132979	-0.00026089	-0.00048124
59.64	0.00050803	0.00015514	-0.09787320	0.00164198	-0.00095742	-0.00064814
59.65	0.00016340	0.00021562	-0.09788284	0.00106729	-0.00118482	-0.00034796
59.66	0.00014173	-0.00021838	-0.09773006	0.00069127	-0.00092834	-0.00093556
59.67	0.00001708	-0.00000902	-0.09783490	0.00076918	-0.00037697	-0.00154007
59.68	0.00005346	0.00007862	-0.09799457	0.00147804	-0.00037814	-0.00132712
59.69	-0.00023501	0.00009817	-0.09770928	0.00098826	0.00004795	-0.00104413
59.70	0.00003823	-0.00001842	-0.09770007	-0.00060172	-0.00061985	-0.00010338
59.71	0.00002048	-0.00022165	-0.09774285	0.00017672	0.00153294	-0.00021728
59.72	0.00000612	0.00015786	-0.09789840	0.00077312	0.00013502	0.00020558
59.73	-0.00016816	-0.00016473	-0.09773245	0.00083098	0.00062201	-0.00039469
59.74	0.00021138	-0.00030190	-0.09781677	0.00148263	-0.00027559	0.00030907
59.75	0.00013541	-0.00027244	-0.09787602	0.00125451	-0.00021731	-0.00017231
59.76	0.00012474	0.00010593	-0.09801742	0.00150476	-0.00015725	-0.00012032
59.77	0.00004565	-0.00031832	-0.09788226	0.00109490	0.00004032	-0.00050930
59.78	-0.00007482	-0.00028213	-0.09784668	0.00038757	0.00040320	-0.00078164
59.79	0.00007897	-0.00015456	-0.09784709	-0.00011352	0.00029771	0.00096744
59.80	0.00010240	-0.00019419	-0.09763634	0.00093005	0.00009482	-0.00012459
59.81	0.00018518	-0.00007602	-0.09769538	0.00170251	0.00048652	0.00088214
59.82	0.00020662	0.00007305	-0.09752728	0.00136103	0.00062556	-0.00066080
59.83	-0.00026038	0.00018406	-0.09775031	0.00057777	0.00047298	0.00010436
59.84	0.00008307	0.00024994	-0.09756182	0.00019540	-0.00074819	-0.00022877
59.85	0.00008726	-0.00019933	-0.09788787	0.00092698	0.00015003	0.00015555
59.86	0.00018174	-0.00024538	-0.09777347	0.00038907	0.00070737	0.00009267
59.87	0.00006131	0.00003661	-0.09782728	-0.00056302	-0.00021792	0.00010992
59.88	0.00017018	0.00006979	-0.09774705	-0.00053060	0.00041014	-0.00038063
59.89	0.00010985	-0.00007245	-0.09769982	0.00042677	0.00010424	-0.00016317
59.90	0.00000260	-0.00008800	-0.09780376	-0.00049222	0.00020216	0.00019530
59.91	0.00017012	-0.00008929	-0.09768812	0.00014431	0.00022189	-0.00056083
59.92	0.00013781	0.00015055	-0.09788173	0.00080795	-0.00010927	0.00073710
59.93	0.00016536	0.00003533	-0.09772148	0.00034673	0.00057350	-0.00037875
59.94	0.00003272	0.00044428	-0.09795439	0.00027436	-0.00004935	0.00038838
59.95	-0.00008093	-0.00010198	-0.09778560	0.00033190	-0.00073714	-0.00087132
59.96	-0.00001259	0.00012718	-0.09788505	-0.00092054	0.00035279	-0.00007247
59.97	0.00006273	0.00015727	-0.09795438	-0.00045943	0.00088549	0.00089010
59.98	-0.00009686	0.00006934	-0.09801283	-0.00056896	0.00171780	-0.00019034
59.99	-0.00023177	-0.00003835	-0.09789525	0.00020514	-0.00008391	-0.00016851
60.00	0.00005929	-0.00007542	-0.09773772	-0.00066104	0.00024158	-0.00022964
60.01	-0.00030600	-0.00026107	-0.09789271	-0.00047904	0.00072691	-0.00008836
60.02	-0.00053199	-0.00030094	-0.09772854	-0.00011549	0.00053445	-0.00019055
60.03	-0.00016187	-0.00010701	-0.09754905	-0.00051172	-0.00062039	0.00039159
60.04	-0.00023533	-0.00009068	-0.09777086	-0.00080357	-0.00062274	0.00059988
60.05	-0.00003792	-0.00034960	-0.09783627	-0.00055902	-0.00112206	0.00105658
60.06	-0.00016247	-0.00000168	-0.09763109	0.00007968	-0.00020352	0.00049306
60.07	-0.00024911	-0.00001079	-0.09775186	-0.00104370	-0.00042086	0.00158734
60.08	-0.00020322	-0.00012933	-0.09780001	-0.00015870	-0.00008697	0.00081472
60.09	-0.00014290	-0.00004417	-0.09799776	-0.00111129	0.00020890	0.00082629
60.10	-0.00026590	-0.00004947	-0.09753929	-0.00056686	-0.00091011	0.00043130
60.11	-0.00042067	-0.00021058	-0.09803738	-0.00128602	0.00054579	-0.00021322
60.12	-0.00002684	0.00020689	-0.09781861	-0.00096512	-0.00086996	-0.00045363
60.13	0.00000135	-0.00005465	-0.09760071	-0.00043197	0.00014015	-0.00032579
60.14	-0.00005801	-0.00026248	-0.09763694	-0.00049714	-0.00081013	0.00018284
60.15	-0.00014243	0.00001427	-0.09746548	-0.00104605	-0.00028388	-0.00021437
60.16	0.00016682	-0.00014493	-0.09767400	-0.00077559	-0.00061866	0.00047495
60.17	0.00004105	-0.00007434	-0.09793010	-0.00034646	-0.00007356	-0.00033439
60.18	0.00006412	-0.00002602	-0.09776968	-0.00106650	-0.00010534	-0.00063897
60.19	-0.00000790	-0.00007866	-0.09797039	-0.00122998	0.00002755	-0.00085745
60.20	0.00010175	0.00017565	-0.09760376	-0.00133165	-0.00018971	-0.00006969
60.21	-0.00012655	-0.00001075	-0.09811640	-0.00043241	0.00002574	-0.00004486
60.22	-0.00003343	-0.00007527	-0.09779955	-0.00105339	0.00011457	0.00007366
60.23	0.00001639	-0.00005468	-0.09774635	-0.00213882	0.00067563	-0.00010331
60.24	0.00002216	-0.00022177	-0.09761411	-0.00086931	-0.00007780	0.00075854
60.25	-0.00015520	-0.00010457	-0.09767536	-0.00044669	0.00003232	0.00031068
60.26	-0.00010497	0.00010289	-0.09807135	-0.00024913	-0.00041620	-0.00075626
60.27	-0.00033209	-0.00010894	-0.09779246	-0.00089524	-0.00055845	-0.00019390
60.28	-0.00012297	-0.00007448	-0.09762634	-0.00161168	-0.00153061	0.00009435
60.29	-0.00019838	0.00013986	-0.09768433	-0.00044473	-0.00037274	-0.00063859
60.30	-0.00030398	0.00001134	-0.09770186	-0.00072696	0.00060308	-0.00067443
60.31	-0.00035937	0.00001211	-0.09757594	0.00051053	0.00090567	-0.00019377
60.32	-0.00029464	0.00004162	-0.09796555	-0.00036531	0.00005191	0.00037065
60.33	-0.00014527	0.00040017	-0.09780107	-0.00029781	0.00004476	0.00056094
60.34	-0.00010172	-0.00008370	-0.09742380	-0.00057312	-0.00051320	-0.00076720
60.35	-0.00024201	0.00029415	-0.09806385	-0.00148315	-0.00032037	0.00024938
60.36	-0.00031563	-0.00009779	-0.09783551	-0.00143130	0.00069613	0.00059537
60.37	-0.00001706	0.00003381	-0.09765734	-0.00087259	-0.00064995	0.00113959
60.38	-0.00008011	0.00004271	-0.09776611	-0.00107515	0.00067865	0.00005898
60.39	0.00006231	-0.00009915	-0.09788616	-0.00032249	0.00104424	0.00072730
60.40	0.00005516	-0.00007010	-0.09795028	-0.00151796	0.00052590	0.00012321
60.41	0.00012310	-0.00013531	-0.09797705	-0.00178052	-0.00045050	-0.00045859
60.42	-0.00014760	0.00007068	-0.09800129	0.00008795	-0.00015695	0.00010037
60.43	-0.00009565	0.00002333	-0.09812998	-0.00018213	-0.00081863	-0.00095027
60.44	0.00003750	0.00018825	-0.09799654	0.00037261	-0.00103966	0.00070055
60.45	0.00002104	0.00005407	-0.09808763	-0.00033702	-0.00015694	0.00076263
60.46	-0.00002669	-0.00009318	-0.09807497	0.00042118	0.00025585	0.00116369
60.47	-0.00019570	-0.00035630	-0.09802080	-0.00126080	-0.00004802	0.00027979
60.48	-0.00031986	0.00037688	-0.09781121	-0.00047616	0.00005173	0.00021457
60.49	0.00021625	-0.00008333	-0.09782639	-0.00057932	0.00046383	0.00123169
60.50	0.00017583	-0.00021875	-0.09777556	-0.00061535	0.00017016	0.00006980
60.51	0.00012571	-0.00007197	-0.09803208	-0.00033137	-0.00092730	0.00035049
60.52	0.00006854	-0.00003589	-0.09774035	0.00012659	-0.00028638	0.00082293
60.53	-0.00027824	-0.00011770	-0.09792170	-0.00009123	-0.00182874	0.00036821
60.54	0.00011790	-0.00004279	-0.09787981	-0.00113603	-0.00122967	0.00007967
60.55	0.00005885	0.00006155	-0.09796836	-0.00131013	-0.00026605	-0.00069985
60.56	-0.00001378	-0.00025285	-0.09790774	-0.00062737	-0.00039004	-0.00071785
60.57	-0.00008065	0.00008738	-0.09782046	-0.00176008	-0.00003976	0.00044412
60.58	0.00012258	0.00002935	-0.09797008	-0.00124563	-0.00056448	0.00037513
60.59	-0.00003983	-0.00000573	-0.09784564	-0.00157295	-0.00053320	0.00095893
60.60	0.00010296	-0.00022722	-0.09765036	-0.00011932	0.00095235	-0.00015411
60.61	-0.00006689	-0.00026920	-0.09770168	-0.00088949	0.00030296	0.00024071
60.62	-0.00013788	0.00017778	-0.09810015	-0.00017685	0.00036192	0.00095601
60.63	0.00008146	-0.00015573	-0.09796388	-0.00074040	-0.00084204	0.00039193
60.64	0.00010528	-0.00009240	-0.09781066	-0.00070780	0.00073103	-0.00041398
60.65	0.00004667	0.00001027	-0.09780380	-0.00047198	-0.00032331	-0.00004506
60.66	0.00009808	-0.00011238	-0.09790284	-0.00012349	0.00005471	0.00083916
60.67	0.00030002	-0.00027454	-0.09773512	-0.00044519	-0.00053297	-0.00020762
60.68	-0.00004516	-0.00017446	-0.09775520	-0.00145945	-0.00043658	-0.00002508
60.69	0.00014302	-0.00010061	-0.09775351	-0.00049315	-0.00040930	0.00004585
60.70	0.00000903	-0.00011504	-0.09789215	-0.00057782	-0.00051248	-0.00023887
60.71	-0.00029732	-0.00004527	-0.09783240	-0.00017615	-0.00116013	0.00041514
60.72	-0.00000020	0.00004081	-0.09796271	-0.00130358	-0.00048540	0.00000573
60.73	0.00011514	-0.00009397	-0.09758368	-0.00078105	-0.00096208	-0.00034755
60.74	0.00000551	0.00051208	-0.09792939	-0.00020787	-0.00121793	-0.00031248
60.75	0.00031019	0.00020419	-0.09783795	-0.00005155	-0.00072326	-0.00070258
60.76	0.00020222	0.00008267	-0.09792171	-0.00086508	-0.00067395	0.00001576
60.77	0.00030576	0.00016145	-0.09800541	-0.00074820	-0.00115444	0.00029963
60.78	0.00023287	-0.00010659	-0.09773045	-0.00043290	-0.00057493	0.00014429
60.79	-0.00018132	-0.00009625	-0.09775192	-0.00018177	-0.00038113	0.00001344
60.80	0.00022701	-0.00020406	-0.09744170	0.00076194	0.00037995	-0.00118071
60.81	0.00002285	-0.00020969	-0.09776916	-0.00051926	-0.00061742	-0.00077445
60.82	0.00043066	-0.00010982	-0.09757714	0.00087253	-0.00019073	-0.00013881
60.83	0.00028209	-0.00007619	-0.09775875	0.00076327	0.00109791	-0.00077842
60.84	0.00000568	-0.00015068	-0.09802763	-0.00025078	-0.00057101	-0.00080067
60.85	-0.00006660	-0.00009991	-0.09789164	-0.00029114	0.00054098	-0.00038985
60.86	-0.00005100	-0.00019164	-0.09763317	-0.00037061	-0.00000152	0.00099101
60.87	0.00000690	-0.00008262	-0.09787578	-0.00029646	0.00008627	-0.00025808
60.88	0.00001567	0.00008757	-0.09776373	0.00030566	-0.00028870	-0.00051448
60.89	0.00031869	-0.00012182	-0.09767247	-0.00066481	-0.00106778	-0.00039717
60.90	-0.00021219	0.00036406	-0.09772336	-0.00066767	-0.00083540	0.00026121
60.91	-0.00004246	-0.00010853	-0.09783967	-0.00006086	-0.00027440	-0.00065990
60.92	0.00008385	0.00029723	-0.09766189	-0.00113433	-0.00012747	0.00059668
60.93	0.00017740	0.00010658	-0.09811975	-0.00086269	-0.00010349	0.00022122
60.94	0.00008709	-0.00005365	-0.09795796	-0.00065264	-0.00074534	0.00071445
60.95	0.00036066	-0.00021825	-0.09781561	0.00020889	-0.00158994	0.00069695
60.96	0.00005350	-0.00000911	-0.09799198	-0.00120808	-0.00038508	-0.00028008
60.97	0.00008076	0.00011621	-0.09817381	0.00097451	0.00045435	-0.00115180
60.98	-0.00000818	-0.00032882	-0.09807644	0.00071761	-0.00032129	-0.00023961
60.99	-0.00018729	0.00010476	-0.09794756	0.00099474	-0.00021751	0.00067686
61.00	-0.00004477	-0.02914252	-0.09785074	0.00000388	-0.00042741	-0.89964077
61.01	0.00026955	-0.02906592	-0.09798431	0.00066072	0.00028315	-0.89899402
61.02	0.00010902	-0.02927633	-0.09800496	0.00096520	-0.00010751	-0.90020189
61.03	0.00020183	-0.02897690	-0.09817164	0.00025539	-0.00034462	-0.90080798
61.04	0.00016303	-0.02901247	-0.09795153	0.00017843	-0.00027600	-0.90069459
61.05	0.00033209	-0.02881758	-0.09800766	-0.00087661	0.00020030	-0.90054967
61.06	0.00030079	-0.02921161	-0.09803903	-0.00090417	0.00006031	-0.90019481
61.07	-0.00008550	-0.02917716	-0.09829166	-0.00003946	0.00059655	-0.89969548
61.08	0.00023540	-0.02918850	-0.09822626	-0.00026620	0.00110579	-0.90001243
61.09	0.00031531	-0.02915277	-0.09815042	-0.00048536	0.00010851	-0.90048358
61.10	-0.00022662	-0.02923392	-0.09820270	-0.00084698	0.00119958	-0.90113368
61.11	-0.00010823	-0.02911487	-0.09801394	-0.00012398	-0.00055223	-0.90033875
61.12	-0.00002650	-0.02921399	-0.09815508	-0.00136110	0.00069165	-0.90068486
61.13	0.00039563	-0.02920549	-0.09808332	-0.00095465	0.00089740	-0.90151335
61.14	0.00029159	-0.02926098	-0.09794820	-0.00100311	0.00003622	-0.90082681
61.15	0.00016590	-0.02923007	-0.09798979	-0.00083873	0.00101577	-0.90110463
61.16	0.00004586	-0.02889157	-0.09764120	0.00018877	0.00049175	-0.90013501
61.17	0.00007901	-0.02901505	-0.09796281	0.00020137	0.00032946	-0.90131963
61.18	-0.00015171	-0.02886500	-0.09797563	-0.00017989	0.00043944	-0.89890823
61.19	-0.00014614	-0.02907848	-0.09783077	-0.00019282	-0.00028232	-0.89935087
61.20	-0.00002673	-0.02902358	-0.09814897	0.00070560	-0.00039851	-0.89898243
61.21	-0.00008394	-0.02895092	-0.09792090	-0.00024470	-0.00005201	-0.90039159
61.22	0.00018153	-0.02929205	-0.09790372	-0.00042744	-0.00049668	-0.89967874
61.23	0.00018141	-0.02909859	-0.09780483	-0.00044100	-0.00117504	-0.89976014
61.24	0.00011904	-0.02912992	-0.09783542	-0.00061416	-0.00161666	-0.89981601
61.25	0.00008961	-0.02891810	-0.09805887	0.00077571	0.00044555	-0.90027863
61.26	0.00025715	-0.02903924	-0.09789515	-0.00097526	-0.00088123	-0.90030800
61.27	0.00009171	-0.02870202	-0.09799536	-0.00005288	-0.00081436	-0.89976140
61.28	0.00009348	-0.02888723	-0.09803536	0.00053815	-0.00044846	-0.89997964
61.29	-0.00008880	-0.02880185	-0.09796054	0.00002482	-0.00026137	-0.89986059
61.30	0.00005818	-0.02916820	-0.09787102	0.00005916	-0.00105683	-0.90075650
61.31	-0.00000071	-0.02868839	-0.09801644	-0.00093041	-0.00058290	-0.90023443
61.32	-0.00011350	-0.02882193	-0.09797891	0.00011275	0.00003739	-0.90058927
61.33	0.00007955	-0.02869373	-0.09748977	-0.00056637	-0.00054641	-0.89991802
61.34	0.00033959	-0.02886652	-0.09760046	0.00033979	-0.00057539	-0.90013452
61.35	-0.00009132	-0.02880629	-0.09783402	0.00135920	-0.00020758	-0.90048626
61.36	0.00004646	-0.02900265	-0.09802366	-0.00003546	-0.00075408	-0.90049240
61.37	0.00008557	-0.02919249	-0.09788973	0.00086053	-0.00084503	-0.90025162
61.38	-0.00014449	-0.02895994	-0.09821991	0.00069745	-0.00085268	-0.90060277
61.39	0.00005146	-0.02894906	-0.09791224	0.00139799	-0.00094969	-0.90014676
61.40	0.00007085	-0.02905275	-0.09807436	0.00031974	-0.00146189	-0.90048819
61.41	-0.00001581	-0.02878344	-0.09814798	-0.00074400	-0.00062069	-0.90023311
61.42	-0.00009826	-0.02893353	-0.09829864	0.00041047	-0.00047838	-0.89980871
61.43	-0.00005313	-0.02920230	-0.09778779	-0.00054616	-0.00055485	-0.90102011
61.44	0.00010183	-0.02899643	-0.09778907	-0.00009346	0.00012272	-0.89982926
61.45	0.00006318	-0.02897913	-0.09803019	-0.00002412	-0.00122531	-0.90051360
61.46	0.00007177	-0.02905482	-0.09776505	-0.00009389	-0.00056252	-0.90064336
61.47	0.00000536	-0.02895718	-0.09782996	0.00012644	-0.00122364	-0.90037727
61.48	0.00012264	-0.02916242	-0.09792344	0.00006197	-0.00151399	-0.89901734
61.49	0.00042484	-0.02897998	-0.09780823	0.00065102	-0.00051444	-0.89910580
61.50	-0.00012180	-0.02882864	-0.09779035	0.00025459	-0.00165160	-0.89956086
61.51	-0.00020920	-0.02928496	-0.09805689	-0.00012198	-0.00221353	-0.89904062
61.52	-0.00026899	-0.02919933	-0.09784217	0.00043283	-0.00133444	-0.89817432
61.53	-0.00007894	-0.02910125	-0.09782760	0.00006168	-0.00093886	-0.89936801
61.54	0.00008405	-0.02905748	-0.09764629	-0.00006433	-0.00093058	-0.89985319
61.55	-0.00001622	-0.02910964	-0.09770253	-0.00077343	-0.00144480	-0.90097673
61.56	0.00019063	-0.02889195	-0.09813625	-0.00010640	-0.00066416	-0.90027117
61.57	-0.00013974	-0.02906258	-0.09791592	-0.00043669	-0.00131121	-0.90010872
61.58	0.00006079	-0.02899944	-0.09766478	-0.00142843	-0.00130400	-0.90023264
61.59	0.00012284	-0.02866110	-0.09806047	-0.00036344	-0.00135003	-0.90051741
61.60	-0.00006542	-0.02875198	-0.09748838	-0.00044707	-0.00093107	-0.90023328
61.61	0.00002632	-0.02896657	-0.09770823	0.00032147	-0.00042188	-0.89983579
61.62	-0.00003991	-0.02895642	-0.09746419	-0.00044153	-0.00122249	-0.89978623
61.63	0.00001027	-0.02899352	-0.09789776	0.00004063	-0.00090192	-0.89903406
61.64	0.00009938	-0.02893089	-0.09781868	0.00003247	-0.00125732	-0.89948292
61.65	0.00033558	-0.02866112	-0.09806304	-0.00045512	-0.00029437	-0.89977575
61.66	0.00029323	-0.02884930	-0.09779369	-0.00008928	0.00020636	-0.89949626
61.67	0.00039526	-0.02880881	-0.09789665	-0.00111722	-0.00045128	-0.89946525
61.68	0.00038149	-0.02867712	-0.09784712	-0.00131642	-0.00041695	-0.90061352
61.69	0.00023983	-0.02872689	-0.09773503	-0.00037285	-0.00005538	-0.89933000
61.70	0.00032074	-0.02845406	-0.09793156	-0.00092918	-0.00001021	-0.89946060
61.71	0.00000881	-0.02876401	-0.09795864	-0.00046655	0.00159877	-0.89928440
61.72	0.00013556	-0.02909799	-0.09777744	-0.00102140	0.00004440	-0.89922496
61.73	0.00014451	-0.02873621	-0.09794915	-0.00131929	-0.00102319	-0.89967116
61.74	0.00009973	-0.02899031	-0.09797681	-0.00109163	0.00089727	-0.89976434
61.75	0.00034853	-0.02925088	-0.09782875	0.00003661	-0.00113165	-0.89964249
61.76	0.00027908	-0.02907607	-0.09773121	-0.00014477	0.00013134	-0.89942422
61.77	0.00010870	-0.02927087	-0.09806767	-0.00119009	0.00029333	-0.90031117
61.78	0.00013084	-0.02883785	-0.09786849	-0.00092756	0.00060722	-0.89871472
61.79	-0.00014403	-0.02900736	-0.09778464	-0.00031107	-0.00083054	-0.89997915
61.80	0.00043565	-0.02875920	-0.09764395	-0.00066793	-0.00026747	-0.89935415
61.81	-0.00000960	-0.02886883	-0.09762029	-0.00030516	-0.00013168	-0.89986730
61.82	-0.00000027	-0.02898997	-0.09795710	0.00006456	-0.00098067	-0.90011566
61.83	0.00015607	-0.02902567	-0.09809245	-0.00102889	-0.00046005	-0.89956580
61.84	0.00017805	-0.02893344	-0.09812101	-0.00085866	0.00080173	-0.90006054
61.85	0.00022662	-0.02902284	-0.09779623	0.00063357	-0.00067243	-0.89915721
61.86	0.00015164	-0.02886719	-0.09796795	-0.00128418	0.00001274	-0.89968155
61.87	0.00008408	-0.02892874	-0.09792102	-0.00032456	0.00003153	-0.89971599
61.88	-0.00007274	-0.02873121	-0.09774296	0.00014710	-0.00018179	-0.89867898
61.89	-0.00001687	-0.02835827	-0.09781567	-0.00037963	-0.00010609	-0.89920964
61.90	0.00039574	-0.02884201	-0.09786914	-0.00063237	-0.00152047	-0.89999810
61.91	0.00000968	-0.02896955	-0.09768083	-0.00041899	-0.00021449	-0.89985748
61.92	-0.00010777	-0.02893896	-0.09769831	-0.00011551	-0.00068243	-0.89973856
61.93	-0.00007747	-0.02881026	-0.09776975	-0.00061590	-0.00005053	-0.89926220
61.94	-0.00014165	-0.02882029	-0.09799866	0.00005677	-0.00053590	-0.89872058
61.95	-0.00033164	-0.02899172	-0.09780808	-0.00113846	-0.00034531	-0.89943056
61.96	0.00001485	-0.02872646	-0.09785933	-0.00150159	-0.00024189	-0.89881582
61.97	-0.00011308	-0.02872041	-0.09764535	-0.00100869	-0.00007486	-0.89969487
61.98	-0.00008492	-0.02841196	-0.09737670	-0.00051274	-0.00027674	-0.89996405
61.99	-0.00030290	-0.02883592	-0.09762719	-0.00128195	-0.00084791	-0.89972384
62.00	-0.00019592	-0.00013893	-0.09780530	-0.00075027	-0.00036945	0.00034456
62.01	-0.00018288	0.00001733	-0.09778811	0.00024736	0.00040954	-0.00010605
62.02	0.00004393	0.00015703	-0.09778554	-0.00040029	-0.00076812	-0.00064202
62.03	-0.00010218	-0.00008605	-0.09777655	0.00023187	-0.00158392	0.00011587
62.04	0.00017945	-0.00006431	-0.09777528	-0.00094461	-0.00168164	0.00065131
62.05	-0.00008964	0.00034557	-0.09795972	-0.00021401	-0.00117099	-0.00027487
62.06	-0.00001619	0.00028942	-0.09783407	-0.00085890	-0.00004007	-0.00059398
62.07	0.00009573	0.00033124	-0.09755442	-0.00070430	-0.00038364	0.00041123
62.08	0.00029600	0.00011824	-0.09817610	-0.00098798	-0.00046346	0.00086373
62.09	-0.00004327	-0.00003097	-0.09788599	-0.00074213	-0.00079015	0.00015056
62.10	0.00001777	0.00007478	-0.09819133	-0.00000916	-0.00093220	0.00098938
62.11	-0.00002900	-0.00021416	-0.09761701	-0.00072089	-0.00056353	0.00003654
62.12	0.00021927	0.00008390	-0.09783548	-0.00100415	-0.00048742	0.00100260
62.13	0.00034471	-0.00004465	-0.09808899	-0.00053643	-0.00094036	0.00146612
62.14	0.00037352	0.00014361	-0.09784484	-0.00058529	-0.00076864	0.00127610
62.15	0.00028432	-0.00003747	-0.09789438	-0.00124910	-0.00035219	0.00046276
62.16	-0.00010296	0.00025595	-0.09809552	-0.00036646	-0.00104804	0.00076604
62.17	0.00007036	0.00034439	-0.09787010	-0.00091040	-0.00059684	0.00123270
62.18	-0.00001111	0.00024867	-0.09781136	-0.00025939	-0.00075794	0.00036858
62.19	0.00010892	0.00010985	-0.09777206	-0.00054808	-0.00112533	0.00081419
62.20	0.00000963	-0.00004467	-0.09796056	-0.00064872	-0.00054858	0.00206870
62.21	-0.00024805	0.00001603	-0.09787424	-0.00097100	0.00003180	0.00139288
62.22	0.00013586	0.00023464	-0.09779624	-0.00042279	0.00036891	0.00086886
62.23	0.00013325	0.00022718	-0.09756226	-0.00061391	-0.00015048	0.00052006
62.24	0.00020837	0.00019529	-0.09774430	-0.00095674	-0.00047319	0.00044252
62.25	0.00002415	-0.00004628	-0.09774481	-0.00079828	-0.00026708	0.00129908
62.26	-0.00001711	0.00007238	-0.09767624	-0.00086213	-0.00135842	0.00070342
62.27	-0.00000478	0.00003093	-0.09780380	-0.00023102	-0.00187870	0.00094628
62.28	-0.00003902	-0.00013535	-0.09799989	-0.00078852	-0.00068836	0.00117526
62.29	-0.00011218	-0.00013102	-0.09780423	0.00054661	-0.00148723	0.00080379
62.30	-0.00022269	-0.00004241	-0.09793253	0.00060816	-0.00005437	0.00088084
62.31	0.00024456	0.00024625	-0.09783006	-0.00002974	-0.00070714	0.00136837
62.32	-0.00004378	0.00007937	-0.09772687	-0.00071177	-0.00100197	0.00068026
62.33	0.00002083	-0.00025364	-0.09764606	0.00028355	-0.00076959	0.00181723
62.34	0.00010802	-0.00026133	-0.09763323	-0.00058082	0.00017409	0.00073700
62.35	0.00011480	0.00026893	-0.09784015	-0.00120901	-0.00057827	0.00113969
62.36	0.00007355	0.00021383	-0.09804147	-0.00012577	-0.00101373	0.00142635
62.37	0.00007297	0.00017030	-0.09761779	-0.00007539	-0.00076974	0.00115216
62.38	0.00044270	0.00002457	-0.09793334	0.00058591	-0.00007988	0.00121671
62.39	0.00013558	0.00033836	-0.09758047	0.00019745	-0.00044888	0.00131282
62.40	0.00028205	-0.00003097	-0.09758401	-0.00034691	-0.00141510	0.00034987
62.41	0.00014718	0.00015055	-0.09787893	-0.00046624	-0.00066944	0.00127829
62.42	0.00027659	-0.00013731	-0.09772950	-0.00064161	-0.00107782	0.00113925
62.43	-0.00010001	0.00001958	-0.09779073	-0.00075622	-0.00080741	0.00191123
62.44	-0.00017011	-0.00018221	-0.09771606	0.00003324	-0.00118180	0.00210990
62.45	0.00029978	0.00023292	-0.09772755	-0.00024490	-0.00064505	0.00144617
62.46	-0.00020403	0.00008572	-0.09774529	-0.00023590	-0.00001640	0.00120803
62.47	-0.00014683	-0.00007324	-0.09784396	-0.00127236	-0.00006754	0.00150051
62.48	-0.00008617	-0.00009895	-0.09767526	-0.00078525	0.00046869	0.00085861
62.49	0.00000024	-0.00001252	-0.09779428	-0.00090429	-0.00061008	0.00106063
62.50	-0.00001024	0.00016930	-0.09767060	-0.00102953	-0.00001862	-0.00001192
62.51	-0.00012352	-0.00007411	-0.09770542	-0.00075041	0.00085311	0.00056443
62.52	-0.00002853	0.00014564	-0.09749143	-0.00116940	-0.00001701	0.00084795
62.53	-0.00002521	-0.00010261	-0.09779833	-0.00062928	-0.00131283	0.00076978
62.54	0.00006527	-0.00012113	-0.09745524	-0.00206099	0.00011724	0.00206088
62.55	-0.00009315	-0.00015517	-0.09805070	-0.00063632	-0.00040513	0.00083241
62.56	0.00004941	0.00004431	-0.09793180	-0.00135814	0.00011250	0.00027581
62.57	0.00016923	0.00001734	-0.09745269	-0.00151675	-0.00058934	0.00041356
62.58	0.00020018	0.00027290	-0.09765304	-0.00083984	0.00032032	0.00139621
62.59	-0.00000466	-0.00013812	-0.09779507	-0.00167587	-0.00079377	0.00118152
62.60	-0.00010696	0.00014233	-0.09778696	-0.00110926	0.00048236	0.00071943
62.61	-0.00003302	-0.00017400	-0.09802181	-0.00166545	0.00004017	0.00107935
62.62	0.00007843	-0.00005801	-0.09760093	-0.00103070	0.00001201	0.00231310
62.63	0.00017173	0.00017160	-0.09799368	-0.00100828	0.00053641	0.00100236
62.64	0.00027967	-0.00003728	-0.09778536	-0.00084284	-0.00022623	0.00171017
62.65	0.00017858	-0.00000531	-0.09803267	-0.00074874	0.00066251	0.00112585
62.66	0.00007494	0.00031411	-0.09814848	-0.00022974	0.00111349	0.00115400
62.67	0.00011067	0.00003797	-0.09794389	-0.00067719	-0.00027065	0.00049875
62.68	-0.00002317	-0.00000904	-0.09829034	-0.00063668	0.00075102	0.00098283
62.69	-0.00012512	-0.00010042	-0.09769746	-0.00037536	0.00093091	0.00003948
62.70	-0.00003388	-0.00041275	-0.09802251	0.00001206	0.00019417	0.00011825
62.71	-0.00021769	-0.00011552	-0.09810427	-0.00045842	0.00077396	0.00088734
62.72	0.00025894	-0.00003356	-0.09785307	-0.00024414	0.00072687	-0.00037427
62.73	0.00030272	-0.00022264	-0.09768881	-0.00055875	0.00017438	-0.00053113
62.74	-0.00019532	-0.00008191	-0.09787197	-0.00069723	0.00124955	0.00058148
62.75	0.00000511	-0.00016231	-0.09769481	0.00131021	0.00085431	-0.00093966
62.76	0.00000962	-0.00006645	-0.09785302	0.00019555	0.00007523	0.00079709
62.77	0.00011731	0.00011149	-0.09789997	-0.00039535	-0.00059982	0.00009914
62.78	0.00032790	0.00033895	-0.09789286	-0.00048119	0.00016085	-0.00021117
62.79	0.00019868	0.00013353	-0.09798344	0.00062698	-0.00003270	-0.00091317
62.80	-0.00010892	0.00003328	-0.09777443	-0.00038305	-0.00015568	0.00000995
62.81	0.00014700	0.00036605	-0.09784847	0.00022691	-0.00017889	-0.00020015
62.82	-0.00005975	0.00013562	-0.09774085	0.00004016	0.00004808	0.00030616
62.83	0.00003883	0.00018836	-0.09803989	0.00092192	-0.00089161	-0.00006776
62.84	-0.00012451	0.00006318	-0.09783299	0.00002452	0.00008370	0.00138439
62.85	-0.00008319	0.00012954	-0.09801478	-0.00067382	-0.00029405	0.00168622
62.86	-0.00025663	0.00041817	-0.09780178	0.00100590	-0.00000609	0.00117170
62.87	-0.00002838	0.00004043	-0.09798115	0.00179599	0.00032794	0.00149389
62.88	-0.00038092	0.00027888	-0.09809428	0.00075334	0.00048651	0.00083834
62.89	-0.00007046	0.00032235	-0.09806407	-0.00029658	-0.00009522	0.00119754
62.90	-0.00002199	0.00020302	-0.09793895	0.00034833	0.00099304	0.00221879
62.91	-0.00030500	0.00022701	-0.09797677	0.00086463	-0.00052914	0.00081358
62.92	-0.00006029	0.00000949	-0.09822874	0.00111614	-0.00000819	0.00074906
62.93	0.00009889	0.00017128	-0.09798169	0.00097704	-0.00024537	0.00014113
62.94	-0.00003506	0.00013299	-0.09788310	0.00048715	0.00086964	0.00086011
62.95	0.00003330	-0.00003914	-0.09811423	0.00075130	0.00039249	0.00070196
62.96	0.00034788	0.00024621	-0.09802691	-0.00102777	-0.00025438	0.00084459
62.97	0.00010005	-0.00026781	-0.09802727	-0.00008214	-0.00047977	0.00002520
62.98	-0.00028967	0.00002827	-0.09851606	0.00025454	-0.00035469	0.00020557
62.99	0.00002731	-0.00012835	-0.09805843	-0.00050817	0.00039209	0.00046491
63.00	0.00012414	0.00021777	-0.09801007	-0.00023818	-0.00039019	-0.00048676
63.01	0.00001426	-0.00028301	-0.09831712	-0.00019807	-0.00009495	0.00109056
63.02	0.00013835	0.00002375	-0.09804687	-0.00016269	-0.00011962	-0.00022694
63.03	-0.00008231	-0.00007492	-0.09778565	0.00160701	-0.00025579	0.00062904
63.04	-0.00009064	-0.00002952	-0.09808319	0.00045617	0.00121435	0.00108904
63.05	0.00006675	0.00026227	-0.09803320	-0.00052863	-0.00001052	0.00008929
63.06	0.00014286	0.00031994	-0.09816142	0.00033377	-0.00008409	0.00081678
63.07	0.00029121	0.00020709	-0.09785936	0.00055014	-0.00069068	-0.00095365
63.08	-0.00010118	0.00011383	-0.09781451	0.00102965	0.00005822	-0.00106856
63.09	0.00002616	-0.00020810	-0.09786923	0.00048048	-0.00034783	-0.00005585
63.10	-0.00008460	-0.00010338	-0.09821939	0.00106120	-0.00026009	0.00038953
63.11	0.00022907	-0.00025694	-0.09810270	0.00079280	-0.00056498	0.00018179
63.12	-0.00021893	-0.00023050	-0.09814104	0.00073327	0.00046951	0.00009467
63.13	-0.00042437	-0.00009486	-0.09796263	0.00045131	-0.00049055	0.00110620
63.14	-0.00018846	-0.00007957	-0.09763055	-0.00017042	-0.00092615	-0.00001280
63.15	0.00001210	-0.00009927	-0.09802879	0.00018881	0.00009365	-0.00026221
63.16	-0.00033801	0.00001258	-0.09800327	0.00121956	-0.00048582	-0.00052757
63.17	-0.00016057	0.00041469	-0.09767033	-0.00008823	0.00029685	-0.00001054
63.18	-0.00014983	-0.00040514	-0.09817261	0.00040990	-0.00106376	0.00008358
63.19	-0.00007222	0.00001181	-0.09823115	-0.00002530	-0.00005859	-0.00079456
63.20	0.00003997	0.00030142	-0.09774983	-0.00057516	0.00043449	0.00033683
63.21	0.00012762	0.00003470	-0.09808640	0.00006028	0.00088265	-0.00056512
63.22	0.00005338	0.00004808	-0.09798126	-0.00032709	0.00026743	-0.00064723
63.23	-0.00008692	0.00025925	-0.09807447	0.00025115	-0.00018754	-0.00045418
63.24	-0.00006354	0.00001523	-0.09787507	0.00009519	0.00117880	-0.00022221
63.25	-0.00010950	0.00002546	-0.09777733	-0.00027153	0.00018928	-0.00111302
63.26	0.00016680	0.00012875	-0.09796808	0.00086939	0.00021982	-0.00116727
63.27	-0.00003317	-0.00002382	-0.09794062	0.00050781	-0.00054326	0.00023370
63.28	0.00025553	0.00015829	-0.09808167	-0.00043823	-0.00076084	-0.00055394
63.29	0.00009076	-0.00022981	-0.09820172	-0.00023050	-0.00009154	-0.00120418
63.30	0.00017621	0.00002055	-0.09800927	0.00045493	0.00052517	-0.00063918
63.31	0.00011010	0.00034976	-0.09806690	0.00061223	-0.00092584	-0.00079588
63.32	0.00016168	-0.00010124	-0.09809438	-0.00010463	-0.00070725	-0.00004424
63.33	0.00002548	0.00005163	-0.09821643	0.00048468	-0.00003846	-0.00084690
63.34	0.00008855	0.00007448	-0.09789648	-0.00070960	0.00074875	-0.00093751
63.35	0.00010081	-0.00009651	-0.09807316	-0.00020043	0.00080600	-0.00025568
63.36	0.00012819	0.00000510	-0.09809611	-0.00031281	0.00063995	-0.00045031
63.37	-0.00006105	0.00001579	-0.09800116	0.00044864	0.00028305	-0.00065926
63.38	-0.00011553	0.00006123	-0.09790532	-0.00017881	-0.00033365	-0.00046549
63.39	-0.00001322	0.00021926	-0.09802008	-0.00055870	0.00022720	-0.00019408
63.40	-0.00016412	-0.00000087	-0.09806242	-0.00039926	-0.00008814	-0.00046001
63.41	-0.00013298	0.00001039	-0.09800512	0.00020740	-0.00043908	0.00009866
63.42	0.00021238	-0.00013370	-0.09816748	-0.00001820	-0.00005526	0.00146887
63.43	0.00019136	0.00005548	-0.09803943	0.00086458	-0.00066452	0.00069933
63.44	0.00010385	-0.00032552	-0.09771385	-0.00012439	-0.00105741	-0.00012490
63.45	-0.00025849	0.00011043	-0.09767509	-0.00022862	-0.00106361	-0.00069505
63.46	0.00016147	-0.00006472	-0.09783463	0.00049063	-0.00052636	-0.00016555
63.47	0.00014662	0.00004062	-0.09809721	-0.00018501	-0.00063326	-0.00020850
63.48	0.00003792	-0.00020113	-0.09783030	0.00067162	0.00063537	-0.00058080
63.49	0.00024295	0.00014387	-0.09822441	-0.00026370	-0.00010527	-0.00095640
63.50	0.00021523	-0.00005926	-0.09799921	0.00025220	0.00014449	-0.00067518
63.51	0.00011423	0.00002734	-0.09829153	-0.00029691	0.00077854	-0.00035952
63.52	0.00024468	0.00012030	-0.09791303	0.00002917	0.00115250	-0.00018163
63.53	0.00003676	0.00034174	-0.09815066	0.00028399	0.00007915	-0.00012706
63.54	0.00002845	0.00014277	-0.09799657	-0.00014953	0.00008828	0.00064834
63.55	0.00001486	0.00003191	-0.09830655	-0.00109005	-0.00065450	0.00073626
63.56	-0.00009389	0.00029549	-0.09787000	-0.00015431	-0.00057175	-0.00011536
63.57	-0.00002753	0.00007888	-0.09803130	-0.00035442	0.00083671	0.00029231
63.58	0.00002165	0.00049947	-0.09775473	0.00043947	-0.00061086	0.00094331
63.59	-0.00003787	0.00025245	-0.09792122	0.00042516	0.00040721	0.00074961
63.60	0.00008056	0.00000799	-0.09768532	-0.00057708	0.00053449	0.00083092
63.61	0.00017911	0.00039539	-0.09783163	-0.00035547	-0.00003136	0.00042520
63.62	0.00035376	0.00023307	-0.09785706	-0.00029184	0.00055711	0.00036791
63.63	0.00013596	0.00009524	-0.09815880	-0.00019182	0.00045007	-0.00044365
63.64	0.00022139	0.00028233	-0.09811376	-0.00026320	0.00048705	-0.00037458
63.65	0.00014730	-0.00004887	-0.09760091	-0.00063805	0.00005544	0.00016586
63.66	0.00020072	0.00007670	-0.09798801	-0.00003456	0.00008528	-0.00080157
63.67	0.00005197	0.00008459	-0.09787024	-0.00057302	0.00104087	-0.00135171
63.68	0.00000785	-0.00013386	-0.09773466	0.00026732	0.00158759	-0.00126662
63.69	0.00011124	0.00033232	-0.09798106	-0.00051387	0.00166008	-0.00131733
63.70	-0.00001397	0.00031054	-0.09773347	-0.00086808	0.00140626	-0.00072337
63.71	0.00016839	0.00022098	-0.09816308	-0.00093928	0.00153962	-0.00070933
63.72	0.00015355	0.00017368	-0.09787400	-0.00037642	0.00045352	0.00060616
63.73	0.00021535	0.00032585	-0.09786624	0.00013393	0.00057822	0.00001134
63.74	0.00019800	0.00017295	-0.09819824	-0.00023024	0.00209871	-0.00083925
63.75	0.00036956	0.00019836	-0.09808007	0.00064323	0.00201888	-0.00037170
63.76	0.00002073	-0.00009072	-0.09821972	-0.00003503	0.00086651	-0.00022780
63.77	0.00021699	-0.00019799	-0.09772056	-0.00089521	0.00010469	-0.00068894
63.78	0.00018805	0.00000678	-0.09788221	-0.00110229	0.00041127	0.00004016
63.79	-0.00009655	0.00007664	-0.09806566	-0.00105217	0.00070662	-0.00053384
63.80	0.00012069	0.00008794	-0.09783005	-0.00045466	0.00088209	0.00084332
63.81	0.00018859	-0.00002640	-0.09810205	0.00005832	-0.00020392	-0.00026847
63.82	-0.00018137	0.00018841	-0.09813900	-0.00031238	0.00065068	0.00022145
63.83	0.00007899	-0.00002638	-0.09814872	-0.00047910	0.00030560	0.00022572
63.84	0.00024483	-0.00010805	-0.09818460	0.00000143	0.00022371	-0.00011818
63.85	0.00014273	-0.00012583	-0.09804425	-0.00143394	0.00040202	0.00010819
63.86	0.00005902	0.00008960	-0.09804747	-0.00127041	0.00046811	-0.00024501
63.87	-0.00006605	-0.00021030	-0.09784491	-0.00109527	0.00020004	-0.00001642
63.88	-0.00018484	-0.00020386	-0.09807888	-0.00028214	0.00018469	-0.00037878
63.89	0.00000812	-0.00022431	-0.09788665	-0.00005962	0.00034775	0.00023144
63.90	-0.00028892	-0.00011212	-0.09785732	-0.00059185	0.00106551	-0.00009840
63.91	-0.00010006	0.00002643	-0.09784872	-0.00125239	0.00144846	-0.00059755
63.92	0.00018047	-0.00026181	-0.09801136	-0.00027039	0.00095918	-0.00063730
63.93	-0.00014279	-0.00023824	-0.09799685	-0.00041293	0.00128501	0.00065020
63.94	0.00014295	-0.00007979	-0.09803731	-0.00040783	0.00035955	-0.00048772
63.95	0.00003668	-0.00006737	-0.09786478	0.00001170	0.00070043	0.00040008
63.96	-0.00003577	-0.00005341	-0.09784087	-0.00024877	0.00056173	0.00067112
63.97	-0.00024623	-0.00010198	-0.09794484	-0.00018821	0.00097676	-0.00013565
63.98	0.00015579	-0.00030176	-0.09788243	-0.00039980	0.00103429	-0.00067218
63.99	0.00015059	-0.00025342	-0.09795026	-0.00033251	0.00029041	-0.00043553
64.00	-0.00010021	-0.00019953	-0.09786296	-0.00050394	0.00009231	-0.00008720
64.01	0.00011023	0.00009171	-0.09776698	0.00142429	-0.00011910	-0.00052007
64.02	-0.00005132	0.00006304	-0.09801994	-0.00030642	-0.00064361	0.00015451
64.03	-0.00040512	-0.00015827	-0.09804074	-0.00075694	-0.00026209	-0.00056638
64.04	0.00000534	-0.00023340	-0.09763447	-0.00026769	0.00014332	-0.00126755
64.05	-0.00010909	0.00009023	-0.09775273	0.00087107	0.00005356	0.00017081
64.06	-0.00001089	-0.00007468	-0.09803257	-0.00030086	0.00012924	-0.00133245
64.07	0.00002414	0.00010733	-0.09790812	0.00076114	0.00005549	-0.00110629
64.08	0.00020819	0.00003693	-0.09781245	-0.00036586	0.00131965	-0.00108308
64.09	0.00002187	-0.00004055	-0.09803526	-0.00085276	0.00066628	0.00053464
64.10	0.00014495	-0.00027690	-0.09779181	0.00024895	0.00064289	0.00023536
64.11	0.00017645	-0.00007016	-0.09794724	-0.00006865	0.00127697	-0.00064596
64.12	0.00026988	-0.00033472	-0.09794737	-0.00049271	0.00067996	-0.00016717
64.13	0.00007629	0.00020614	-0.09773118	0.00029924	-0.00061847	0.00007402
64.14	0.00000117	0.00003881	-0.09770661	0.00009588	0.00041204	0.00025733
64.15	0.00005109	0.00003633	-0.09761751	0.00138104	0.00011100	-0.00034056
64.16	-0.00001871	-0.00019216	-0.09796014	0.00067166	0.00045140	-0.00057840
64.17	0.00008268	-0.00009981	-0.09756632	-0.00000040	-0.00020076	-0.00056708
64.18	0.00007659	0.00035483	-0.09763956	0.00041765	-0.00019488	0.00005680
64.19	-0.00009268	-0.00016447	-0.09761574	-0.00008500	0.00007096	-0.00120430
64.20	0.00021263	0.00010618	-0.09772150	0.00063818	0.00046394	-0.00010471
64.21	0.00002561	-0.00003244	-0.09759710	0.00033366	-0.00024656	-0.00000527
64.22	0.00001946	0.00002531	-0.09758870	0.00016662	0.00013441	-0.00104047
64.23	0.00017225	0.00001457	-0.09765991	0.00077065	-0.00028192	0.00013494
64.24	-0.00021311	0.00000829	-0.09796734	0.00065633	-0.00036825	0.00044060
64.25	0.00009783	-0.00008828	-0.09785701	-0.00076079	-0.00003705	0.00016739
64.26	0.00016212	-0.00003547	-0.09780687	0.00002460	0.00058633	-0.00031674
64.27	-0.00002959	0.00012224	-0.09791239	0.00050091	0.00005305	0.00012251
64.28	0.00014665	0.00024399	-0.09788307	0.00081674	0.00051938	0.00018961
64.29	-0.00004122	0.00019607	-0.09800304	0.00066878	0.00012736	0.00011000
64.30	-0.00002012	0.00025913	-0.09778053	0.00076859	-0.00039731	-0.00005515
64.31	0.00004908	-0.00014974	-0.09778967	-0.00044221	0.00077409	0.00073222
64.32	0.00021494	-0.00003979	-0.09792746	0.00040940	0.00082903	0.00030279
64.33	0.00023973	0.00023431	-0.09810886	-0.00042926	0.00096549	-0.00014857
64.34	0.00005088	0.00002283	-0.09768072	-0.00028151	0.00014533	0.00007349
64.35	0.00011515	0.00027149	-0.09786853	-0.00032850	0.00097929	0.00139320
64.36	-0.00011302	-0.00003199	-0.09771242	0.00024850	0.00063246	0.00046025
64.37	-0.00008536	0.00007304	-0.09765135	0.00036751	-0.00050110	0.00026744
64.38	-0.00012334	-0.00000515	-0.09743247	0.00027263	0.00106174	-0.00038489
64.39	-0.00012309	0.00001036	-0.09793931	-0.00030915	0.00013190	-0.00044629
64.40	-0.00009852	-0.00003996	-0.09781447	-0.00018647	-0.00086165	-0.00079650
64.41	-0.00008694	0.00016533	-0.09771379	-0.00062107	-0.00035798	-0.00048424
64.42	-0.00020771	-0.00011480	-0.09768448	0.00013695	0.00018114	-0.00059098
64.43	-0.00044542	0.00018436	-0.09782651	-0.00049538	-0.00023298	0.00004018
64.44	-0.00003421	0.00001438	-0.09760811	-0.00006401	-0.00040892	-0.00005643
64.45	-0.00008430	-0.00021324	-0.09782173	-0.00098844	0.00013114	-0.00031550
64.46	-0.00008758	-0.00000080	-0.09797734	-0.00004232	0.00023891	0.00004966
64.47	-0.00010921	0.00004534	-0.09785550	-0.00018514	-0.00121843	-0.00068378
64.48	0.00006036	-0.00017587	-0.09770639	-0.00044574	0.00045789	-0.00090888
64.49	0.00026396	-0.00004240	-0.09791887	0.00033277	0.00060568	-0.00120867
64.50	-0.00020505	-0.00014850	-0.09810566	0.00082943	-0.00048609	-0.00039606
64.51	0.00009510	-0.00002861	-0.09789093	-0.00030798	0.00001654	-0.00019512
64.52	0.00005730	-0.00019564	-0.09798430	-0.00055817	0.00115452	-0.00046566
64.53	0.00029300	-0.00032032	-0.09792816	0.00079181	-0.00006114	-0.00078527
64.54	0.00032815	-0.00029427	-0.09797904	0.00005433	0.00083976	-0.00038106
64.55	0.00001516	-0.00018491	-0.09784769	0.00008884	-0.00034586	-0.00051642
64.56	0.00006448	-0.00004227	-0.09766665	0.00105658	0.00084524	-0.00026631
64.57	0.00014159	-0.00017553	-0.09782732	0.00056297	-0.00023912	0.00014496
64.58	0.00007639	-0.00021251	-0.09748974	-0.00024373	0.00164235	0.00029662
64.59	0.00005716	-0.00011010	-0.09782319	-0.00002702	0.00023454	-0.00040464
64.60	0.00020426	-0.00022110	-0.09813326	-0.00004272	0.00012354	0.00104744
64.61	-0.00011849	0.00011987	-0.09781506	-0.00073243	0.00092588	-0.00006287
64.62	0.00031672	-0.00019287	-0.09780213	0.00083121	0.00038510	0.00064315
64.63	0.00018303	-0.00003897	-0.09758347	0.00101303	-0.00044470	-0.00037516
64.64	0.00013964	0.00013453	-0.09792078	0.00089519	0.00019939	-0.00011276
64.65	-0.00030143	-0.00001989	-0.09788861	0.00037801	0.00037284	0.00009252
64.66	0.00025932	0.00015120	-0.09788519	0.00043284	0.00043552	-0.00051195
64.67	0.00001630	0.00002530	-0.09777535	0.00082013	0.00038207	-0.00044632
64.68	-0.00000131	0.00010680	-0.09763956	0.00042907	0.00019261	-0.00073131
64.69	0.00003511	0.00012073	-0.09785210	-0.00010741	0.00027877	-0.00011875
64.70	0.00013796	0.00008965	-0.09795363	-0.00055088	-0.00003820	0.00018731
64.71	0.00001709	0.00012409	-0.09792644	0.00123333	-0.00009524	0.00001030
64.72	0.00000409	-0.00019513	-0.09795138	0.00059823	-0.00028804	-0.00026825
64.73	0.00017743	-0.00003589	-0.09797315	0.00093206	0.00001399	-0.00056741
64.74	0.00032239	0.00003508	-0.09774122	-0.00015631	0.00049071	-0.00039836
64.75	0.00031866	-0.00005704	-0.09796427	0.00085716	0.00001912	-0.00029102
64.76	0.00020238	0.00004647	-0.09775936	-0.00096747	0.00021713	0.00019758
64.77	-0.00001316	-0.00019741	-0.09808285	-0.00058312	-0.00014598	0.00005491
64.78	0.00001615	0.00012867	-0.09782680	-0.00068565	0.00050010	0.00018798
64.79	-0.00004493	-0.00007557	-0.09773505	-0.00090925	0.00094650	0.00036474
64.80	-0.00022991	-0.00030399	-0.09787485	-0.00008109	0.00025955	-0.00034459
64.81	-0.00024527	-0.00000954	-0.09795724	0.00049648	0.00077491	-0.00098860
64.82	-0.00004831	-0.00000683	-0.09766477	0.00125539	0.00117150	-0.00085862
64.83	-0.00028814	0.00003009	-0.09775339	0.00045749	0.00188701	-0.00142485
64.84	-0.00016476	0.00028823	-0.09750938	-0.00060432	0.00209355	-0.00054439
64.85	-0.00000531	0.00019667	-0.09769842	0.00025604	0.00091066	-0.00080629
64.86	-0.00017876	-0.00000111	-0.09803610	0.00003979	0.00108841	-0.00056574
64.87	-0.00009065	0.00008224	-0.09799756	0.00072081	0.00147968	-0.00078682
64.88	-0.00001423	-0.00017680	-0.09793317	0.00162162	0.00078190	-0.00061646
64.89	-0.00011100	-0.00010651	-0.09790576	0.00010953	0.00046359	-0.00187133
64.90	-0.00020118	0.00020986	-0.09770461	-0.00001989	0.00085038	0.00065802
64.91	-0.00000318	0.00007791	-0.09776837	0.00026833	0.00024310	0.00023460
64.92	0.00000159	0.00006614	-0.09789309	0.00060653	-0.00008399	-0.00083398
64.93	0.00005683	0.00009635	-0.09796652	0.00102434	-0.00127697	-0.00103499
64.94	-0.00002000	0.00028817	-0.09799249	0.00008080	0.00016549	-0.00015909
64.95	-0.00000556	-0.00001591	-0.09797376	0.00063060	0.00015588	-0.00010243
64.96	0.00001519	0.00029677	-0.09804685	-0.00014306	0.00042347	0.00054760
64.97	-0.00000838	0.00006584	-0.09812839	-0.00002215	-0.00001441	0.00015263
64.98	0.00009633	-0.00013119	-0.09786694	-0.00030819	0.00021243	-0.00074331
64.99	-0.00003370	-0.00009510	-0.09798568	-0.00044237	0.00042641	-0.00122867
65.00	-0.00016034	0.00011411	-0.09779842	0.00112904	0.00021565	-0.00123306
65.01	-0.00007996	0.00021693	-0.09781817	0.00034316	0.00043374	-0.00157680
65.02	0.00004022	0.00014043	-0.09784717	0.00118386	0.00048291	-0.00102573
65.03	-0.00010029	0.00024428	-0.09777692	-0.00041584	0.00047796	-0.00059727
65.04	-0.00015278	-0.00000933	-0.09773456	-0.00000374	-0.00073156	0.00036177
65.05	-0.00002979	0.00053239	-0.09798522	0.00038631	0.00045418	0.00049449
65.06	0.00005856	0.00029184	-0.09818202	0.00081133	0.00017582	-0.00007186
65.07	0.00018834	0.00013370	-0.09811826	0.00043303	0.00044875	-0.00013452
65.08	0.00023487	0.00025758	-0.09817510	0.00026063	-0.00001318	-0.00014771
65.09	0.00000242	0.00002734	-0.09845631	0.00053319	0.00015145	-0.00036558
65.10	0.00003600	-0.00006699	-0.09789558	0.00069464	-0.00006756	0.00003739
65.11	0.00002617	0.00004244	-0.09792187	-0.00026778	-0.00050565	-0.00011213
65.12	-0.00008479	0.00017018	-0.09805314	0.00124380	-0.00010069	0.00068874
65.13	0.00000797	0.00051252	-0.09833633	0.00047528	-0.00111614	0.00059692
65.14	-0.00002932	0.00012985	-0.09813874	-0.00005784	-0.00067667	0.00070663
65.15	0.00016998	0.00037705	-0.09791369	0.00034961	-0.00020113	0.00090109
65.16	0.00008148	0.00030492	-0.09811985	-0.00023972	-0.00038325	-0.00027149
65.17	0.00014250	-0.00011706	-0.09806466	0.00035334	-0.00021551	0.00030274
65.18	0.00001744	0.00016260	-0.09805070	0.00028743	0.00026406	-0.00047947
65.19	-0.00000300	-0.00019557	-0.09813489	-0.00085282	-0.00054913	0.00004126
65.20	0.00008516	-0.00011275	-0.09811336	-0.00017401	0.00042114	0.00003408
65.21	0.00010366	0.00006014	-0.09797522	-0.00076341	-0.00044964	0.00005224
65.22	0.00001182	0.00005069	-0.09792208	0.00009386	0.00019789	0.00123025
65.23	-0.00037824	-0.00008384	-0.09818689	0.00017674	-0.00004747	0.00085711
65.24	0.00010792	-0.00015936	-0.09798166	-0.00025625	0.00149120	0.00046889
65.25	-0.00013540	-0.00027935	-0.09785452	-0.00045246	0.00087404	0.00085889
65.26	0.00008727	-0.00001070	-0.09792317	0.00032640	0.00041451	0.00120314
65.27	-0.00004428	-0.00015566	-0.09820563	-0.00070331	0.00084592	0.00069503
65.28	-0.00007654	-0.00027435	-0.09795061	-0.00154140	-0.00075877	0.00070530
65.29	-0.00016970	-0.00032670	-0.09797715	0.00063650	0.00066671	0.00062685
65.30	0.00017917	-0.00005088	-0.09781593	-0.00035443	0.00001280	0.00022468
65.31	-0.00029964	-0.00013640	-0.09804360	-0.00032617	0.00013892	-0.00035967
65.32	-0.00007160	0.00011017	-0.09792473	-0.00022190	0.00036777	0.00006249
65.33	-0.00000811	0.00013648	-0.09768318	0.00047857	-0.00011369	-0.00151439
65.34	0.00006192	-0.00000135	-0.09797706	-0.00016848	0.00088385	0.00028400
65.35	-0.00024179	0.00017013	-0.09752889	-0.00023607	0.00078806	0.00055170
65.36	-0.00003522	-0.00031368	-0.09750713	0.00046773	0.00075996	-0.00047564
65.37	-0.00040628	-0.00011099	-0.09778363	0.00110080	0.00047774	-0.00074150
65.38	0.00005922	-0.00006894	-0.09732058	0.00017732	0.00076685	-0.00044019
65.39	0.00008408	-0.00042189	-0.09756837	0.00003120	0.00154377	-0.00048493
65.40	-0.00010068	0.00005739	-0.09768476	0.00066965	0.00200984	-0.00101854
65.41	-0.00001833	0.00013740	-0.09789282	-0.00021916	0.00238593	-0.00021618
65.42	0.00006049	-0.00019448	-0.09786370	-0.00070013	0.00125199	-0.00080408
65.43	-0.00021036	0.00035990	-0.09773965	-0.00010898	0.00009600	-0.00066056
65.44	0.00011890	-0.00025987	-0.09791870	-0.00039114	0.00149391	-0.00109098
65.45	0.00007666	0.00010007	-0.09808119	0.00016563	0.00133038	-0.00082925
65.46	0.00005437	-0.00006746	-0.09795275	-0.00014814	0.00062384	-0.00109611
65.47	-0.00018759	0.00008158	-0.09764116	-0.00138865	0.00056100	-0.00178098
65.48	-0.00016253	-0.00020012	-0.09765058	-0.00005145	0.00099441	-0.00153095
65.49	-0.00023692	-0.00010380	-0.09821170	-0.00074232	0.00081536	-0.00149094
65.50	0.00031816	-0.00001263	-0.09798804	-0.00015683	0.00099922	-0.00030171
65.51	0.00009227	-0.00004015	-0.09804335	-0.00031397	0.00111077	-0.00039446
65.52	-0.00008652	-0.00008927	-0.09821309	0.00066091	-0.00020578	-0.00036993
65.53	0.00038093	-0.00010246	-0.09776588	0.00021284	0.00088078	-0.00037605
65.54	-0.00010233	-0.00020918	-0.09796675	-0.00028772	0.00029239	-0.00037594
65.55	-0.00019416	0.00014376	-0.09809274	-0.00046629	-0.00041691	-0.00119467
65.56	-0.00020821	0.00002157	-0.09802998	0.00093681	-0.00016509	-0.00128484
65.57	0.00001007	0.00016876	-0.09799233	0.00033914	0.00019739	-0.00095890
65.58	0.00006082	-0.00010343	-0.09806814	0.00055172	0.00031531	-0.00062900
65.59	0.00020406	0.00012055	-0.09789796	0.00018170	0.00003508	-0.00161239
65.60	0.00005352	-0.00023142	-0.09785110	-0.00036721	0.00033795	-0.00105214
65.61	-0.00017783	0.00009026	-0.09794960	0.00012090	0.00086517	-0.00099646
65.62	-0.00023519	-0.00004331	-0.09805995	0.00035046	0.00018782	-0.00023671
65.63	0.00013307	0.00021608	-0.09788714	-0.00075623	0.00083610	-0.00026307
65.64	0.00021055	-0.00032410	-0.09814600	0.00029277	0.00100465	-0.00112396
65.65	-0.00013763	-0.00022895	-0.09830544	0.00000897	0.00088014	-0.00111806
65.66	-0.00005654	0.00011339	-0.09801073	-0.00041183	0.00120453	0.00049549
65.67	0.00003832	-0.00018875	-0.09798939	0.00079998	0.00086782	-0.00025749
65.68	0.00005022	-0.00020710	-0.09790873	-0.00040222	0.00005277	-0.00039228
65.69	-0.00001853	0.00031391	-0.09789221	0.00098123	0.00054308	-0.00167947
65.70	0.00016467	-0.00015636	-0.09828637	-0.00044374	0.00176064	-0.00046664
65.71	0.00000155	-0.00004383	-0.09794398	-0.00148938	0.00008078	-0.00124150
65.72	-0.00012656	-0.00035315	-0.09768358	0.00074157	0.00100178	-0.00105536
65.73	-0.00034282	-0.00002003	-0.09792961	0.00021553	0.00049837	-0.00089801
65.74	-0.00019193	-0.00031626	-0.09792634	0.00025763	-0.00006193	-0.00066250
65.75	-0.00001606	-0.00014410	-0.09789897	0.00019039	0.00067952	-0.00154465
65.76	0.00009194	-0.00011678	-0.09778760	0.00017897	0.00055561	-0.00177498
65.77	-0.00018325	-0.00017487	-0.09778527	0.00026168	0.00011634	-0.00246644
65.78	0.00008558	-0.00023048	-0.09778928	-0.00001977	0.00044775	-0.00171597
65.79	0.00009882	-0.00025363	-0.09781874	-0.00030569	0.00002402	-0.00073688
65.80	0.00001200	-0.00010317	-0.09795901	-0.00072483	-0.00015817	-0.00122776
65.81	-0.00006262	-0.00020209	-0.09786744	0.00161636	-0.00048506	-0.00171302
65.82	-0.00017286	-0.00024521	-0.09798115	0.00071508	-0.00068613	-0.00100086
65.83	0.00003417	-0.00008353	-0.09774399	0.00040039	0.00037088	-0.00046082
65.84	-0.00035333	0.00000205	-0.09768063	0.00044047	0.00028264	-0.00058585
65.85	-0.00014550	0.00020176	-0.09805163	-0.00029230	0.00024324	-0.00037341
65.86	-0.00014203	-0.00017267	-0.09802939	-0.00034513	0.00059422	-0.00106951
65.87	-0.00039191	0.00010703	-0.09764179	-0.00103704	0.00041060	-0.00080018
65.88	-0.00010300	-0.00003611	-0.09789171	-0.00007127	0.00065840	-0.00047511
65.89	-0.00001343	-0.00015487	-0.09794128	-0.00011081	0.00046254	-0.00086578
65.90	0.00009281	-0.00003343	-0.09798706	-0.00087914	0.00057344	-0.00054031
65.91	0.00012756	-0.00016329	-0.09783546	0.00102820	0.00073578	-0.00030129
65.92	-0.00011169	-0.00013744	-0.09813149	-0.00034390	0.00032824	-0.00127604
65.93	0.00016357	-0.00021487	-0.09777381	-0.00107167	0.00159823	-0.00055732
65.94	0.00012844	-0.00015550	-0.09803357	0.00015414	0.00031362	-0.00047636
65.95	-0.00015472	0.00009255	-0.09785914	-0.00001173	0.00049904	0.00045344
65.96	-0.00017855	-0.00008218	-0.09804549	-0.00030161	0.00069764	-0.00017045
65.97	0.00034470	-0.00014195	-0.09787791	-0.00107420	0.00073726	-0.00174232
65.98	-0.00006963	0.00007608	-0.09779929	-0.00041417	0.00037145	-0.00066378
65.99	-0.00015077	0.00003205	-0.09818770	0.00024082	-0.00000573	-0.00056161
66.00	-0.00038519	0.00003947	-0.09781724	-0.00063149	-0.00018718	-0.00004851
66.01	-0.00038073	0.00006476	-0.09808684	0.00051321	-0.00077387	-0.00094562
66.02	-0.00032300	-0.00006423	-0.09801666	0.00002051	-0.00115669	0.00020304
66.03	-0.00010863	-0.00014727	-0.09796901	-0.00057028	-0.00031910	-0.00107503
66.04	-0.00020887	0.00002756	-0.09776743	0.00022355	0.00051759	-0.00044964
66.05	-0.00006939	-0.00008032	-0.09751687	-0.00036353	-0.00082950	-0.00109226
66.06	-0.00017096	-0.00007889	-0.09767732	0.00003423	-0.00003783	-0.00099008
66.07	-0.00014275	-0.00011122	-0.09786323	-0.00038200	-0.00092255	-0.00091501
66.08	0.00003377	-0.00013101	-0.09795168	0.00038479	-0.00004253	-0.00014718
66.09	-0.00006536	-0.00029405	-0.09792144	-0.00006595	-0.00017480	-0.00093119
66.10	-0.00018072	-0.00024409	-0.09786730	-0.00035842	-0.00030040	-0.00053386
66.11	-0.00006479	-0.00035419	-0.09790954	0.00000761	-0.00038237	-0.00099034
66.12	0.00008639	-0.00059230	-0.09775144	0.00062154	0.00031097	-0.00066357
66.13	-0.00019535	-0.00018162	-0.09801809	0.00012221	0.00026353	-0.00150014
66.14	-0.00002258	-0.00032593	-0.09787937	0.00007142	-0.00044445	-0.00090185
66.15	-0.00004881	-0.00007697	-0.09766848	0.00002203	-0.00086676	-0.00122744
66.16	-0.00020409	-0.00012618	-0.09789713	0.00092750	0.00025798	-0.00073056
66.17	-0.00022467	-0.00051045	-0.09759491	-0.00059748	-0.00023094	-0.00128879
66.18	-0.00001723	-0.00019632	-0.09750469	-0.00019811	-0.00036339	-0.00037519
66.19	0.00018858	-0.00007709	-0.09759896	0.00027011	-0.00069161	-0.00172240
66.20	-0.00032203	-0.00012670	-0.09772760	-0.00021143	0.00088789	-0.00030398
66.21	-0.00032147	-0.00014051	-0.09745554	-0.00034973	0.00013793	-0.00024370
66.22	-0.00023706	0.00012446	-0.09761521	0.00066915	-0.00069671	0.00000363
66.23	-0.00008257	0.00025450	-0.09780584	-0.00015713	-0.00023219	-0.00005130
66.24	-0.00030581	0.00014905	-0.09792526	0.00024609	-0.00050758	-0.00065158
66.25	-0.00009955	-0.00012621	-0.09784446	0.00156659	-0.00060674	0.00048605
66.26	-0.00032541	-0.00033583	-0.09763776	0.00035230	-0.00118031	0.00023396
66.27	-0.00047830	-0.00009900	-0.09808525	0.00037555	-0.00078628	-0.00022774
66.28	-0.00009894	0.00002287	-0.09777870	0.00096631	0.00015447	0.00080909
66.29	-0.00005690	0.00011677	-0.09772656	-0.00012811	-0.00027214	-0.00005847
66.30	-0.00021852	-0.00005639	-0.09765340	-0.00088789	-0.00011208	-0.00064759
66.31	-0.00004895	0.00002863	-0.09786036	0.00047808	-0.00046726	0.00048754
66.32	-0.00024407	0.00006979	-0.09775514	-0.00001127	0.00012870	0.00110079
66.33	-0.00032809	-0.00011029	-0.09779778	-0.00065208	-0.00001751	-0.00037837
66.34	-0.00016145	0.00001187	-0.09783350	-0.00083158	0.00103320	-0.00052221
66.35	-0.00015706	0.00006256	-0.09771763	0.00010937	-0.00077579	-0.00071420
66.36	-0.00008046	-0.00012501	-0.09805152	0.00032064	0.00036647	-0.00013847
66.37	-0.00002562	-0.00003008	-0.09775844	0.00026699	0.00026993	-0.00050656
66.38	-0.00006198	-0.00014554	-0.09802439	0.00062585	0.00024754	-0.00026377
66.39	-0.00018110	0.00012895	-0.09781405	-0.00081052	0.00118645	-0.00052863
66.40	0.00018626	-0.00005567	-0.09782793	0.00004533	0.00049861	0.00004636
66.41	-0.00005662	-0.00018903	-0.09800773	-0.00001400	0.00102995	-0.00116363
66.42	-0.00012215	-0.00000541	-0.09788898	-0.00004947	0.00027774	-0.00118756
66.43	0.00004300	-0.00014858	-0.09778928	-0.00012139	0.00005932	0.00005156
66.44	0.00005719	0.00004176	-0.09781581	0.00067569	-0.00094071	-0.00116287
66.45	0.00015536	0.00010991	-0.09789670	-0.00004141	-0.00081865	-0.00042288
66.46	0.00007680	0.00013538	-0.09794223	-0.00057592	-0.00014302	-0.00066380
66.47	0.00052621	0.00002272	-0.09771389	0.00126404	-0.00148762	-0.00081331
66.48	0.00015199	0.00030836	-0.09758668	0.00012565	-0.00105304	-0.00103962
66.49	-0.00008074	-0.00005185	-0.09788726	-0.00005686	-0.00075777	-0.00104301
66.50	0.00006862	-0.00026590	-0.09801520	0.00026559	-0.00069220	-0.00193057
66.51	-0.00011454	-0.00013763	-0.09791730	0.00155361	-0.00019301	-0.00171649
66.52	-0.00011418	0.00024452	-0.09822109	0.00103547	-0.00029428	-0.00130068
66.53	-0.00011352	0.00020113	-0.09801109	0.00083306	-0.00055964	0.00003602
66.54	0.00008598	0.00008464	-0.09814733	-0.00016462	0.00091514	0.00045696
66.55	-0.00032394	-0.00005103	-0.09798588	0.00055796	-0.00038230	0.00039491
66.56	-0.00006220	-0.00023043	-0.09817689	0.00052890	-0.00081123	0.00014934
66.57	0.00019311	0.00009103	-0.09798843	0.00083709	-0.00131652	0.00063115
66.58	-0.00010814	0.00004241	-0.09794471	0.00126307	-0.00129923	0.00015969
66.59	0.00004436	-0.00020643	-0.09781601	0.00122362	-0.00053526	0.00097166
66.60	-0.00004864	-0.00006821	-0.09837911	0.00025590	0.00002122	0.00106894
66.61	-0.00000856	-0.00020184	-0.09819443	0.00023706	0.00005591	0.00025965
66.62	-0.00000075	0.00023699	-0.09821202	0.00055112	-0.00071065	-0.00034942
66.63	-0.00013444	0.00001571	-0.09807134	0.00040816	0.00017851	-0.00062066
66.64	-0.00006821	0.00007753	-0.09805818	-0.00011058	-0.00014825	-0.00020875
66.65	-0.00001898	-0.00004784	-0.09771435	0.00016992	0.00080932	-0.00027273
66.66	-0.00007937	0.00005803	-0.09797721	-0.00073200	-0.00045723	0.00033062
66.67	0.00000646	0.00006635	-0.09788183	-0.00142854	0.00024877	0.00066471
66.68	0.00038421	0.00035558	-0.09809492	-0.00111916	0.00022361	0.00059874
66.69	0.00021653	0.00021717	-0.09798084	-0.00066761	-0.00060068	-0.00026069
66.70	0.00008847	-0.00045194	-0.09786123	-0.00158344	0.00030635	-0.00023100
66.71	-0.00024474	-0.00023439	-0.09799544	-0.00102974	0.00080891	-0.00109333
66.72	-0.00016103	0.00018660	-0.09777223	-0.00014599	0.00028021	-0.00089104
66.73	-0.00006373	-0.00006228	-0.09809176	-0.00035899	-0.00046855	-0.00032948
66.74	-0.00009694	0.00022590	-0.09775948	-0.00099225	-0.00045907	0.00014580
66.75	-0.00011203	-0.00006129	-0.09794703	0.00037868	0.00068374	-0.00131775
66.76	0.00006037	-0.00017889	-0.09785089	0.00056008	-0.00075887	-0.00066660
66.77	-0.00019191	0.00013100	-0.09770926	0.00026259	0.00020012	-0.00043313
66.78	0.00004926	-0.00012297	-0.09769710	0.00026998	0.00005298	-0.00005699
66.79	0.00008056	-0.00007372	-0.09781813	0.00004259	-0.00014775	0.00022862
66.80	0.00005596	-0.00034764	-0.09768818	-0.00078026	0.00006292	-0.00062138
66.81	-0.00028245	0.00009688	-0.09801274	-0.00011753	-0.00047385	0.00001746
66.82	-0.00021294	0.00016301	-0.09786845	-0.00075186	0.00015468	-0.00091870
66.83	-0.00027626	-0.00027876	-0.09793727	-0.00015804	-0.00010093	0.00012439
66.84	-0.00018506	0.00001555	-0.09777470	0.00036529	-0.00025731	-0.00023794
66.85	-0.00007216	0.00013561	-0.09782085	0.00018845	-0.00052003	-0.00010647
66.86	0.00017984	-0.00004601	-0.09767953	0.00031403	-0.00043212	-0.00027564
66.87	0.00011035	-0.00003530	-0.09774501	0.00024954	-0.00151818	-0.00155508
66.88	0.00014546	-0.00014645	-0.09794349	0.00005807	-0.00038669	-0.00076811
66.89	0.00002747	-0.00035187	-0.09794082	-0.00051935	-0.00135135	0.00004784
66.90	0.00006272	0.00002084	-0.09798081	0.00033538	-0.00026729	0.00004391
66.91	-0.00021335	0.00003434	-0.09779859	-0.00057982	-0.00111638	-0.00053479
66.92	-0.00004660	0.00013310	-0.09779505	-0.00029147	-0.00071927	-0.00204006
66.93	-0.00027780	0.00020414	-0.09791339	-0.00133702	-0.00098985	-0.00100801
66.94	0.00002532	0.00005316	-0.09794462	0.00005429	-0.00136713	-0.00167153
66.95	0.00022807	-0.00009005	-0.09794092	0.00022665	-0.00030423	-0.00087641
66.96	-0.00014996	0.00003715	-0.09817095	-0.00030156	-0.00031732	-0.00132122
66.97	-0.00018222	-0.00020485	-0.09785560	-0.00041734	-0.00060823	-0.00102967
66.98	-0.00016821	0.00009771	-0.09799908	-0.00043906	-0.00058688	-0.00123798
66.99	-0.00007097	0.00002023	-0.09802065	-0.00046622	-0.00061875	-0.00110773
67.00	-0.00003139	0.00004880	-0.09823606	-0.00069902	-0.00063898	-0.00098345
67.01	0.00002953	0.00009088	-0.09801503	-0.00045861	0.00028142	-0.00177038
67.02	-0.00016512	0.00002637	-0.09816988	-0.00013569	-0.00102120	-0.00078637
67.03	-0.00005403	0.00016961	-0.09814938	0.00040129	-0.00054331	-0.00077080
67.04	0.00013983	0.00011805	-0.09793736	-0.00072487	-0.00117998	-0.00055913
67.05	0.00018774	0.00001170	-0.09776752	0.00021015	-0.00090400	-0.00087300
67.06	-0.00000129	0.00001767	-0.09792671	0.00004304	-0.00117224	-0.00132366
67.07	0.00000105	0.00010918	-0.09799543	0.00103725	-0.00010258	-0.00021201
67.08	-0.00042374	-0.00021698	-0.09814459	0.00070257	-0.00030085	-0.00060021
67.09	-0.00016375	-0.00020115	-0.09797450	0.00043884	-0.00008383	-0.00137498
67.10	-0.00002027	0.00004038	-0.09806746	-0.00036333	0.00038658	-0.00066938
67.11	0.00010073	-0.00000115	-0.09810004	-0.00035648	0.00062268	-0.00072599
67.12	-0.00025580	0.00016123	-0.09778230	-0.00034712	0.00096436	-0.00153004
67.13	-0.00007227	0.00007477	-0.09814766	-0.00026755	0.00049757	-0.00185372
67.14	0.00009381	0.00009800	-0.09807333	0.00048269	0.00003332	-0.00124769
67.15	0.00006480	0.00047295	-0.09783324	-0.00045070	0.00071545	-0.00065418
67.16	-0.00005646	0.00011124	-0.09788470	-0.00049335	0.00042198	-0.00054200
67.17	0.00003665	0.00054894	-0.09808192	-0.00042579	0.00007114	-0.00123108
67.18	-0.00042027	0.00007331	-0.09793472	-0.00070902	0.00037373	-0.00115938
67.19	-0.00050588	0.00035449	-0.09790639	0.00067722	0.00044977	-0.00085292
67.20	-0.00012116	0.00029019	-0.09788745	0.00153820	0.00103910	0.00017333
67.21	0.00000134	0.00034039	-0.09785582	0.00088656	0.00071082	-0.00060375
67.22	0.00012807	0.00001681	-0.09819982	0.00114718	0.00053737	0.00007800
67.23	-0.00019425	-0.00008286	-0.09797688	0.00092738	0.00020777	-0.00008152
67.24	-0.00005207	0.00000927	-0.09778467	0.00121896	0.00049105	0.00069950
67.25	0.00009610	0.00016776	-0.09807113	0.00118465	0.00089482	-0.00033696
67.26	0.00000685	0.00011563	-0.09793344	0.00032351	0.00060734	-0.00036977
67.27	-0.00003933	0.00004103	-0.09783659	0.00065289	-0.00038486	0.00052535
67.28	-0.00013039	-0.00018044	-0.09772705	0.00201346	-0.00070359	0.00092356
67.29	-0.00002080	0.00021197	-0.09797637	0.00108419	0.00024883	0.00000082
67.30	0.00004640	-0.00005875	-0.09820020	0.00028112	-0.00064543	0.00017652
67.31	0.00005138	0.00000220	-0.09801687	-0.00010921	-0.00004633	-0.00088738
67.32	0.00009068	0.00017600	-0.09796053	-0.00026576	-0.00035018	0.00000053
67.33	0.00003812	-0.00018495	-0.09787076	0.00074358	-0.00068776	0.00024496
67.34	-0.00016691	0.00004892	-0.09785191	-0.00024011	-0.00034504	-0.00000970
67.35	-0.00004503	0.00007556	-0.09798114	0.00013723	-0.00014745	0.00042277
67.36	-0.00022982	0.00020721	-0.09806293	-0.00025893	0.00013554	0.00001716
67.37	-0.00007676	0.00007283	-0.09778554	0.00034164	0.00008803	0.00023004
67.38	0.00023709	-0.00014178	-0.09793260	0.00002303	-0.00030864	-0.00089309
67.39	0.00026994	-0.00005856	-0.09816270	-0.00000530	-0.00035473	-0.00106424
67.40	-0.00013621	0.00010998	-0.09795294	0.00047364	-0.00068831	-0.00008194
67.41	0.00011365	-0.00018108	-0.09811499	0.00086027	-0.00027193	-0.00027999
67.42	0.00020314	0.00017468	-0.09797364	0.00057442	-0.00046598	-0.00063557
67.43	0.00002897	-0.00003540	-0.09797374	0.00030135	-0.00112129	-0.00072895
67.44	0.00012692	-0.00003334	-0.09771675	-0.00030190	-0.00053230	-0.00084266
67.45	0.00027393	0.00014931	-0.09783579	0.00003429	-0.00090574	-0.00083950
67.46	-0.00021671	-0.00006935	-0.09757759	-0.00056098	0.00029796	-0.00063623
67.47	0.00001105	-0.00010761	-0.09775614	0.00067723	-0.00029269	-0.00137727
67.48	0.00017026	-0.00007079	-0.09783771	0.00059590	-0.00077714	-0.00160705
67.49	0.00007302	0.00005155	-0.09787530	-0.00047906	-0.00099592	0.00007899
67.50	-0.00013893	-0.00008693	-0.09793004	0.00018809	-0.00024839	-0.00112681
67.51	0.00006603	0.00017309	-0.09790282	0.00065166	-0.00025001	-0.00029258
67.52	0.00051638	0.00001956	-0.09825426	0.00006731	-0.00016603	-0.00107035
67.53	-0.00000321	0.00016455	-0.09836239	0.00000771	-0.00056128	-0.00006058
67.54	0.00034441	0.00002914	-0.09815766	0.00082453	-0.00081306	0.00017827
67.55	0.00020138	-0.00024065	-0.09800930	0.00024022	0.00062792	0.00010144
67.56	-0.00003199	0.00015640	-0.09809106	-0.00006682	0.00041852	-0.00055040
67.57	0.00028563	-0.00046258	-0.09805584	-0.00010286	0.00061133	-0.00016786
67.58	0.00003338	-0.00001291	-0.09807587	0.00004092	0.00035588	-0.00055975
67.59	-0.00001153	-0.00022220	-0.09802036	0.00044385	0.00034448	-0.00149101
67.60	0.00035317	-0.00017237	-0.09800488	0.00014557	0.00011150	-0.00055867
67.61	0.00036159	0.00005630	-0.09806814	-0.00013323	0.00017369	0.00003766
67.62	0.00042857	-0.00014301	-0.09783455	0.00015431	0.00039892	-0.00091468
67.63	0.00018125	-0.00006020	-0.09791395	-0.00029483	0.00081461	-0.00003046
67.64	0.00025587	0.00009722	-0.09788267	0.00001660	0.00064935	-0.00031342
67.65	0.00040911	-0.00002256	-0.09825875	-0.00036701	0.00088433	0.00034509
67.66	0.00028042	0.00006111	-0.09804602	-0.00057894	0.00101509	-0.00004561
67.67	0.00035605	-0.00009636	-0.09815192	0.00063431	0.00057874	-0.00013026
67.68	0.00007399	0.00010262	-0.09792392	-0.00058552	-0.00015523	0.00018423
67.69	0.00029547	-0.00003754	-0.09795001	-0.00044147	0.00049303	0.00001352
67.70	-0.00002141	-0.00000258	-0.09813944	-0.00021762	0.00008373	-0.00091861
67.71	-0.00012575	0.00003048	-0.09800902	-0.00095788	-0.00040711	-0.00161005
67.72	0.00000906	-0.00014899	-0.09795467	-0.00116883	0.00001873	0.00022791
67.73	-0.00012594	0.00019278	-0.09825851	0.00038582	0.00028688	-0.00013215
67.74	0.00006951	0.00023219	-0.09790528	-0.00032043	-0.00003093	0.00033338
67.75	-0.00002870	-0.00025071	-0.09796761	0.00034468	-0.00014325	-0.00036538
67.76	0.00002764	-0.00029655	-0.09772426	-0.00047580	-0.00065359	-0.00021600
67.77	-0.00008579	-0.00016482	-0.09780248	0.00070456	0.00032643	-0.00058159
67.78	0.00024202	-0.00020789	-0.09808858	0.00073331	-0.00061196	-0.00052421
67.79	0.00001502	0.00004540	-0.09813239	0.00045935	-0.00066703	-0.00119904
67.80	0.00012428	-0.00011012	-0.09774864	0.00045116	0.00025307	-0.00043884
67.81	-0.00003929	-0.00002789	-0.09793497	0.00057392	-0.00019979	0.00015540
67.82	0.00013378	0.00008132	-0.09804404	-0.00099145	-0.00065066	-0.00007206
67.83	0.00022274	-0.00026942	-0.09765109	0.00052320	0.00134750	-0.00101568
67.84	0.00015191	-0.00007648	-0.09804081	-0.00066407	-0.00038540	-0.00013280
67.85	-0.00003230	-0.00009496	-0.09811448	0.00052712	-0.00003648	0.00043777
67.86	-0.00018334	-0.00004768	-0.09801095	0.00002068	0.00057111	0.00033037
67.87	-0.00035131	-0.00017573	-0.09794579	0.00050666	0.00002080	-0.00036360
67.88	-0.00018066	-0.00006007	-0.09798420	-0.00066419	-0.00014837	-0.00032130
67.89	-0.00032899	0.00016662	-0.09807850	-0.00105030	0.00006483	-0.00127079
67.90	0.00030062	-0.00006376	-0.09787507	-0.00055208	-0.00007471	-0.00017079
67.91	0.00015103	0.00012802	-0.09804478	0.00014464	-0.00046688	0.00023006
67.92	0.00006828	-0.00003670	-0.09773644	-0.00100973	-0.00050840	0.00048427
67.93	-0.00014301	-0.00018614	-0.09777295	0.00030402	-0.00052440	-0.00028036
67.94	0.00033268	-0.00041075	-0.09774792	-0.00012849	0.00013656	0.00009993
67.95	-0.00000633	-0.00023860	-0.09778670	-0.00055531	0.00008792	-0.00012745
67.96	0.00016980	-0.00027745	-0.09804031	-0.00083956	0.00050146	-0.00054003
67.97	0.00025400	0.00008213	-0.09795862	-0.00052940	0.00000091	0.00063494
67.98	-0.00011524	0.00022475	-0.09790089	0.00016063	0.00017401	0.00008389
67.99	0.00006080	0.00002823	-0.09808165	-0.00016170	0.00120044	0.00087218
68.00	-0.00000533	-0.00004696	-0.09827769	-0.00020130	0.00009225	0.00030502
68.01	-0.00009394	-0.00000231	-0.09788823	0.00029948	-0.00025963	0.00045986
68.02	-0.00015778	-0.00022159	-0.09786961	-0.00034128	0.00086811	0.00001570
68.03	-0.00035980	0.00015469	-0.09783975	-0.00079004	0.00094846	0.00049162
68.04	0.00002353	0.00004057	-0.09800238	-0.00073582	0.00187024	0.00026126
68.05	0.00006538	-0.00003057	-0.09799059	-0.00043279	0.00007948	0.00006913
68.06	-0.00021020	0.00022943	-0.09790632	-0.00026132	0.00063376	-0.00044655
68.07	-0.00038528	0.00045009	-0.09798082	0.00052515	-0.00012836	-0.00061916
68.08	-0.00013692	0.00009950	-0.09793462	-0.00020556	0.00130296	-0.00041031
68.09	-0.00022820	0.00018191	-0.09788224	-0.00001269	0.00182233	0.00003637
68.10	-0.00006703	0.00011265	-0.09803942	-0.00017684	0.00100883	-0.00070297
68.11	0.00019634	0.00030267	-0.09771182	-0.00083150	-0.00033570	-0.00092399
68.12	0.00005117	0.00020696	-0.09772879	-0.00035629	0.00088821	-0.00004735
68.13	0.00009822	0.00022136	-0.09792692	-0.00157295	-0.00031336	-0.00076065
68.14	0.00010249	-0.00011528	-0.09790958	-0.00152912	0.00179552	-0.00119374
68.15	-0.00008422	-0.00002705	-0.09816487	-0.00026237	0.00114027	-0.00001693
68.16	-0.00002426	-0.00008525	-0.09834082	0.00003199	-0.00009669	-0.00016932
68.17	0.00005162	0.00001798	-0.09784666	-0.00113440	-0.00051797	-0.00077652
68.18	-0.00005300	0.00016601	-0.09774680	-0.00148746	-0.00031048	-0.00032306
68.19	0.00005156	0.00023548	-0.09777319	-0.00146040	-0.00087512	-0.00002807
68.20	-0.00024825	-0.00008695	-0.09795442	-0.00042242	-0.00078895	-0.00033385
68.21	-0.00013652	0.00023607	-0.09798171	-0.00081549	-0.00056072	-0.00098335
68.22	0.00008197	-0.00015942	-0.09789380	-0.00135594	-0.00048236	-0.00048696
68.23	0.00005531	0.00006258	-0.09794614	-0.00094505	-0.00042970	0.00014703
68.24	-0.00005915	0.00027087	-0.09804592	-0.00034228	-0.00102664	0.00114835
68.25	0.00006120	0.00025415	-0.09760712	-0.00097289	0.00012255	-0.00014211
68.26	-0.00022582	0.00007793	-0.09783014	-0.00207957	-0.00020885	-0.00066741
68.27	-0.00024035	-0.00007834	-0.09771575	-0.00165267	-0.00060430	-0.00048605
68.28	-0.00021956	-0.00025064	-0.09791049	-0.00076759	0.00050103	-0.00025864
68.29	0.00021266	0.00000596	-0.09776928	-0.00145645	-0.00029516	-0.00039656
68.30	0.00009696	-0.00007780	-0.09795798	-0.00034667	-0.00054959	-0.00002720
68.31	-0.00006744	-0.00012485	-0.09787475	-0.00144762	-0.00001101	-0.00087186
68.32	-0.00002909	0.00011540	-0.09793322	-0.00153735	-0.00103976	-0.00016358
68.33	0.00025025	0.00000403	-0.09798736	-0.00078213	0.00028825	-0.00047496
68.34	0.00035984	-0.00003949	-0.09810818	-0.00106352	-0.00117492	0.00065995
68.35	0.00019350	0.00003356	-0.09793196	-0.00166812	-0.00135520	-0.00006435
68.36	0.00030105	-0.00033351	-0.09774022	-0.00112311	-0.00162613	0.00048386
68.37	-0.00002547	-0.00006929	-0.09788520	-0.00079626	-0.00119969	0.00044701
68.38	0.00011010	-0.00026691	-0.09760858	-0.00088755	0.00021338	-0.00040366
68.39	-0.00002099	-0.00016890	-0.09778465	-0.00061637	-0.00121834	-0.00066980
68.40	0.00011704	-0.00018844	-0.09765635	-0.00125891	-0.00038881	-0.00008171
68.41	0.00027541	-0.00002793	-0.09807746	-0.00047752	-0.00151331	0.00135719
68.42	0.00024139	-0.00005354	-0.09798436	-0.00071513	-0.00026310	0.00084052
68.43	0.00002135	0.00006185	-0.09802080	-0.00030205	-0.00033691	-0.00084077
68.44	-0.00002001	-0.00044655	-0.09816383	-0.00027216	-0.00084012	-0.00019176
68.45	0.00011623	-0.00013541	-0.09784082	-0.00081045	-0.00007872	-0.00050698
68.46	0.00023658	-0.00030333	-0.09820856	0.00051965	-0.00039054	-0.00125298
68.47	0.00038964	-0.00027756	-0.09777375	-0.00073271	-0.00062488	-0.00044349
68.48	0.00029500	-0.00015485	-0.09737834	-0.00048204	-0.00030533	-0.00106234
68.49	0.00018639	-0.00001872	-0.09795979	0.00005113	-0.00014339	-0.00089901
68.50	0.00016172	0.00007064	-0.09771306	0.00055963	-0.00022950	-0.00059696
68.51	0.00008018	-0.00014796	-0.09748669	0.00072100	0.00053773	-0.00078493
68.52	-0.00001488	-0.00035127	-0.09794790	-0.00115840	-0.00035846	-0.00003767
68.53	0.00003062	-0.00027134	-0.09766065	-0.00084754	-0.00031158	-0.00102376
68.54	0.00012180	-0.00040982	-0.09769584	-0.00008364	0.00049395	-0.00137219
68.55	-0.00005067	-0.00007387	-0.09801949	0.00005025	-0.00072321	-0.00077177
68.56	-0.00013431	-0.00025455	-0.09782313	-0.00086432	0.00011240	-0.00074435
68.57	-0.00017555	-0.00021631	-0.09772800	-0.00095505	0.00049902	0.00025693
68.58	-0.00005299	0.00013519	-0.09773126	0.00086556	0.00013405	-0.00028587
68.59	0.00019201	-0.00018473	-0.09765798	0.00063571	0.00037766	-0.00124799
68.60	-0.00013908	0.00008462	-0.09775484	0.00032206	-0.00034567	-0.00060242
68.61	0.00003673	0.00001609	-0.09776459	0.00008121	-0.00035248	-0.00016091
68.62	-0.00004855	-0.00027753	-0.09799398	0.00057703	0.00003029	-0.00102993
68.63	-0.00017821	0.00005309	-0.09792167	0.00038810	0.00019771	-0.00061265
68.64	-0.00017513	-0.00007713	-0.09774491	-0.00012612	0.00021959	0.00029003
68.65	0.00024169	-0.00001761	-0.09789934	0.00041669	0.00007742	0.00000761
68.66	-0.00016093	0.00024210	-0.09797351	0.00001015	0.00110476	-0.00020930
68.67	-0.00012675	-0.00005018	-0.09788116	-0.00061321	0.00123674	0.00013550
68.68	-0.00001259	-0.00018626	-0.09769955	0.00080329	-0.00026922	0.00034118
68.69	-0.00022924	-0.00011828	-0.09801508	-0.00022603	0.00009975	0.00063248
68.70	-0.00012880	0.00000561	-0.09777035	-0.00103964	0.00100563	-0.00021007
68.71	-0.00031794	-0.00004064	-0.09775849	-0.00137501	0.00074245	0.00021261
68.72	-0.00006735	0.00010865	-0.09768729	0.00018229	0.00002531	0.00023365
68.73	-0.00010265	-0.00016882	-0.09776352	0.00110730	0.00024240	0.00093634
68.74	-0.00022613	0.00023028	-0.09793016	-0.00068368	0.00006684	-0.00037922
68.75	-0.00020561	-0.00020439	-0.09788864	-0.00043695	-0.00033034	-0.00043900
68.76	-0.00010451	0.00008566	-0.09801106	0.00024981	0.00109856	-0.00020553
68.77	0.00025658	-0.00003151	-0.09788136	0.00047212	-0.00015638	-0.00036890
68.78	0.00021180	0.00019124	-0.09776082	0.00060786	-0.00015194	0.00016194
68.79	0.00013617	0.00022478	-0.09803979	-0.00012575	0.00010340	0.00015612
68.80	0.00006729	-0.00045794	-0.09767934	0.00072053	0.00029569	0.00010278
68.81	0.00011708	-0.00003267	-0.09766476	-0.00037027	-0.00005518	0.00006939
68.82	-0.00004064	0.00038619	-0.09806506	-0.00039646	-0.00058925	-0.00018362
68.83	-0.00003878	0.00021012	-0.09754678	0.00024891	-0.00027907	0.00022594
68.84	-0.00003683	0.00009536	-0.09777573	-0.00007041	0.00212932	-0.00056374
68.85	0.00015839	-0.00002401	-0.09757444	0.00084264	0.00077621	-0.00012082
68.86	-0.00002965	-0.00007287	-0.09768901	-0.00105103	0.00158135	0.00019716
68.87	-0.00004242	-0.00002643	-0.09793121	-0.00123912	0.00061412	-0.00032856
68.88	-0.00006863	-0.00012817	-0.09767445	-0.00069300	0.00083235	-0.00037417
68.89	-0.00005784	0.00014607	-0.09787587	-0.00035242	0.00035635	0.00020882
68.90	0.00019423	-0.00007211	-0.09761506	-0.00083194	0.00042908	0.00032750
68.91	0.00021529	-0.00016647	-0.09782392	-0.00143679	0.00123444	-0.00033582
68.92	0.00018149	0.00026352	-0.09811971	-0.00068670	0.00089527	-0.00009433
68.93	0.00021132	-0.00002419	-0.09802870	-0.00151555	-0.00020246	-0.00011721
68.94	0.00031157	-0.00008177	-0.09810568	-0.00045791	0.00075249	0.00158012
68.95	0.00010519	-0.00000924	-0.09784581	-0.00090502	0.00053016	0.00020747
68.96	0.00010626	-0.00000918	-0.09788888	0.00062964	0.00067523	0.00002344
68.97	0.00026932	0.00007569	-0.09787591	0.00027361	0.00079780	-0.00050966
68.98	0.00043551	0.00017871	-0.09795629	-0.00018211	0.00090217	-0.00095414
68.99	0.00002853	0.00031125	-0.09777763	-0.00035102	0.00160571	-0.00013834
69.00	-0.01975979	0.00022807	-0.09773280	-0.00023123	-0.00067938	-0.00011199
69.01	-0.02003456	-0.00005302	-0.09793054	-0.00042770	0.00060771	-0.00013128
69.02	-0.01993172	-0.00001472	-0.09770775	-0.00089771	0.00156728	0.00013333
69.03	-0.02002660	0.00009811	-0.09766516	-0.00067389	0.00185375	-0.00054910
69.04	-0.02028337	0.00003749	-0.09790382	0.00002408	0.00223798	-0.00036179
69.05	-0.01997938	0.00001716	-0.09769761	0.00006847	0.00086103	-0.00059254
69.06	-0.02003560	0.00005135	-0.09824365	0.00086284	0.00127981	0.00041129
69.07	-0.02003838	0.00001686	-0.09831135	0.00112464	0.00098647	0.00032924
69.08	-0.01968209	0.00014159	-0.09823388	0.00103091	0.00116650	0.00017996
69.09	-0.02020601	0.00005301	-0.09823355	0.00062326	0.00147670	0.00008313
69.10	-0.02006680	0.00008762	-0.09801348	-0.00017374	0.00106003	-0.00001250
69.11	-0.01985035	0.00026772	-0.09802119	-0.00034776	0.00169669	0.00071043
69.12	-0.01977524	0.00006838	-0.09809122	0.00064979	0.00136942	0.00062296
69.13	-0.02004958	0.00011273	-0.09808324	0.00032756	0.00091438	0.00136606
69.14	-0.01991608	0.00013296	-0.09811830	0.00186613	0.00105638	0.00043761
69.15	-0.01979135	0.00004806	-0.09818802	0.00104115	0.00244554	0.00031488
69.16	-0.02026486	0.00030282	-0.09781195	-0.00023991	0.00089372	0.00102119
69.17	-0.01967454	0.00020621	-0.09782225	0.00234451	0.00068166	0.00088842
69.18	-0.02021985	0.00003756	-0.09796339	0.00112851	0.00066019	0.00028161
69.19	-0.01970672	0.00003803	-0.09814974	0.00046010	0.00153007	0.00057105
69.20	-0.01984554	0.00003497	-0.09808064	0.00010096	0.00067569	-0.00030170
69.21	-0.01988412	-0.00015844	-0.09820035	-0.00031844	0.00044550	0.00073559
69.22	-0.01960108	0.00006296	-0.09811351	-0.00032833	0.00047389	-0.00029561
69.23	-0.02006916	0.00003221	-0.09831840	-0.00093832	0.00067453	0.00143752
69.24	-0.01998816	0.00000288	-0.09818383	-0.00034667	-0.00067320	0.00073663
69.25	-0.02014505	-0.00002388	-0.09807045	0.00030506	0.00089136	0.00080680
69.26	-0.02036292	0.00007123	-0.09800152	-0.00089844	0.00044935	0.00121185
69.27	-0.02024076	0.00004938	-0.09792453	-0.00005905	0.00154976	0.00130454
69.28	-0.02020385	0.00052554	-0.09787595	-0.00109663	-0.00119509	0.00092400
69.29	-0.02018753	0.00016658	-0.09802337	-0.00100772	0.00004679	0.00006032
69.30	-0.02003286	0.00021358	-0.09800116	-0.00016662	-0.00083431	0.00038433
69.31	-0.01988293	0.00011404	-0.09830083	-0.00128575	-0.00032940	0.00020221
69.32	-0.01986606	0.00005885	-0.09787919	-0.00249235	0.00037041	-0.00022047
69.33	-0.01998759	0.00011866	-0.09779009	-0.00001952	0.00063793	-0.00005081
69.34	-0.01999326	0.00011888	-0.09766904	-0.00130647	-0.00037798	-0.00089863
69.35	-0.02003736	0.00022337	-0.09792749	-0.00128690	-0.00010334	-0.00055588
69.36	-0.01992168	-0.00001038	-0.09778813	-0.00100708	0.00026502	0.00011332
69.37	-0.02002141	0.00014836	-0.09813812	-0.00110189	0.00151951	-0.00043590
69.38	-0.01977633	0.00000975	-0.09806105	-0.00165787	0.00078790	-0.00045445
69.39	-0.01994649	0.00013589	-0.09796821	0.00053468	0.00106703	-0.00079283
69.40	-0.02003244	0.00017813	-0.09800422	-0.00025314	0.00150004	-0.00061388
69.41	-0.01999442	0.00000117	-0.09788829	0.00033126	0.00082004	-0.00014193
69.42	-0.02008372	0.00014553	-0.09779584	-0.00005311	0.00087189	0.00020446
69.43	-0.02013257	0.00028002	-0.09763289	-0.00114056	0.00083944	-0.00009933
69.44	-0.02020282	0.00010182	-0.09814878	-0.00045379	-0.00002417	0.00088766
69.45	-0.01988376	-0.00004773	-0.09811811	-0.00137864	0.00156371	0.00011736
69.46	-0.01996656	0.00028315	-0.09797186	-0.00118840	0.00180206	-0.00089567
69.47	-0.01979886	0.00009009	-0.09816774	-0.00029319	0.00100153	0.00002004
69.48	-0.01992478	0.00037984	-0.09808252	-0.00105299	0.00091064	-0.00017756
69.49	-0.01984745	0.00018606	-0.09810072	-0.00181554	0.00018578	0.00009104
69.50	-0.01983725	0.00026457	-0.09776763	-0.00062038	0.00112793	-0.00003449
69.51	-0.01984504	0.00050300	-0.09830759	-0.00015972	0.00053605	-0.00081468
69.52	-0.01984685	0.00008362	-0.09798836	-0.00004166	0.00008488	0.00067857
69.53	-0.01986902	0.00016393	-0.09807264	-0.00123782	0.00149731	0.00031633
69.54	-0.01971826	0.00005059	-0.09815947	0.00018423	0.00100675	-0.00010103
69.55	-0.01966140	0.00036096	-0.09825650	-0.00020711	0.00059133	-0.00078410
69.56	-0.01972737	0.00005434	-0.09791129	-0.00104273	0.00024617	-0.00025335
69.57	-0.01980598	-0.00008851	-0.09817141	-0.00000405	0.00141453	-0.00049842
69.58	-0.02026692	0.00008647	-0.09809290	0.00042634	0.00060467	-0.00039886
69.59	-0.01992061	0.00022839	-0.09804218	-0.00080643	0.00105437	0.00018668
69.60	-0.01985358	0.00019754	-0.09828621	-0.00164406	0.00067209	-0.00059793
69.61	-0.01988202	0.00026080	-0.09779355	-0.00076260	0.00097994	0.00001726
69.62	-0.02001865	0.00019763	-0.09769316	-0.00096713	0.00025892	-0.00022078
69.63	-0.01990609	0.00026068	-0.09800417	-0.00031457	0.00019222	-0.00032530
69.64	-0.02008194	0.00001626	-0.09792777	0.00024282	0.00114088	-0.00103440
69.65	-0.01986364	0.00019922	-0.09787654	0.00114769	0.00051136	0.00000075
69.66	-0.01993267	0.00029881	-0.09796153	0.00048163	0.00051334	-0.00043577
69.67	-0.02007685	0.00056042	-0.09813193	0.00022497	0.00062950	-0.00070803
69.68	-0.02049978	0.00008503	-0.09824475	-0.00037885	0.00141587	-0.00023991
69.69	-0.02004521	0.00023620	-0.09803091	0.00039957	-0.00003289	-0.00073765
69.70	-0.02017761	0.00031016	-0.09795786	0.00078129	0.00035909	-0.00041764
69.71	-0.02037363	0.00007663	-0.09775516	0.00124846	0.00010786	-0.00086512
69.72	-0.02012483	0.00016405	-0.09799510	0.00049620	0.00025043	-0.00038136
69.73	-0.02016225	0.00016797	-0.09748693	-0.00103263	0.00045549	-0.00021663
69.74	-0.02051470	-0.00018319	-0.09769834	-0.00005352	0.00151727	-0.00107977
69.75	-0.02023552	0.00009159	-0.09795032	0.00072854	0.00115345	-0.00015878
69.76	-0.01996169	0.00015473	-0.09773994	0.00155887	0.00191029	-0.00108223
69.77	-0.02016730	-0.00004789	-0.09780963	0.00048342	0.00238725	-0.00195788
69.78	-0.02015144	0.00029118	-0.09801868	-0.00049600	0.00140023	-0.00082538
69.79	-0.02007084	-0.00009172	-0.09807038	0.00115945	0.00138406	-0.00045641
69.80	-0.02000187	0.00006490	-0.09783034	-0.00037700	0.00152974	-0.00137423
69.81	-0.01998545	0.00010498	-0.09796012	0.00126174	0.00029858	0.00060056
69.82	-0.01985126	0.00010580	-0.09776533	0.00066142	0.00035516	-0.00059033
69.83	-0.01988995	-0.00005023	-0.09748904	0.00074473	-0.00043352	-0.00022125
69.84	-0.01991896	0.00006834	-0.09768606	0.00049986	0.00005395	-0.00050078
69.85	-0.01999140	0.00000779	-0.09783951	0.00014777	0.00084880	0.00029816
69.86	-0.02002443	0.00021119	-0.09818585	-0.00016494	0.00086497	-0.00039686
69.87	-0.02000314	-0.00002093	-0.09793345	0.00110081	0.00087482	-0.00021367
69.88	-0.01980308	0.00003265	-0.09786430	0.00054148	0.00120375	-0.00125615
69.89	-0.02022234	0.00014569	-0.09768287	0.00092506	0.00023380	-0.00054094
69.90	-0.02003950	0.00011618	-0.09787678	-0.00012830	0.00012265	-0.00044492
69.91	-0.02021681	-0.00001775	-0.09781718	0.00045065	0.00088598	-0.00068202
69.92	-0.01996141	0.00021571	-0.09797098	0.00001268	0.00161427	-0.00018925
69.93	-0.01981706	-0.00018736	-0.09800532	0.00010653	0.00132334	-0.00018953
69.94	-0.01988832	0.00003339	-0.09787632	-0.00068534	0.00196802	-0.00074053
69.95	-0.01998202	-0.00007663	-0.09789587	0.00097560	0.00169931	0.00054282
69.96	-0.02007391	-0.00012117	-0.09797049	0.00082819	0.00107105	0.00057275
69.97	-0.02002152	0.00009101	-0.09803572	0.00053275	0.00080039	-0.00005206
69.98	-0.02005485	-0.00000122	-0.09810894	0.00101653	0.00090900	0.00029231
69.99	-0.01961514	0.00035230	-0.09828439	0.00028865	0.00029298	-0.00026028
70.00	-0.01997699	0.00014200	-0.09806986	0.00197680	0.00003529	0.00027308
