0.00	-0.00009066	-0.00000605	-0.09820395	-0.00020943	-0.00008393	0.00010311
0.01	0.00081099	-0.00011894	-0.09792106	0.00031586	0.44957375	0.00086175
0.02	0.00166379	-0.00004977	-0.09790230	-0.00088169	0.44938473	0.00073062
0.03	0.00229985	0.00013621	-0.09787812	-0.00000104	0.45072782	0.00146403
0.04	0.00303019	-0.00011584	-0.09796376	-0.00060407	0.44968543	0.00107508
0.05	0.00412434	0.00007154	-0.09790619	0.00037593	0.45074276	0.00067334
0.06	0.00447661	0.00010061	-0.09794271	-0.00040563	0.45021188	0.00058588
0.07	0.00509367	-0.00013908	-0.09779461	0.00090394	0.45062898	0.00141784
0.08	0.00613366	-0.00022881	-0.09773115	-0.00058804	0.45105089	0.00082060
0.09	0.00666679	0.00004773	-0.09762474	-0.00117071	0.44999379	0.00088813
0.10	0.00777880	0.00012943	-0.09761495	-0.00181784	0.45028922	0.00135137
0.11	0.00849020	0.00019104	-0.09765917	-0.00113854	0.45044293	0.00126188
0.12	0.00922621	0.00013374	-0.09728600	-0.00155550	0.44992822	0.00169240
0.13	0.00993831	-0.00000320	-0.09725519	-0.00118800	0.45067624	0.00169975
0.14	0.01064045	0.00015905	-0.09730498	-0.00024718	0.45014401	0.00103899
0.15	0.01161523	-0.00011617	-0.09739254	-0.00059860	0.45014712	0.00127932
0.16	0.01238965	0.00026581	-0.09704452	-0.00044557	0.45017986	0.00088388
0.17	0.01315952	-0.00000333	-0.09729101	0.00016882	0.45036089	0.00078987
0.18	0.01397942	-0.00007482	-0.09704460	0.00063260	0.45013427	0.00039589
0.19	0.01471204	-0.00007688	-0.09670012	-0.00023638	0.45081564	0.00101851
0.20	0.01541752	0.00008862	-0.09692461	0.00035165	0.45056232	0.00193134
0.21	0.01621764	-0.00019651	-0.09665223	0.00052960	0.45132659	0.00148662
0.22	0.01715324	-0.00003438	-0.09656694	-0.00016323	0.45186349	0.00080933
0.23	0.01775279	0.00027038	-0.09609874	0.00016492	0.45086746	0.00109710
0.24	0.01855624	0.00013526	-0.09620862	0.00034626	0.44976626	0.00072510
0.25	0.01901185	0.00012456	-0.09626049	0.00014267	0.45065169	0.00002992
0.26	0.02011642	0.00044927	-0.09593639	-0.00101454	0.45083736	0.00080927
0.27	0.02090365	0.00013146	-0.09545502	-0.00020852	0.45080748	-0.00005884
0.28	0.02150240	0.00006588	-0.09560774	-0.00072301	0.45035191	0.00053020
0.29	0.02217650	-0.00008079	-0.09529737	0.00039752	0.44977645	0.00046256
0.30	0.02282653	0.00017231	-0.09521034	0.00003971	0.45070333	0.00070408
0.31	0.02377368	0.00015457	-0.09480713	-0.00012438	0.45044584	0.00043110
0.32	0.02446123	0.00015378	-0.09487758	0.00019697	0.45059063	0.00041512
0.33	0.02529067	0.00023088	-0.09451537	0.00012749	0.44950218	0.00033137
0.34	0.02585847	0.00025842	-0.09427439	-0.00052880	0.44957875	0.00068902
0.35	0.02639759	-0.00004686	-0.09430300	0.00039025	0.44965649	0.00001228
0.36	0.02740370	0.00029757	-0.09389903	0.00063729	0.44957378	0.00019414
0.37	0.02827801	0.00009319	-0.09386853	-0.00015420	0.44932246	0.00022647
0.38	0.02910460	0.00006067	-0.09364440	0.00031554	0.45081963	-0.00000718
0.39	0.03004979	0.00027807	-0.09330398	-0.00051387	0.44999727	-0.00018197
0.40	0.03006277	0.00025420	-0.09266659	-0.00010994	0.44885569	0.00096939
0.41	0.03119122	0.00002238	-0.09284987	-0.00027684	0.44971718	0.00080658
0.42	0.03150259	-0.00000324	-0.09243731	-0.00021851	0.45013840	0.00048658
0.43	0.03257003	0.00000502	-0.09228771	-0.00086523	0.44962999	0.00043622
0.44	0.03343590	-0.00025999	-0.09237129	-0.00149569	0.44994373	0.00084029
0.45	0.03397298	-0.00012691	-0.09153408	-0.00075655	0.45153061	0.00038322
0.46	0.03461960	-0.00006317	-0.09140933	-0.00061491	0.45108739	0.00018343
0.47	0.03581086	-0.00004696	-0.09113388	-0.00026042	0.45132367	0.00000148
0.48	0.03627148	0.00009997	-0.09103559	-0.00056294	0.45024388	0.00121486
0.49	0.03719079	-0.00014763	-0.09089601	-0.00011430	0.45086503	0.00122892
0.50	0.03765218	-0.00004429	-0.09064674	0.00064053	0.45042787	0.00138179
0.51	0.03808949	-0.00019448	-0.09004528	-0.00002482	0.45049770	-0.00090390
0.52	0.03878554	0.00016671	-0.08990128	-0.00102425	0.45140121	-0.00058154
0.53	0.03930928	-0.00016509	-0.08963239	-0.00161089	0.45118909	-0.00042387
0.54	0.04034657	-0.00019709	-0.08915368	-0.00103671	0.45133982	-0.00026409
0.55	0.04104591	-0.00046980	-0.08892935	-0.00061890	0.45065523	0.00019348
0.56	0.04157613	-0.00011883	-0.08817583	-0.00138623	0.45109241	0.00021132
0.57	0.04253511	0.00016290	-0.08835996	-0.00028122	0.44970266	0.00003915
0.58	0.04312218	0.00026741	-0.08775620	-0.00098809	0.44939643	0.00007120
0.59	0.04359731	0.00010278	-0.08748056	0.00012595	0.45046187	0.00031695
0.60	0.04441034	-0.00007815	-0.08714490	0.00073707	0.45065356	0.00004541
0.61	0.04518155	0.00011282	-0.08688698	-0.00026135	0.45018308	0.00099522
0.62	0.04578632	-0.00004021	-0.08653845	-0.00103522	0.45086731	0.00065944
0.63	0.04653901	-0.00021708	-0.08619634	-0.00040749	0.45108162	0.00040292
0.64	0.04708586	0.00029402	-0.08585310	-0.00106330	0.45126479	0.00002903
0.65	0.04788803	0.00009061	-0.08556641	-0.00003324	0.45010569	0.00016902
0.66	0.04852890	-0.00011162	-0.08526245	-0.00109095	0.44965759	0.00145191
0.67	0.04945665	0.00006566	-0.08481866	-0.00026342	0.44993982	0.00011866
0.68	0.04995600	-0.00006033	-0.08450034	-0.00052369	0.44995938	0.00072794
0.69	0.05077339	-0.00010695	-0.08411030	0.00002596	0.44977873	0.00099645
0.70	0.05113154	0.00013887	-0.08354029	0.00048802	0.45115737	0.00138437
0.71	0.05199980	-0.00019207	-0.08345470	-0.00025049	0.45169502	0.00015225
0.72	0.05261834	-0.00011379	-0.08299644	-0.00004604	0.45039818	0.00071781
0.73	0.05324925	-0.00000517	-0.08237619	-0.00072639	0.45046808	0.00013219
0.74	0.05387657	0.00012150	-0.08235614	-0.00044690	0.45013836	-0.00063095
0.75	0.05439072	-0.00035453	-0.08141481	-0.00020367	0.45026262	0.00031796
0.76	0.05520591	0.00005806	-0.08117521	-0.00073219	0.44946814	0.00092308
0.77	0.05542967	-0.00002631	-0.08093424	0.00000402	0.45100458	-0.00066890
0.78	0.05639126	0.00005889	-0.08014399	0.00005232	0.45089501	0.00013879
0.79	0.05697323	0.00012953	-0.07936106	-0.00004636	0.45020455	-0.00034532
0.80	0.05739884	-0.00000650	-0.07952891	0.00087123	0.45042373	0.00074172
0.81	0.05845779	0.00009443	-0.07900040	0.00071338	0.45134715	-0.00011447
0.82	0.05865275	0.00007940	-0.07831635	0.00110894	0.45153243	0.00037318
0.83	0.05951190	0.00016851	-0.07778410	0.00078170	0.44938210	0.00090678
0.84	0.06010820	0.00005613	-0.07715284	0.00081790	0.44992072	-0.00041803
0.85	0.06084205	0.00039734	-0.07697511	0.00147305	0.44983177	0.00090524
0.86	0.06129853	0.00024311	-0.07674042	0.00063296	0.44945337	0.00078078
0.87	0.06207420	0.00020478	-0.07630173	0.00016487	0.45003458	0.00008231
0.88	0.06251214	0.00014713	-0.07561015	0.00024996	0.45032781	-0.00009627
0.89	0.06318032	0.00008128	-0.07479218	0.00113416	0.44967695	-0.00004639
0.90	0.06393574	0.00036230	-0.07446435	0.00048553	0.45039285	-0.00027893
0.91	0.06448481	0.00027864	-0.07422452	0.00051206	0.45107491	0.00121510
0.92	0.06469169	0.00032061	-0.07352958	-0.00021819	0.45107187	0.00092393
0.93	0.06543129	0.00000859	-0.07309920	0.00002052	0.45068921	0.00132151
0.94	0.06577306	0.00025961	-0.07247533	0.00044260	0.45070672	-0.00020511
0.95	0.06659007	0.00026069	-0.07198170	0.00103604	0.45052368	0.00006918
0.96	0.06699667	-0.00011061	-0.07163145	0.00042378	0.45140306	0.00017364
0.97	0.06782140	-0.00005950	-0.07105328	-0.00004238	0.45135108	-0.00039673
0.98	0.06809266	-0.00028192	-0.07028108	0.00012102	0.45045081	0.00010444
0.99	0.06881352	0.00003019	-0.06997492	-0.00034118	0.45096049	-0.00006867
1.00	0.06793288	0.00001082	-0.07030485	-0.00002273	-0.44937293	0.00076165
1.01	0.06775507	-0.00001604	-0.07099855	-0.00130048	-0.44974597	0.00107760
1.02	0.06700643	-0.00026531	-0.07148448	-0.00022691	-0.44771860	0.00116096
1.03	0.06670754	0.00001335	-0.07216193	0.00016507	-0.44748942	0.00086004
1.04	0.06546129	0.00002768	-0.07236283	0.00011547	-0.44854668	0.00154623
1.05	0.06516459	0.00018416	-0.07332961	-0.00044208	-0.44954770	0.00177860
1.06	0.06478539	0.00017373	-0.07356350	-0.00037801	-0.44856429	0.00051605
1.07	0.06424005	-0.00020361	-0.07406035	-0.00094460	-0.44891494	0.00006530
1.08	0.06382704	0.00016800	-0.07482132	-0.00115664	-0.44978381	0.00112464
1.09	0.06321099	0.00006467	-0.07511694	-0.00105650	-0.45074744	0.00034813
1.10	0.06244216	0.00011439	-0.07568252	-0.00061274	-0.44970614	0.00072688
1.11	0.06177496	0.00015031	-0.07577750	0.00024710	-0.44895763	0.00104221
1.12	0.06125773	0.00014361	-0.07639524	-0.00001211	-0.44871953	-0.00021423
1.13	0.06067400	-0.00011137	-0.07676613	-0.00051611	-0.44976875	-0.00013153
1.14	0.06022649	0.00002861	-0.07733036	-0.00032747	-0.44881327	0.00012494
1.15	0.05947469	-0.00015270	-0.07766897	-0.00071471	-0.44922355	0.00097792
1.16	0.05860943	0.00005057	-0.07828293	0.00066861	-0.44986808	0.00007900
1.17	0.05794874	-0.00014810	-0.07858423	-0.00058906	-0.44950716	0.00063656
1.18	0.05757909	0.00013649	-0.07913396	-0.00189431	-0.44964537	0.00044468
1.19	0.05692332	-0.00023322	-0.07994863	-0.00066289	-0.44921378	0.00092574
1.20	0.05614407	-0.00008602	-0.07973049	-0.00068643	-0.44938348	0.00070900
1.21	0.05552665	0.00024705	-0.08035685	0.00042921	-0.44940201	0.00013950
1.22	0.05503307	0.00000286	-0.08076088	0.00044823	-0.44928146	0.00018557
1.23	0.05429074	0.00021477	-0.08121600	0.00083537	-0.44874661	0.00006520
1.24	0.05364430	0.00002662	-0.08178555	-0.00026974	-0.44952344	0.00076701
1.25	0.05302395	-0.00010315	-0.08189350	0.00025337	-0.45028519	0.00080816
1.26	0.05266011	0.00024526	-0.08254215	0.00038520	-0.44914936	0.00032674
1.27	0.05193289	-0.00014693	-0.08334845	-0.00045707	-0.44986209	0.00036373
1.28	0.05110742	-0.00010322	-0.08351361	-0.00053751	-0.44966853	0.00030505
1.29	0.05048220	-0.00003636	-0.08406307	-0.00063710	-0.44979805	0.00099013
1.30	0.05000728	0.00029885	-0.08393664	-0.00015243	-0.44884039	-0.00016715
1.31	0.04891951	0.00018014	-0.08468002	-0.00087090	-0.44884038	0.00062277
1.32	0.04850715	0.00056949	-0.08495256	-0.00050713	-0.44977027	0.00046334
1.33	0.04781516	0.00027333	-0.08561471	0.00000715	-0.44955504	0.00025599
1.34	0.04740501	0.00015983	-0.08593103	0.00014313	-0.44957232	-0.00077390
1.35	0.04662913	-0.00001006	-0.08657406	-0.00001830	-0.45068724	0.00056140
1.36	0.04595613	0.00009605	-0.08653517	0.00081729	-0.44941815	-0.00052118
1.37	0.04491901	0.00012219	-0.08682744	-0.00135254	-0.44827509	0.00003599
1.38	0.04433016	0.00001995	-0.08714985	-0.00060953	-0.44939911	0.00017498
1.39	0.04361371	-0.00026314	-0.08730060	-0.00095231	-0.44826910	-0.00030830
1.40	0.04292970	-0.00011609	-0.08763771	-0.00105352	-0.45026903	-0.00090906
1.41	0.04242835	0.00002080	-0.08817411	-0.00075430	-0.44997973	-0.00043382
1.42	0.04162405	-0.00013293	-0.08829755	0.00032269	-0.44957565	-0.00016655
1.43	0.04095429	0.00016725	-0.08850201	-0.00019730	-0.44880364	-0.00017234
1.44	0.04035640	-0.00012954	-0.08858108	-0.00043845	-0.44914657	0.00092024
1.45	0.03963167	-0.00023056	-0.08915240	0.00180040	-0.44879061	0.00037193
1.46	0.03888007	-0.00026310	-0.09003321	-0.00054265	-0.44929426	0.00030111
1.47	0.03820323	-0.00024638	-0.08998197	0.00005865	-0.44987089	0.00122786
1.48	0.03773539	0.00011483	-0.09002491	0.00010743	-0.45024334	0.00037771
1.49	0.03673120	-0.00005963	-0.09062022	-0.00062503	-0.45088642	-0.00007641
1.50	0.03647787	-0.00002366	-0.09059516	-0.00073816	-0.45002954	-0.00070701
1.51	0.03553002	-0.00005930	-0.09097021	-0.00082567	-0.44964558	-0.00024515
1.52	0.03473282	0.00012968	-0.09155391	-0.00014528	-0.45002017	0.00048335
1.53	0.03399580	0.00002089	-0.09192134	-0.00011106	-0.45025632	0.00128429
1.54	0.03353290	-0.00011922	-0.09176930	-0.00036654	-0.45003553	0.00101071
1.55	0.03247047	0.00004313	-0.09225958	0.00022412	-0.44974819	-0.00020218
1.56	0.03164666	-0.00004698	-0.09266839	0.00041490	-0.45037638	0.00062582
1.57	0.03128621	-0.00008546	-0.09289039	-0.00068594	-0.44976865	0.00047620
1.58	0.03025493	-0.00019820	-0.09283361	-0.00030308	-0.45016778	0.00100765
1.59	0.02950845	-0.00013078	-0.09318241	-0.00167186	-0.45048090	0.00152872
1.60	0.02876034	-0.00022250	-0.09349646	-0.00052886	-0.44946264	0.00096188
1.61	0.02806661	-0.00000298	-0.09374556	-0.00022831	-0.44949123	0.00023353
1.62	0.02764396	0.00012280	-0.09403470	-0.00035177	-0.44962584	0.00103326
1.63	0.02668532	0.00030915	-0.09462767	0.00070280	-0.44912261	0.00024405
1.64	0.02616118	0.00018697	-0.09450437	-0.00059793	-0.44949112	0.00125185
1.65	0.02526781	0.00045555	-0.09431460	-0.00048064	-0.44915002	0.00094609
1.66	0.02444523	0.00015493	-0.09482201	-0.00018286	-0.44912150	0.00031472
1.67	0.02377663	0.00007939	-0.09479305	-0.00044318	-0.44843895	0.00082247
1.68	0.02271582	0.00017066	-0.09540215	-0.00060468	-0.44834627	0.00070807
1.69	0.02204780	-0.00009130	-0.09549425	-0.00069390	-0.44897411	0.00022898
1.70	0.02140277	0.00027504	-0.09568510	-0.00072454	-0.44942795	0.00110390
1.71	0.02073782	-0.00030439	-0.09588005	-0.00027765	-0.44885833	0.00034078
1.72	0.01983624	-0.00013526	-0.09587546	-0.00002271	-0.44975137	0.00106831
1.73	0.01908048	0.00027208	-0.09590597	-0.00008501	-0.44926804	0.00135268
1.74	0.01874522	0.00040777	-0.09595886	-0.00034659	-0.44952112	0.00098835
1.75	0.01767138	-0.00000295	-0.09646284	-0.00058820	-0.44840515	-0.00077787
1.76	0.01703116	0.00033242	-0.09621169	-0.00024940	-0.44903770	-0.00011217
1.77	0.01597822	0.00005701	-0.09646625	-0.00019960	-0.44846532	0.00031057
1.78	0.01507243	0.00034604	-0.09685516	-0.00000994	-0.44924318	0.00062271
1.79	0.01438680	0.00017311	-0.09662774	-0.00041586	-0.44849796	-0.00001501
1.80	0.01360484	0.00042000	-0.09706281	-0.00019440	-0.44952079	-0.00004718
1.81	0.01323778	0.00027508	-0.09717520	0.00026560	-0.44905452	0.00022489
1.82	0.01228593	0.00025057	-0.09725291	0.00012058	-0.44989432	-0.00033737
1.83	0.01178363	0.00014981	-0.09728404	-0.00073545	-0.44958228	0.00044213
1.84	0.01065264	0.00030025	-0.09747157	-0.00111934	-0.44928353	-0.00023194
1.85	0.00992496	0.00009162	-0.09763803	0.00028985	-0.44966531	0.00047049
1.86	0.00895606	0.00026675	-0.09746605	-0.00022317	-0.44978809	-0.00033217
1.87	0.00844483	0.00022980	-0.09731971	-0.00004480	-0.44946983	0.00009816
1.88	0.00756171	0.00004719	-0.09792929	0.00043589	-0.44947498	0.00069706
1.89	0.00699197	-0.00021141	-0.09806671	-0.00023085	-0.44929174	0.00009430
1.90	0.00620206	-0.00015651	-0.09791671	-0.00095452	-0.44885338	0.00104402
1.91	0.00536613	0.00005552	-0.09745270	0.00022762	-0.45062598	0.00040319
1.92	0.00449207	0.00000724	-0.09813764	0.00064562	-0.45039144	0.00088387
1.93	0.00400083	0.00000992	-0.09819198	0.00033350	-0.45086970	0.00152562
1.94	0.00289127	-0.00037505	-0.09782798	-0.00095351	-0.45044704	0.00061721
1.95	0.00237937	0.00027384	-0.09792213	-0.00003045	-0.45110927	0.00104617
1.96	0.00140187	0.00005555	-0.09809540	0.00085461	-0.45063461	0.00145923
1.97	0.00094339	-0.00001148	-0.09770801	0.00078218	-0.45089556	0.00137997
1.98	-0.00014583	0.00000068	-0.09802765	-0.00005767	-0.45086895	0.00081853
1.99	-0.00093185	-0.00014749	-0.09797619	0.00107238	-0.45017112	0.00115344
2.00	-0.00127911	0.00017326	-0.09807453	0.00056270	-0.45048413	0.00036804
2.01	-0.00196689	-0.00004960	-0.09792395	-0.00019263	-0.45095750	0.00004262
2.02	-0.00261499	0.00011275	-0.09791286	-0.00049272	-0.44916235	0.00089697
2.03	-0.00367869	-0.00038637	-0.09807327	0.00065248	-0.45058815	0.00039159
2.04	-0.00451291	-0.00021224	-0.09823536	0.00009078	-0.45068719	0.00001263
2.05	-0.00523198	0.00003275	-0.09775876	0.00077682	-0.44821413	0.00088329
2.06	-0.00628987	-0.00008868	-0.09784560	0.00055829	-0.44919934	-0.00006592
2.07	-0.00685354	0.00017386	-0.09758138	0.00048418	-0.44967208	0.00034773
2.08	-0.00769437	-0.00016296	-0.09786407	-0.00050983	-0.45039514	0.00043286
2.09	-0.00839981	0.00021671	-0.09733577	0.00013132	-0.44927390	0.00067748
2.10	-0.00961932	0.00027995	-0.09757594	0.00069354	-0.44970597	-0.00015797
2.11	-0.01027462	0.00012436	-0.09744257	-0.00061077	-0.44985486	-0.00038560
2.12	-0.01112931	0.00005459	-0.09727284	-0.00122088	-0.45096716	0.00039172
2.13	-0.01188154	-0.00003328	-0.09727764	0.00035418	-0.45087961	0.00018449
2.14	-0.01258648	0.00001837	-0.09709298	0.00035902	-0.45051468	0.00088747
2.15	-0.01305626	-0.00002645	-0.09683597	-0.00031104	-0.45041442	0.00065962
2.16	-0.01420946	0.00000586	-0.09707746	0.00014123	-0.45098903	-0.00028843
2.17	-0.01469040	-0.00016333	-0.09688605	-0.00038063	-0.45037368	0.00113543
2.18	-0.01545077	0.00015600	-0.09689012	-0.00022676	-0.44934415	0.00077369
2.19	-0.01625363	-0.00011090	-0.09665082	-0.00010941	-0.45046967	0.00095077
2.20	-0.01685842	-0.00006450	-0.09627340	-0.00003250	-0.45013664	0.00021288
2.21	-0.01772539	-0.00002654	-0.09616035	0.00052661	-0.45025286	0.00008092
2.22	-0.01840544	0.00024100	-0.09577874	-0.00015180	-0.45038162	0.00060140
2.23	-0.01955542	0.00013520	-0.09593242	-0.00059027	-0.44945172	0.00046349
2.24	-0.02017093	0.00027624	-0.09575301	-0.00047609	-0.44997022	0.00014977
2.25	-0.02101435	-0.00004088	-0.09570344	-0.00035545	-0.44965780	0.00031361
2.26	-0.02178340	-0.00005294	-0.09532530	-0.00028637	-0.44910357	0.00050303
2.27	-0.02239561	0.00011639	-0.09511293	0.00043211	-0.45060494	-0.00050423
2.28	-0.02273224	-0.00032582	-0.09512949	0.00040135	-0.44997876	-0.00130426
2.29	-0.02364059	-0.00022168	-0.09493092	-0.00019869	-0.44911644	-0.00016718
2.30	-0.02466007	-0.00006804	-0.09473773	0.00040260	-0.44993392	-0.00004888
2.31	-0.02529797	0.00006773	-0.09469173	-0.00047677	-0.45036377	0.00056470
2.32	-0.02575868	0.00006722	-0.09425851	0.00007189	-0.44992123	0.00043515
2.33	-0.02649531	0.00008423	-0.09422735	-0.00046745	-0.45057797	0.00052050
2.34	-0.02720644	0.00011624	-0.09380680	-0.00029045	-0.45039528	0.00047057
2.35	-0.02808879	0.00000973	-0.09374325	0.00009670	-0.45056270	-0.00060332
2.36	-0.02917176	0.00004741	-0.09376861	0.00083944	-0.45033790	0.00017381
2.37	-0.02932058	0.00021385	-0.09324550	-0.00046122	-0.45061295	-0.00031191
2.38	-0.03024745	0.00008494	-0.09294916	0.00042597	-0.45082068	0.00024943
2.39	-0.03112990	-0.00013884	-0.09303332	0.00025236	-0.45087359	-0.00023926
2.40	-0.03170394	-0.00015705	-0.09271477	-0.00004122	-0.45031964	0.00037619
2.41	-0.03280397	-0.00007556	-0.09239362	-0.00026216	-0.45019823	-0.00017795
2.42	-0.03319164	0.00024529	-0.09219572	-0.00060029	-0.45041112	0.00011565
2.43	-0.03382080	-0.00000812	-0.09191885	0.00036680	-0.45099222	-0.00028665
2.44	-0.03479658	0.00021268	-0.09165846	-0.00066785	-0.45026180	0.00009355
2.45	-0.03560075	0.00011426	-0.09132607	0.00044047	-0.44974117	-0.00056073
2.46	-0.03600408	0.00008691	-0.09111207	-0.00033788	-0.44998147	0.00055124
2.47	-0.03700783	0.00009787	-0.09073996	0.00039041	-0.45047740	-0.00002252
2.48	-0.03733982	-0.00002896	-0.08997717	-0.00046269	-0.45014309	-0.00055696
2.49	-0.03822516	0.00020424	-0.08989946	0.00067169	-0.45077162	-0.00050795
2.50	-0.03892120	-0.00029254	-0.08985744	0.00074020	-0.45000400	-0.00064856
2.51	-0.03991187	0.00011670	-0.08974779	0.00057010	-0.45025288	-0.00014394
2.52	-0.04042026	-0.00009698	-0.08922322	-0.00052733	-0.45099752	-0.00054910
2.53	-0.04116552	-0.00036219	-0.08881319	0.00006390	-0.44967223	-0.00026230
2.54	-0.04177544	0.00001098	-0.08853244	0.00030460	-0.44920978	0.00077063
2.55	-0.04262226	0.00008951	-0.08840833	-0.00095537	-0.44920329	0.00007171
2.56	-0.04323552	-0.00020898	-0.08784382	-0.00005038	-0.44944778	-0.00065993
2.57	-0.04372109	0.00001421	-0.08769648	-0.00007069	-0.44959238	-0.00114728
2.58	-0.04476011	-0.00014671	-0.08717527	-0.00008288	-0.44932561	-0.00032156
2.59	-0.04508832	0.00002489	-0.08718110	0.00053408	-0.44953616	-0.00050020
2.60	-0.04589204	-0.00026178	-0.08644317	0.00050940	-0.44975972	0.00063410
2.61	-0.04655642	0.00023891	-0.08603601	-0.00035017	-0.45068413	0.00189176
2.62	-0.04742383	-0.00001285	-0.08574514	0.00029419	-0.45006785	0.00106367
2.63	-0.04809720	0.00019904	-0.08519208	-0.00022660	-0.44899094	-0.00004416
2.64	-0.04864075	0.00002594	-0.08509390	-0.00010370	-0.44886771	-0.00040462
2.65	-0.04932947	-0.00010933	-0.08440992	0.00144279	-0.45007336	0.00054049
2.66	-0.05007274	0.00007950	-0.08412128	0.00028630	-0.45026055	0.00042612
2.67	-0.05059471	0.00001736	-0.08367428	0.00087670	-0.45083305	-0.00041749
2.68	-0.05160099	0.00022859	-0.08302107	0.00066989	-0.45013698	0.00018256
2.69	-0.05195345	0.00000984	-0.08289340	0.00062647	-0.45106699	-0.00044786
2.70	-0.05254212	0.00017386	-0.08270458	0.00053091	-0.45012250	0.00049437
2.71	-0.05318531	0.00013958	-0.08191824	-0.00013795	-0.45113009	0.00071074
2.72	-0.05409514	0.00024794	-0.08165896	-0.00028586	-0.44934589	0.00038165
2.73	-0.05469440	-0.00001546	-0.08094733	-0.00064216	-0.44957500	-0.00008128
2.74	-0.05499522	0.00039745	-0.08079019	-0.00003132	-0.44883712	-0.00038481
2.75	-0.05601053	0.00023951	-0.08019813	-0.00146456	-0.44946130	-0.00078420
2.76	-0.05627074	0.00012657	-0.07973999	-0.00002268	-0.45060603	0.00013052
2.77	-0.05712044	0.00009388	-0.07942290	0.00006378	-0.45021279	-0.00099372
2.78	-0.05754156	0.00001258	-0.07929313	-0.00070876	-0.45078262	-0.00024964
2.79	-0.05836759	0.00004698	-0.07859098	-0.00063653	-0.44964124	0.00009306
2.80	-0.05881759	0.00033360	-0.07813925	0.00028906	-0.45117692	-0.00102342
2.81	-0.05936633	0.00022296	-0.07772269	-0.00035753	-0.44963391	-0.00053182
2.82	-0.06009608	0.00025336	-0.07749644	-0.00054030	-0.45081486	-0.00080822
2.83	-0.06080892	0.00015107	-0.07677426	0.00051180	-0.45049375	-0.00095939
2.84	-0.06144272	0.00005808	-0.07637905	0.00061844	-0.45047004	-0.00088961
2.85	-0.06187623	0.00017753	-0.07572324	0.00091654	-0.45017434	-0.00073691
2.86	-0.06251602	0.00025131	-0.07513257	0.00052239	-0.45061460	-0.00005839
2.87	-0.06312274	-0.00004008	-0.07471641	0.00054536	-0.45175136	-0.00056966
2.88	-0.06369220	-0.00001844	-0.07453759	-0.00017894	-0.45155978	-0.00041717
2.89	-0.06415416	0.00015373	-0.07391810	0.00036430	-0.45022990	0.00008629
2.90	-0.06508543	0.00018127	-0.07342880	-0.00058648	-0.45094854	0.00018560
2.91	-0.06559127	0.00011846	-0.07310984	-0.00074772	-0.45006538	0.00022103
2.92	-0.06595621	0.00009023	-0.07238945	0.00123603	-0.45049757	0.00105387
2.93	-0.06659532	0.00003515	-0.07161427	-0.00026676	-0.44984875	0.00014188
2.94	-0.06683451	-0.00010308	-0.07119637	-0.00058720	-0.45083929	-0.00077279
2.95	-0.06741541	0.00006309	-0.07083085	-0.00052346	-0.45056734	-0.00077069
2.96	-0.06834367	0.00010311	-0.07011732	-0.00005283	-0.44998977	-0.00009004
2.97	-0.06875388	-0.00018513	-0.06985597	0.00006422	-0.45007823	-0.00123523
2.98	-0.06915373	-0.00010624	-0.06906847	-0.00021447	-0.45040166	0.00033586
2.99	-0.06987238	0.00000949	-0.06863186	0.00012472	-0.45078611	0.00038475
3.00	-0.06951985	-0.00007790	-0.06901016	-0.00029456	0.44945356	0.00088024
3.01	-0.06847481	0.00000160	-0.06984307	-0.00048340	0.44927284	0.00099775
3.02	-0.06837042	0.00017729	-0.07030653	0.00017271	0.45020992	0.00037271
3.03	-0.06798787	0.00003794	-0.07101907	-0.00145776	0.44903924	0.00047148
3.04	-0.06691878	-0.00013821	-0.07141997	-0.00102452	0.44943058	0.00024287
3.05	-0.06678932	-0.00009508	-0.07183613	-0.00054327	0.44913928	0.00061596
3.06	-0.06579830	-0.00014720	-0.07229988	-0.00026211	0.44888042	0.00100295
3.07	-0.06544291	0.00003616	-0.07307641	-0.00113279	0.44888647	0.00091796
3.08	-0.06467733	0.00009165	-0.07348029	-0.00115596	0.45017557	0.00065634
3.09	-0.06404115	0.00020470	-0.07401721	0.00033155	0.44913353	0.00081192
3.10	-0.06348385	-0.00002505	-0.07442829	0.00051265	0.44995203	0.00096012
3.11	-0.06303609	0.00014961	-0.07513491	-0.00093933	0.45100242	0.00115049
3.12	-0.06244975	0.00025609	-0.07545949	-0.00076394	0.45008669	0.00065855
3.13	-0.06209791	0.00019942	-0.07614225	-0.00074034	0.44943453	0.00093584
3.14	-0.06138952	0.00017111	-0.07649553	-0.00107540	0.45074092	0.00068813
3.15	-0.06052281	0.00017750	-0.07685216	-0.00090591	0.44992186	-0.00039149
3.16	-0.06029822	0.00002745	-0.07714639	-0.00113824	0.44990305	0.00040565
3.17	-0.05952893	0.00014839	-0.07800999	-0.00069748	0.45027512	-0.00044170
3.18	-0.05890257	-0.00014367	-0.07815968	0.00038881	0.45077398	-0.00106764
3.19	-0.05820474	0.00001567	-0.07858541	-0.00009998	0.44962295	-0.00028721
3.20	-0.05738902	0.00029308	-0.07941336	0.00090582	0.45037788	-0.00009004
3.21	-0.05700236	0.00013339	-0.07969979	-0.00004080	0.45107128	-0.00045870
3.22	-0.05675130	0.00005134	-0.08015944	-0.00094081	0.44931669	-0.00064503
3.23	-0.05553776	-0.00001746	-0.08077097	-0.00005365	0.45006229	-0.00072073
3.24	-0.05496392	0.00010058	-0.08081233	-0.00045233	0.44968158	-0.00023000
3.25	-0.05448712	-0.00007095	-0.08165006	-0.00138355	0.44887263	-0.00077052
3.26	-0.05377508	0.00004897	-0.08190245	-0.00057947	0.45004483	-0.00054336
3.27	-0.05314774	0.00015317	-0.08227892	-0.00209104	0.45070901	-0.00007136
3.28	-0.05255158	-0.00000177	-0.08263828	-0.00104565	0.45004201	-0.00034970
3.29	-0.05145509	-0.00012779	-0.08310303	-0.00055451	0.45080470	-0.00056622
3.30	-0.05119001	-0.00031616	-0.08381430	-0.00090585	0.44982923	-0.00093186
3.31	-0.05052527	-0.00012819	-0.08380216	-0.00139140	0.44997795	-0.00093749
3.32	-0.05009060	0.00004970	-0.08422137	-0.00069189	0.45042363	-0.00147222
3.33	-0.04909268	0.00028546	-0.08482243	-0.00012654	0.45054057	-0.00072212
3.34	-0.04861554	0.00004762	-0.08486954	-0.00040346	0.45204806	-0.00115891
3.35	-0.04791139	-0.00008612	-0.08551739	-0.00037939	0.45098365	-0.00047059
3.36	-0.04715184	-0.00040139	-0.08578892	-0.00035785	0.45031938	-0.00112620
3.37	-0.04671703	0.00004893	-0.08613200	-0.00052313	0.45032587	-0.00084966
3.38	-0.04577072	0.00011193	-0.08662164	-0.00096622	0.45044446	-0.00088958
3.39	-0.04538937	-0.00023192	-0.08683903	0.00022777	0.44991882	-0.00090319
3.40	-0.04465367	0.00009975	-0.08678698	0.00013661	0.44981855	-0.00066442
3.41	-0.04403071	0.00010658	-0.08703889	0.00091442	0.45011409	-0.00047164
3.42	-0.04335547	-0.00012720	-0.08775641	0.00027898	0.44925150	-0.00110753
3.43	-0.04267774	0.00031270	-0.08790572	0.00161234	0.44904694	-0.00083451
3.44	-0.04204412	-0.00007596	-0.08854336	0.00026793	0.45061425	0.00045337
3.45	-0.04095225	-0.00003702	-0.08923758	-0.00021027	0.45041082	-0.00027677
3.46	-0.04059184	-0.00002326	-0.08921052	0.00018041	0.44885862	-0.00142379
3.47	-0.03966956	-0.00008985	-0.08973607	-0.00105408	0.44899244	-0.00063244
3.48	-0.03930275	0.00007376	-0.08977249	0.00102031	0.44951044	-0.00029513
3.49	-0.03827585	-0.00027240	-0.09039251	0.00132416	0.44921030	-0.00102959
3.50	-0.03738932	0.00006751	-0.09067619	-0.00016126	0.45101064	0.00031006
3.51	-0.03647413	-0.00006285	-0.09086115	0.00015955	0.45045084	0.00049624
3.52	-0.03639586	0.00022011	-0.09117676	0.00017452	0.44897738	-0.00112214
3.53	-0.03537461	0.00019908	-0.09152074	-0.00066209	0.44978879	-0.00121146
3.54	-0.03466919	-0.00023902	-0.09162750	0.00053688	0.44880384	-0.00017648
3.55	-0.03391130	0.00005507	-0.09195765	0.00102315	0.44862020	-0.00061248
3.56	-0.03321672	-0.00018527	-0.09218203	0.00008570	0.44856476	-0.00180258
3.57	-0.03246642	-0.00006251	-0.09255017	0.00035690	0.44988735	-0.00049074
3.58	-0.03168646	-0.00006963	-0.09257527	0.00079566	0.45002926	-0.00074780
3.59	-0.03096146	0.00005216	-0.09289125	0.00166593	0.44971853	0.00021127
3.60	-0.03046535	-0.00000194	-0.09319526	0.00013240	0.44906916	-0.00008749
3.61	-0.02973434	0.00027179	-0.09329170	0.00078865	0.44890051	-0.00049514
3.62	-0.02906168	0.00041115	-0.09374041	0.00020453	0.44916382	0.00017047
3.63	-0.02832916	0.00031018	-0.09401677	-0.00055238	0.44951540	0.00036408
3.64	-0.02730752	0.00005777	-0.09380549	-0.00039257	0.44876279	-0.00023385
3.65	-0.02649206	0.00011499	-0.09428126	-0.00101715	0.44864651	-0.00083641
3.66	-0.02627677	0.00031125	-0.09440036	-0.00021343	0.44774930	-0.00110609
3.67	-0.02534563	0.00000615	-0.09465329	-0.00028519	0.44918161	-0.00053040
3.68	-0.02442514	-0.00002562	-0.09503218	0.00026370	0.44901126	-0.00003976
3.69	-0.02353483	0.00035305	-0.09529453	-0.00069496	0.44850621	-0.00075396
3.70	-0.02312026	0.00001355	-0.09489180	-0.00049461	0.44834221	-0.00072865
3.71	-0.02232623	-0.00003955	-0.09543567	-0.00017900	0.44986197	-0.00047563
3.72	-0.02132019	-0.00019936	-0.09613107	-0.00023823	0.44862338	-0.00095226
3.73	-0.02045795	0.00017742	-0.09580142	-0.00084249	0.44955682	-0.00094235
3.74	-0.01998264	0.00018349	-0.09609378	-0.00105573	0.44974871	-0.00039771
3.75	-0.01909272	-0.00036476	-0.09635264	-0.00060075	0.44875356	-0.00056556
3.76	-0.01841714	0.00026608	-0.09662822	-0.00034316	0.44846653	-0.00163653
3.77	-0.01740885	-0.00002278	-0.09632870	-0.00002534	0.44868797	-0.00143259
3.78	-0.01696280	0.00014599	-0.09646933	-0.00012151	0.44932451	-0.00129879
3.79	-0.01584977	0.00006998	-0.09686897	0.00031717	0.44890351	-0.00130444
3.80	-0.01509282	0.00007454	-0.09707647	0.00005326	0.44911834	0.00002955
3.81	-0.01439030	-0.00015052	-0.09699567	-0.00090462	0.44884890	-0.00068295
3.82	-0.01403372	-0.00007396	-0.09694359	0.00010160	0.45067491	-0.00023057
3.83	-0.01330144	0.00032108	-0.09703586	-0.00043596	0.44954654	-0.00068187
3.84	-0.01199342	-0.00009409	-0.09737545	-0.00048353	0.45046946	-0.00136185
3.85	-0.01150087	0.00042253	-0.09737785	0.00048394	0.44979887	-0.00111547
3.86	-0.01071760	-0.00033905	-0.09734152	-0.00016716	0.44906682	-0.00039868
3.87	-0.01002821	-0.00013267	-0.09750454	-0.00063135	0.44851797	-0.00015953
3.88	-0.00899494	0.00005594	-0.09751406	-0.00064683	0.44948902	-0.00149642
3.89	-0.00850671	-0.00014906	-0.09741188	-0.00075919	0.44946346	-0.00089890
3.90	-0.00767772	0.00014636	-0.09748632	-0.00014910	0.44961014	-0.00126026
3.91	-0.00702440	0.00023419	-0.09797985	-0.00010764	0.44921058	-0.00020469
3.92	-0.00624806	-0.00002288	-0.09782723	-0.00093297	0.44912349	-0.00118349
3.93	-0.00539567	0.00017482	-0.09785854	0.00044696	0.44969753	-0.00036575
3.94	-0.00461374	-0.00017427	-0.09776698	-0.00033989	0.44978848	-0.00084825
3.95	-0.00360493	-0.00006606	-0.09787703	0.00003228	0.44901211	-0.00088182
3.96	-0.00288829	0.00004666	-0.09801377	0.00034484	0.45002189	-0.00004855
3.97	-0.00178520	-0.00011336	-0.09789251	0.00083294	0.44972925	-0.00027905
3.98	-0.00132618	-0.00007421	-0.09806404	0.00011512	0.44997184	0.00024073
3.99	-0.00049904	0.00007487	-0.09799954	-0.00036472	0.45019803	-0.00029239
4.00	-0.00073082	-0.00011950	-0.09768889	-0.00061787	-0.00043664	-0.00020562
4.01	-0.00059688	-0.00013409	-0.09785193	0.00049471	-0.00001342	0.00053679
4.02	-0.00055351	-0.00029118	-0.09790764	0.00074843	-0.00063934	-0.00047164
4.03	-0.00085990	-0.00009676	-0.09792866	0.00057159	-0.00089500	-0.00090028
4.04	-0.00048440	-0.00018202	-0.09780945	-0.00041871	-0.00041780	0.00028255
4.05	-0.00108831	-0.00004582	-0.09784103	0.00070573	0.00045842	-0.00095552
4.06	-0.00064741	-0.00004240	-0.09808198	0.00035227	-0.00002108	-0.00025737
4.07	-0.00057266	-0.00005183	-0.09790974	0.00103647	-0.00048654	-0.00011572
4.08	-0.00088682	0.00000926	-0.09811034	0.00105189	-0.00055386	-0.00071123
4.09	-0.00090176	-0.00007239	-0.09800431	0.00012220	-0.00025222	0.00053570
4.10	-0.00091982	-0.00022831	-0.09797584	-0.00036812	0.00045678	-0.00038034
4.11	-0.00087369	0.00023478	-0.09808153	0.00054514	-0.00000766	-0.00066817
4.12	-0.00111582	0.00012053	-0.09821573	-0.00000709	-0.00026200	-0.00008304
4.13	-0.00083993	0.00026441	-0.09787348	-0.00058665	-0.00062962	-0.00002853
4.14	-0.00082269	0.00005310	-0.09780149	-0.00128739	0.00044965	-0.00012012
4.15	-0.00062972	0.00036078	-0.09734974	-0.00112864	0.00029413	-0.00035565
4.16	-0.00055765	0.00031903	-0.09777178	-0.00084932	-0.00047138	0.00019634
4.17	-0.00066037	0.00005437	-0.09756217	-0.00057141	-0.00002450	-0.00004533
4.18	-0.00071078	0.00018301	-0.09784284	-0.00055488	-0.00015883	-0.00032766
4.19	-0.00089287	-0.00007330	-0.09769626	-0.00268609	0.00027174	-0.00041305
4.20	-0.00073943	0.00009706	-0.09735858	-0.00058067	0.00028266	0.00049591
4.21	-0.00120553	0.00008568	-0.09779159	-0.00091574	0.00004464	0.00045041
4.22	-0.00079382	0.00000582	-0.09791851	0.00049477	0.00034734	0.00111204
4.23	-0.00091835	0.00027392	-0.09769789	0.00013326	-0.00075241	0.00068819
4.24	-0.00096331	0.00011337	-0.09770688	-0.00026340	-0.00022293	0.00096017
4.25	-0.00089939	-0.00013047	-0.09775514	-0.00041183	-0.00079099	0.00110108
4.26	-0.00098082	0.00023927	-0.09753073	-0.00060289	-0.00093299	0.00152958
4.27	-0.00094679	-0.00014234	-0.09775836	-0.00028867	-0.00036857	0.00064916
4.28	-0.00067904	-0.00017440	-0.09779597	-0.00047986	0.00012284	0.00014752
4.29	-0.00048455	0.00026349	-0.09791000	-0.00034283	0.00054282	0.00058340
4.30	-0.00057875	-0.00009359	-0.09770399	-0.00131283	-0.00037939	0.00027859
4.31	-0.00051056	-0.00001258	-0.09811345	-0.00048203	-0.00017648	-0.00014668
4.32	-0.00058800	0.00004363	-0.09769189	0.00048488	-0.00147275	0.00016994
4.33	-0.00076047	-0.00012598	-0.09786526	0.00017419	0.00087072	-0.00023899
4.34	-0.00071708	0.00011713	-0.09788709	-0.00003106	0.00046901	-0.00035789
4.35	-0.00078742	0.00009595	-0.09806489	0.00013893	-0.00049678	0.00066415
4.36	-0.00049832	0.00039293	-0.09766372	0.00033031	0.00050281	0.00101155
4.37	-0.00058533	0.00000672	-0.09804458	0.00132814	-0.00036744	0.00004567
4.38	-0.00099106	0.00013431	-0.09789039	0.00097568	-0.00027273	0.00019829
4.39	-0.00069659	0.00013861	-0.09791116	0.00036572	-0.00007466	-0.00021774
4.40	-0.00080664	0.00025169	-0.09768038	0.00079753	-0.00065899	-0.00022023
4.41	-0.00094700	0.00011495	-0.09806416	-0.00039528	-0.00034167	0.00016839
4.42	-0.00101403	-0.00005803	-0.09798827	0.00033577	-0.00072444	-0.00066061
4.43	-0.00045831	0.00025480	-0.09791226	0.00031531	-0.00007621	-0.00067462
4.44	-0.00094849	0.00008064	-0.09769462	-0.00122587	-0.00062937	0.00024422
4.45	-0.00077272	-0.00014185	-0.09773239	-0.00020299	-0.00029547	-0.00070420
4.46	-0.00078472	0.00004516	-0.09802157	-0.00048011	0.00008301	-0.00000486
4.47	-0.00082232	-0.00015446	-0.09785331	-0.00050369	0.00073643	-0.00004556
4.48	-0.00056084	-0.00000573	-0.09775107	0.00043115	0.00124326	-0.00059911
4.49	-0.00090149	0.00027025	-0.09811646	-0.00114197	0.00129467	0.00067453
4.50	-0.00119669	-0.00028600	-0.09800095	-0.00049802	0.00026591	-0.00023954
4.51	-0.00109090	0.00013053	-0.09807548	-0.00100775	0.00062649	-0.00044833
4.52	-0.00091785	0.00001421	-0.09800909	-0.00114177	-0.00007778	-0.00013610
4.53	-0.00093951	-0.00008822	-0.09786207	-0.00040122	-0.00046937	0.00008376
4.54	-0.00093027	-0.00006295	-0.09793590	-0.00112358	0.00025844	0.00022619
4.55	-0.00101770	-0.00011660	-0.09786743	-0.00031186	-0.00060413	-0.00116974
4.56	-0.00107093	0.00058649	-0.09795145	-0.00138178	-0.00026273	-0.00104435
4.57	-0.00114855	0.00003739	-0.09779636	-0.00087919	-0.00071129	-0.00013414
4.58	-0.00096254	0.00014700	-0.09826143	-0.00071872	0.00022468	-0.00021699
4.59	-0.00075420	-0.00010163	-0.09789827	-0.00081818	-0.00094360	0.00050353
4.60	-0.00063527	-0.00003992	-0.09792749	-0.00145521	0.00029758	-0.00027981
4.61	-0.00086865	0.00028539	-0.09791222	-0.00026510	0.00043324	-0.00109007
4.62	-0.00062466	0.00001463	-0.09772466	-0.00002408	0.00060368	-0.00094527
4.63	-0.00069325	-0.00019963	-0.09794691	-0.00059894	-0.00114161	-0.00062865
4.64	-0.00068111	0.00006460	-0.09813457	-0.00116984	-0.00030041	0.00013165
4.65	-0.00052271	-0.00003458	-0.09814446	-0.00120839	0.00042102	-0.00039346
4.66	-0.00078564	0.00016857	-0.09793702	-0.00062472	-0.00064516	0.00009350
4.67	-0.00047202	-0.00003046	-0.09831217	-0.00060668	-0.00010483	-0.00089000
4.68	-0.00099294	0.00041159	-0.09766835	0.00002418	0.00032972	-0.00018983
4.69	-0.00061067	0.00017102	-0.09786776	-0.00027203	0.00131268	-0.00010405
4.70	-0.00084448	-0.00013695	-0.09797730	-0.00091963	-0.00057333	-0.00031558
4.71	-0.00067706	0.00029731	-0.09792390	-0.00030371	0.00092212	-0.00105554
4.72	-0.00049324	0.00005442	-0.09760239	0.00013023	-0.00008971	-0.00095024
4.73	-0.00078782	0.00009092	-0.09800387	0.00007321	-0.00008766	-0.00040551
4.74	-0.00097675	-0.00014225	-0.09774720	-0.00080003	0.00036215	-0.00119693
4.75	-0.00082586	-0.00005893	-0.09784510	0.00073089	0.00003557	-0.00082426
4.76	-0.00093462	-0.00015167	-0.09803802	0.00070358	0.00013937	-0.00094385
4.77	-0.00097882	-0.00001429	-0.09789581	0.00020484	0.00008266	-0.00099852
4.78	-0.00089381	0.00004758	-0.09833949	0.00042901	0.00062853	-0.00036887
4.79	-0.00106003	-0.00002653	-0.09802624	0.00020173	-0.00011904	-0.00112068
4.80	-0.00090888	0.00015118	-0.09764020	0.00108240	0.00024899	-0.00112685
4.81	-0.00072777	0.00008850	-0.09759685	0.00009058	-0.00078190	-0.00080677
4.82	-0.00068712	-0.00012846	-0.09768020	0.00034417	0.00008494	-0.00008262
4.83	-0.00061858	-0.00026876	-0.09769892	0.00035306	0.00042430	0.00044589
4.84	-0.00073209	0.00005936	-0.09782305	0.00053809	-0.00071089	-0.00115464
4.85	-0.00072573	-0.00023174	-0.09782997	-0.00059400	-0.00076433	-0.00019608
4.86	-0.00073038	0.00015540	-0.09747290	-0.00138137	-0.00041428	-0.00085073
4.87	-0.00050625	0.00010304	-0.09763470	-0.00063105	-0.00129662	-0.00119861
4.88	-0.00064570	0.00015329	-0.09787199	0.00026189	0.00023429	-0.00118342
4.89	-0.00055458	0.00002229	-0.09795803	0.00112095	-0.00147311	-0.00018897
4.90	-0.00070979	-0.00012766	-0.09791204	0.00125037	-0.00055996	0.00008393
4.91	-0.00100476	0.00015863	-0.09808907	0.00062565	-0.00028229	0.00050177
4.92	-0.00052831	-0.00000167	-0.09805708	0.00000765	-0.00090794	-0.00015949
4.93	-0.00075696	0.00000115	-0.09781924	-0.00037898	-0.00021751	-0.00027539
4.94	-0.00058039	0.00001186	-0.09788696	-0.00004624	-0.00082385	-0.00081609
4.95	-0.00089184	0.00024290	-0.09793150	-0.00058039	-0.00078545	-0.00056461
4.96	-0.00069466	0.00002637	-0.09763473	-0.00042651	-0.00160182	-0.00098937
4.97	-0.00064307	-0.00003910	-0.09763362	0.00070994	-0.00061287	-0.00044713
4.98	-0.00047956	-0.00017133	-0.09786399	0.00026887	0.00042322	-0.00107835
4.99	-0.00061167	0.00005939	-0.09792742	-0.00017070	0.00041487	-0.00035549
5.00	-0.00087110	-0.00058413	-0.09789310	0.44979536	-0.00026807	-0.00104314
5.01	-0.00078152	-0.00167932	-0.09784528	0.44933906	-0.00092827	-0.00099602
5.02	-0.00065655	-0.00243211	-0.09794305	0.44906708	-0.00015698	-0.00093340
5.03	-0.00076377	-0.00303478	-0.09747492	0.44857406	0.00009073	-0.00147609
5.04	-0.00047131	-0.00386723	-0.09776976	0.44876554	-0.00002350	-0.00100950
5.05	-0.00066281	-0.00447948	-0.09754777	0.45087209	-0.00016216	-0.00159636
5.06	-0.00076164	-0.00563827	-0.09770431	0.45037286	-0.00012711	-0.00062972
5.07	-0.00091024	-0.00613504	-0.09772986	0.45019777	-0.00009314	-0.00190579
5.08	-0.00079631	-0.00677109	-0.09769328	0.44956282	0.00038521	-0.00091728
5.09	-0.00078048	-0.00743633	-0.09747204	0.45069489	-0.00026229	-0.00044138
5.10	-0.00075749	-0.00844398	-0.09767842	0.45183120	0.00037600	-0.00111008
5.11	-0.00077403	-0.00911283	-0.09766435	0.44980348	-0.00067171	0.00009182
5.12	-0.00072530	-0.00988279	-0.09761919	0.45029094	-0.00073284	0.00026628
5.13	-0.00087524	-0.01077937	-0.09713485	0.44970665	0.00055901	0.00031294
5.14	-0.00115874	-0.01156618	-0.09721781	0.45040427	0.00001219	-0.00095738
5.15	-0.00079297	-0.01209504	-0.09727981	0.44933317	0.00080413	-0.00033760
5.16	-0.00078461	-0.01311133	-0.09711527	0.45025351	-0.00003176	-0.00019719
5.17	-0.00081719	-0.01354199	-0.09692434	0.44977851	-0.00088546	-0.00014639
5.18	-0.00081138	-0.01431586	-0.09683473	0.44952051	-0.00095160	-0.00001017
5.19	-0.00087187	-0.01511134	-0.09668918	0.45089737	-0.00076345	-0.00017176
5.20	-0.00069067	-0.01625962	-0.09640827	0.45032055	-0.00013732	-0.00150848
5.21	-0.00076831	-0.01692774	-0.09632103	0.45018023	0.00032179	-0.00087612
5.22	-0.00062644	-0.01750970	-0.09643224	0.44932293	-0.00038174	-0.00056909
5.23	-0.00088639	-0.01869580	-0.09615107	0.45006206	-0.00018930	-0.00071342
5.24	-0.00060041	-0.01921474	-0.09595504	0.44993353	0.00021452	-0.00072801
5.25	-0.00078297	-0.02014282	-0.09584140	0.44939539	0.00002664	-0.00031021
5.26	-0.00088600	-0.02069773	-0.09572079	0.45004453	-0.00048873	-0.00105009
5.27	-0.00079741	-0.02135199	-0.09546862	0.45012997	-0.00049519	-0.00053260
5.28	-0.00056493	-0.02220581	-0.09493038	0.45046417	-0.00051976	-0.00123451
5.29	-0.00064072	-0.02284293	-0.09545006	0.45065955	-0.00159703	-0.00220335
5.30	-0.00041544	-0.02354810	-0.09535870	0.44991210	-0.00046748	-0.00062357
5.31	-0.00044914	-0.02430616	-0.09520553	0.44955627	0.00072986	-0.00109315
5.32	-0.00063645	-0.02494191	-0.09492511	0.45019914	-0.00042172	-0.00077475
5.33	-0.00062524	-0.02580839	-0.09443872	0.44987382	0.00044586	-0.00109303
5.34	-0.00056089	-0.02635812	-0.09438499	0.44999832	0.00000842	-0.00060986
5.35	-0.00095548	-0.02714416	-0.09436405	0.44929543	0.00030559	-0.00154271
5.36	-0.00073663	-0.02795900	-0.09375878	0.45103995	0.00045265	-0.00168025
5.37	-0.00093817	-0.02884249	-0.09360008	0.45035020	-0.00042691	-0.00215374
5.38	-0.00059342	-0.02955255	-0.09354220	0.45005684	0.00007817	-0.00106344
5.39	-0.00073854	-0.03038042	-0.09362623	0.45065607	0.00009371	-0.00097325
5.40	-0.00089740	-0.03115830	-0.09309043	0.45052531	-0.00108669	-0.00140290
5.41	-0.00070244	-0.03194515	-0.09256856	0.45001598	-0.00131451	-0.00107164
5.42	-0.00084955	-0.03271534	-0.09234870	0.45109021	-0.00050328	-0.00094193
5.43	-0.00063344	-0.03334861	-0.09235439	0.45043636	-0.00041390	-0.00100640
5.44	-0.00058007	-0.03405515	-0.09196391	0.45118218	-0.00103808	-0.00069192
5.45	-0.00085982	-0.03470697	-0.09166460	0.45061625	0.00022520	-0.00034111
5.46	-0.00053902	-0.03526486	-0.09115489	0.45184998	-0.00086506	-0.00031052
5.47	-0.00080319	-0.03620994	-0.09100197	0.45050159	-0.00133082	-0.00064696
5.48	-0.00069371	-0.03692143	-0.09053493	0.45088474	-0.00086094	-0.00089385
5.49	-0.00088034	-0.03748157	-0.09070291	0.45179223	-0.00027782	-0.00009743
5.50	-0.00093279	-0.03819404	-0.09038852	0.45102460	-0.00111326	-0.00030179
5.51	-0.00094747	-0.03894660	-0.08995018	0.45122453	-0.00154348	-0.00039592
5.52	-0.00077903	-0.03985299	-0.08979511	0.45217228	0.00008948	0.00053698
5.53	-0.00099996	-0.04064809	-0.08953245	0.45123206	0.00013257	0.00068949
5.54	-0.00088563	-0.04076625	-0.08883103	0.45171183	-0.00088232	-0.00039790
5.55	-0.00074261	-0.04162898	-0.08854643	0.45075239	-0.00149319	0.00136827
5.56	-0.00052681	-0.04223999	-0.08855196	0.45128310	-0.00052674	-0.00016750
5.57	-0.00081921	-0.04316858	-0.08808283	0.45104183	-0.00074113	0.00081497
5.58	-0.00053322	-0.04388861	-0.08788723	0.45091018	-0.00044055	0.00087295
5.59	-0.00053998	-0.04414140	-0.08753333	0.44947969	-0.00033826	0.00046674
5.60	-0.00121872	-0.04472569	-0.08708565	0.45102802	-0.00095018	0.00081281
5.61	-0.00094453	-0.04543445	-0.08662165	0.45013036	0.00064231	0.00026875
5.62	-0.00090899	-0.04634802	-0.08612477	0.45010969	-0.00022942	0.00003321
5.63	-0.00029151	-0.04688214	-0.08575621	0.45105985	0.00042212	0.00042175
5.64	-0.00063024	-0.04773142	-0.08543827	0.45151409	-0.00115376	0.00099556
5.65	-0.00064523	-0.04855740	-0.08517269	0.45154869	-0.00043571	0.00063219
5.66	-0.00038899	-0.04927574	-0.08453751	0.45039103	-0.00014685	0.00071667
5.67	-0.00039290	-0.04970866	-0.08468849	0.45054131	-0.00066187	-0.00063631
5.68	-0.00035681	-0.05071597	-0.08404986	0.44974513	-0.00064451	-0.00085404
5.69	-0.00026794	-0.05102486	-0.08362712	0.44917458	0.00021672	-0.00031143
5.70	-0.00085760	-0.05164626	-0.08329034	0.44989863	0.00044977	0.00016497
5.71	-0.00101539	-0.05238654	-0.08272728	0.45097229	-0.00033127	0.00014222
5.72	-0.00062700	-0.05327029	-0.08210482	0.44997286	-0.00018578	0.00070039
5.73	-0.00057998	-0.05381672	-0.08186107	0.44974357	0.00096920	-0.00033064
5.74	-0.00083801	-0.05464734	-0.08168339	0.45056505	0.00053211	-0.00052191
5.75	-0.00086826	-0.05518277	-0.08094153	0.44983201	0.00034145	-0.00070340
5.76	-0.00063189	-0.05581639	-0.08053774	0.45115106	0.00041886	-0.00081152
5.77	-0.00089060	-0.05642572	-0.08014664	0.45067875	-0.00068824	-0.00024509
5.78	-0.00128873	-0.05692521	-0.07963799	0.45044714	0.00043251	-0.00013737
5.79	-0.00089349	-0.05742865	-0.07925644	0.45011701	-0.00034794	0.00023768
5.80	-0.00094238	-0.05814161	-0.07881190	0.45065634	-0.00016451	-0.00044434
5.81	-0.00108765	-0.05875814	-0.07805051	0.45114223	-0.00016215	-0.00013020
5.82	-0.00062308	-0.05938243	-0.07787082	0.45091896	-0.00051147	-0.00026938
5.83	-0.00076971	-0.05998943	-0.07723632	0.45051366	0.00076639	-0.00043107
5.84	-0.00073510	-0.06054547	-0.07700489	0.45120040	0.00064411	-0.00013808
5.85	-0.00078510	-0.06131639	-0.07601076	0.45115630	-0.00041185	-0.00051056
5.86	-0.00081450	-0.06200750	-0.07613054	0.45048160	0.00110354	0.00012382
5.87	-0.00073631	-0.06257620	-0.07537337	0.45144025	0.00001193	-0.00025333
5.88	-0.00047234	-0.06335056	-0.07492849	0.45066283	-0.00025591	0.00022679
5.89	-0.00079835	-0.06347641	-0.07462861	0.45037676	-0.00042861	-0.00041238
5.90	-0.00048504	-0.06411636	-0.07390915	0.45005155	-0.00012224	0.00010240
5.91	-0.00037665	-0.06504731	-0.07350928	0.45025653	0.00063567	0.00092988
5.92	-0.00024816	-0.06556340	-0.07299682	0.45043951	0.00027520	0.00012631
5.93	-0.00034601	-0.06584342	-0.07249467	0.45031435	0.00167768	-0.00053109
5.94	-0.00063342	-0.06644895	-0.07208715	0.45091460	0.00022359	-0.00128401
5.95	-0.00055190	-0.06686198	-0.07134209	0.44937234	-0.00044819	0.00038427
5.96	-0.00039006	-0.06770227	-0.07092042	0.44933025	-0.00039593	0.00031718
5.97	-0.00047566	-0.06819120	-0.07045160	0.44979973	-0.00021386	-0.00066727
5.98	-0.00071786	-0.06857432	-0.06983963	0.44978990	-0.00033246	-0.00006458
5.99	-0.00064548	-0.06886352	-0.06912133	0.45033379	-0.00035040	0.00028932
6.00	-0.00081583	-0.06868131	-0.06942186	-0.45154529	-0.00140237	0.00072348
6.01	-0.00069847	-0.06806651	-0.07022243	-0.44942593	-0.00080647	0.00046242
6.02	-0.00100191	-0.06739933	-0.07070235	-0.45102796	0.00086620	0.00031200
6.03	-0.00091553	-0.06722728	-0.07144385	-0.45052726	-0.00029509	0.00027688
6.04	-0.00070376	-0.06648192	-0.07157474	-0.45052945	0.00031620	-0.00053586
6.05	-0.00081367	-0.06575489	-0.07232610	-0.45016854	0.00093765	-0.00003842
6.06	-0.00050424	-0.06551514	-0.07260019	-0.45065239	-0.00011801	-0.00017522
6.07	-0.00076377	-0.06447294	-0.07353181	-0.45039351	0.00027068	-0.00036292
6.08	-0.00063391	-0.06398820	-0.07402112	-0.45010452	-0.00035889	0.00017886
6.09	-0.00056412	-0.06334168	-0.07445866	-0.44932675	0.00002924	0.00084556
6.10	-0.00056991	-0.06282090	-0.07488050	-0.45023941	-0.00086968	0.00020253
6.11	-0.00056183	-0.06210219	-0.07531339	-0.44975675	-0.00096613	0.00037851
6.12	-0.00076641	-0.06174304	-0.07556275	-0.45003955	-0.00037391	0.00023295
6.13	-0.00090872	-0.06118782	-0.07626815	-0.45094410	0.00009707	0.00028466
6.14	-0.00064122	-0.06064640	-0.07694882	-0.45070666	0.00014706	0.00112597
6.15	-0.00059124	-0.06033957	-0.07751705	-0.45059211	0.00070713	0.00045850
6.16	-0.00069079	-0.05957190	-0.07763612	-0.45094736	0.00123694	0.00073617
6.17	-0.00070256	-0.05926338	-0.07831733	-0.44949997	0.00003314	0.00147986
6.18	-0.00069088	-0.05832011	-0.07857909	-0.45072294	0.00126440	0.00063009
6.19	-0.00064700	-0.05762203	-0.07890172	-0.45012724	0.00051595	0.00024488
6.20	-0.00054653	-0.05702034	-0.07967575	-0.45067005	0.00010446	0.00053881
6.21	-0.00045868	-0.05650585	-0.08012012	-0.45197934	-0.00074288	-0.00034126
6.22	-0.00088341	-0.05584633	-0.08032509	-0.45082997	-0.00096555	0.00036791
6.23	-0.00101095	-0.05511022	-0.08094824	-0.45011706	-0.00009694	0.00043758
6.24	-0.00071033	-0.05466789	-0.08143067	-0.45024305	-0.00057881	-0.00005486
6.25	-0.00071151	-0.05374532	-0.08186703	-0.45082501	0.00020660	0.00090639
6.26	-0.00058547	-0.05317127	-0.08240593	-0.45067125	-0.00074109	0.00078182
6.27	-0.00077852	-0.05234865	-0.08264446	-0.45073824	0.00010985	0.00202845
6.28	-0.00087068	-0.05187598	-0.08365853	-0.45158287	0.00022737	0.00040054
6.29	-0.00054945	-0.05164145	-0.08383978	-0.45054231	-0.00029550	0.00054540
6.30	-0.00056184	-0.05059470	-0.08433435	-0.45073863	0.00004425	0.00076551
6.31	-0.00054806	-0.04998679	-0.08448206	-0.45111081	-0.00122488	-0.00007188
6.32	-0.00059485	-0.04929491	-0.08473848	-0.44978933	0.00028287	0.00154632
6.33	-0.00075956	-0.04855579	-0.08494274	-0.45107878	-0.00114242	0.00160172
6.34	-0.00044085	-0.04791325	-0.08538431	-0.45008849	0.00070602	0.00181948
6.35	-0.00052772	-0.04700205	-0.08611470	-0.44998963	0.00047982	0.00063569
6.36	-0.00050850	-0.04651931	-0.08638340	-0.44883075	0.00068930	0.00136196
6.37	-0.00083176	-0.04615519	-0.08638916	-0.45084335	0.00079236	0.00122096
6.38	-0.00088064	-0.04534170	-0.08688302	-0.45032540	0.00105170	0.00085860
6.39	-0.00048307	-0.04438358	-0.08704743	-0.45031497	0.00088293	-0.00002547
6.40	-0.00058783	-0.04392984	-0.08742076	-0.45044544	0.00014996	0.00051514
6.41	-0.00035769	-0.04303530	-0.08761595	-0.45142595	-0.00017444	0.00117669
6.42	-0.00056243	-0.04243333	-0.08805573	-0.45043097	0.00043113	0.00125895
6.43	-0.00083950	-0.04163834	-0.08869527	-0.45083741	-0.00002045	0.00148190
6.44	-0.00092394	-0.04059167	-0.08870069	-0.44981935	0.00081435	0.00091195
6.45	-0.00056667	-0.04004731	-0.08935656	-0.45082371	0.00052997	0.00077803
6.46	-0.00081443	-0.03941431	-0.08956149	-0.45047964	0.00086662	0.00015854
6.47	-0.00070565	-0.03877814	-0.08951047	-0.45008162	0.00007616	-0.00004155
6.48	-0.00043507	-0.03809489	-0.09008638	-0.44934798	0.00169016	0.00074455
6.49	-0.00051170	-0.03754933	-0.09046948	-0.44883302	0.00058039	0.00081547
6.50	-0.00069135	-0.03687776	-0.09095675	-0.45043776	-0.00025473	0.00029728
6.51	-0.00062832	-0.03615779	-0.09120574	-0.44977070	0.00036347	0.00009129
6.52	-0.00049720	-0.03539319	-0.09139993	-0.45071084	0.00125370	0.00058858
6.53	-0.00063641	-0.03474989	-0.09153996	-0.44961422	0.00040117	0.00090545
6.54	-0.00068358	-0.03397638	-0.09205884	-0.45088334	0.00070065	0.00095343
6.55	-0.00040886	-0.03310338	-0.09215976	-0.44983063	0.00018758	0.00122679
6.56	-0.00067049	-0.03212999	-0.09222405	-0.45074759	-0.00016957	0.00078277
6.57	-0.00052081	-0.03179187	-0.09274882	-0.45039283	0.00109048	0.00175259
6.58	-0.00090651	-0.03082908	-0.09266299	-0.45007217	0.00085165	0.00034884
6.59	-0.00062140	-0.03021075	-0.09335547	-0.44956536	0.00147830	0.00012254
6.60	-0.00072426	-0.02951608	-0.09348251	-0.44934540	-0.00001468	0.00021390
6.61	-0.00063090	-0.02873260	-0.09369500	-0.45121750	0.00019880	0.00116651
6.62	-0.00066749	-0.02811962	-0.09368708	-0.44963148	0.00041552	0.00088499
6.63	-0.00052634	-0.02716843	-0.09394622	-0.44901270	-0.00020316	0.00113128
6.64	-0.00058334	-0.02671127	-0.09448264	-0.44843531	0.00031155	0.00082593
6.65	-0.00050017	-0.02581328	-0.09448394	-0.44962025	-0.00007794	0.00051577
6.66	-0.00074917	-0.02497003	-0.09475306	-0.44949146	0.00055738	0.00042970
6.67	-0.00061331	-0.02453859	-0.09490428	-0.45103637	0.00152164	0.00016377
6.68	-0.00078424	-0.02368544	-0.09510771	-0.45054788	-0.00010050	0.00066565
6.69	-0.00073248	-0.02288447	-0.09517605	-0.45060895	0.00126057	0.00068825
6.70	-0.00087808	-0.02204815	-0.09541888	-0.45057319	0.00141014	-0.00055021
6.71	-0.00053125	-0.02113330	-0.09552654	-0.45025289	-0.00016843	0.00033195
6.72	-0.00052284	-0.02055623	-0.09577065	-0.45105995	-0.00018499	0.00080592
6.73	-0.00077292	-0.01942646	-0.09579529	-0.45058120	-0.00038618	0.00030369
6.74	-0.00083162	-0.01895190	-0.09594398	-0.44958887	-0.00137158	0.00041473
6.75	-0.00092540	-0.01817328	-0.09603852	-0.44967524	-0.00142594	0.00073859
6.76	-0.00082554	-0.01744571	-0.09662269	-0.44938066	-0.00060716	-0.00037501
6.77	-0.00074906	-0.01670925	-0.09675290	-0.44981102	-0.00001054	0.00125169
6.78	-0.00085205	-0.01616429	-0.09710828	-0.44941128	-0.00070653	0.00162467
6.79	-0.00078795	-0.01491762	-0.09682737	-0.45011784	0.00112551	-0.00011953
6.80	-0.00077831	-0.01456618	-0.09677660	-0.45056583	0.00014027	0.00013133
6.81	-0.00091992	-0.01368196	-0.09722850	-0.45032627	0.00013449	-0.00068370
6.82	-0.00072103	-0.01319857	-0.09724731	-0.45081670	0.00043364	0.00038016
6.83	-0.00106103	-0.01209500	-0.09723860	-0.44999309	-0.00081563	-0.00003956
6.84	-0.00081915	-0.01172616	-0.09712418	-0.45069803	0.00015495	0.00051362
6.85	-0.00051460	-0.01079600	-0.09742660	-0.44993777	-0.00011519	-0.00027864
6.86	-0.00068687	-0.01006711	-0.09747453	-0.44935995	-0.00049767	-0.00028150
6.87	-0.00097662	-0.00948421	-0.09776707	-0.44981450	0.00004227	-0.00010421
6.88	-0.00086759	-0.00862343	-0.09760860	-0.44915769	-0.00019242	0.00002363
6.89	-0.00061852	-0.00779412	-0.09772162	-0.44976717	0.00098235	0.00179390
6.90	-0.00085990	-0.00716789	-0.09744321	-0.45061610	0.00033660	0.00061037
6.91	-0.00071194	-0.00634291	-0.09760760	-0.45005970	0.00019921	0.00149545
6.92	-0.00090516	-0.00555569	-0.09741153	-0.44921922	-0.00019755	0.00141213
6.93	-0.00088439	-0.00438154	-0.09748182	-0.44954517	-0.00022951	0.00148795
6.94	-0.00048924	-0.00407021	-0.09776308	-0.44837713	0.00074377	0.00071692
6.95	-0.00062235	-0.00350040	-0.09778620	-0.44943427	0.00064983	0.00203338
6.96	-0.00060739	-0.00275877	-0.09759790	-0.44969569	0.00169269	0.00166789
6.97	-0.00074693	-0.00187410	-0.09784646	-0.45021260	0.00028150	0.00121932
6.98	-0.00089498	-0.00082636	-0.09790320	-0.44915908	-0.00003041	0.00001582
6.99	-0.00036314	-0.00050694	-0.09829607	-0.44984246	-0.00018898	0.00052232
7.00	-0.00069955	0.00029994	-0.09805262	-0.44982266	0.00074278	-0.00007876
7.01	-0.00072271	0.00159808	-0.09831147	-0.44841181	-0.00012061	0.00013752
7.02	-0.00068521	0.00227968	-0.09805671	-0.44904304	0.00102412	0.00011181
7.03	-0.00089115	0.00323322	-0.09787257	-0.44996795	-0.00009269	0.00104694
7.04	-0.00085737	0.00373088	-0.09782552	-0.44887004	0.00138584	0.00039913
7.05	-0.00082823	0.00461717	-0.09787046	-0.45006760	0.00112717	0.00068295
7.06	-0.00077579	0.00512094	-0.09786965	-0.44987195	0.00073536	0.00016205
7.07	-0.00075577	0.00613347	-0.09753150	-0.44960538	0.00065142	0.00071029
7.08	-0.00092208	0.00678938	-0.09779511	-0.44968858	0.00068273	0.00077400
7.09	-0.00077484	0.00745376	-0.09762121	-0.45042098	-0.00002176	0.00079400
7.10	-0.00049100	0.00850180	-0.09751764	-0.44990431	0.00071454	0.00114332
7.11	-0.00099205	0.00906947	-0.09734891	-0.45011273	0.00014530	0.00137228
7.12	-0.00060326	0.01000446	-0.09728196	-0.44888870	-0.00007300	0.00041271
7.13	-0.00095257	0.01104484	-0.09716541	-0.44880298	0.00040549	0.00081006
7.14	-0.00091096	0.01154311	-0.09704484	-0.44836364	0.00013062	0.00138314
7.15	-0.00078938	0.01238450	-0.09692381	-0.44931837	0.00040179	0.00162923
7.16	-0.00058767	0.01310259	-0.09710037	-0.44976636	0.00062655	0.00119453
7.17	-0.00071144	0.01380218	-0.09692209	-0.44937523	0.00156782	0.00110329
7.18	-0.00075334	0.01474044	-0.09679777	-0.44954283	0.00089243	0.00124325
7.19	-0.00082183	0.01537238	-0.09694803	-0.44930374	0.00042540	0.00038266
7.20	-0.00069295	0.01582123	-0.09636457	-0.44977204	0.00038170	0.00024268
7.21	-0.00081740	0.01668130	-0.09633389	-0.44991002	0.00202695	0.00059064
7.22	-0.00081953	0.01766521	-0.09612672	-0.44954925	0.00015930	0.00007402
7.23	-0.00068840	0.01834618	-0.09613425	-0.44962629	0.00069053	-0.00006107
7.24	-0.00055562	0.01925204	-0.09583855	-0.44905061	0.00073593	0.00045348
7.25	-0.00060748	0.01984258	-0.09568652	-0.44897986	0.00018702	0.00057731
7.26	-0.00077171	0.02045363	-0.09570481	-0.44908963	0.00105041	0.00122188
7.27	-0.00105129	0.02131518	-0.09528771	-0.44935374	0.00056084	0.00032114
7.28	-0.00064854	0.02185909	-0.09556462	-0.44969721	0.00144330	0.00089365
7.29	-0.00059384	0.02312385	-0.09522262	-0.44878867	0.00088722	-0.00010553
7.30	-0.00064082	0.02361014	-0.09514028	-0.44985413	0.00036109	-0.00012301
7.31	-0.00059113	0.02437141	-0.09507601	-0.44997590	0.00054951	0.00064388
7.32	-0.00070636	0.02528730	-0.09485154	-0.44862577	0.00080689	0.00096589
7.33	-0.00086643	0.02615530	-0.09477311	-0.44846362	0.00053020	0.00085933
7.34	-0.00094557	0.02690790	-0.09448757	-0.44951065	0.00090104	-0.00022897
7.35	-0.00079764	0.02724575	-0.09407378	-0.44938150	0.00037907	0.00142607
7.36	-0.00044660	0.02804896	-0.09386602	-0.44902804	-0.00122119	0.00049416
7.37	-0.00069343	0.02874653	-0.09347247	-0.44915427	0.00076116	0.00043534
7.38	-0.00089415	0.02945758	-0.09333442	-0.44915532	0.00123984	-0.00006509
7.39	-0.00076805	0.03029124	-0.09291506	-0.44938976	0.00184231	0.00022606
7.40	-0.00073672	0.03119236	-0.09292536	-0.44958845	0.00041313	-0.00024719
7.41	-0.00072824	0.03201490	-0.09257421	-0.44957939	-0.00028238	-0.00036109
7.42	-0.00049147	0.03272165	-0.09243458	-0.44977690	0.00062303	-0.00086647
7.43	-0.00061311	0.03303657	-0.09206975	-0.44999087	-0.00056622	-0.00075673
7.44	-0.00062988	0.03353151	-0.09195301	-0.44995079	0.00043039	-0.00134801
7.45	-0.00100372	0.03460529	-0.09159548	-0.44984410	0.00104932	-0.00102418
7.46	-0.00073662	0.03539720	-0.09158594	-0.45070810	0.00074370	-0.00026187
7.47	-0.00074341	0.03604482	-0.09104155	-0.45058377	0.00109872	-0.00087852
7.48	-0.00048412	0.03687698	-0.09047510	-0.44956868	0.00014783	-0.00009526
7.49	-0.00069697	0.03761030	-0.09037214	-0.44935981	0.00097592	-0.00028200
7.50	-0.00040867	0.03829448	-0.08993827	-0.44923807	0.00137731	0.00013955
7.51	-0.00078808	0.03916412	-0.08978783	-0.45090549	0.00075511	-0.00025761
7.52	-0.00053685	0.03965503	-0.08948984	-0.44929721	0.00088273	-0.00069283
7.53	-0.00073778	0.04002780	-0.08958720	-0.45023431	0.00057097	-0.00093856
7.54	-0.00048009	0.04069968	-0.08916470	-0.44959145	-0.00042308	-0.00072901
7.55	-0.00075023	0.04164467	-0.08857411	-0.44874031	0.00065843	-0.00018506
7.56	-0.00048489	0.04251113	-0.08836885	-0.44958521	0.00101556	0.00030831
7.57	-0.00056627	0.04307678	-0.08830395	-0.44957738	0.00108242	-0.00098604
7.58	-0.00093960	0.04349932	-0.08791643	-0.44910064	0.00035208	-0.00010748
7.59	-0.00073560	0.04439149	-0.08742038	-0.44944033	0.00075629	-0.00015850
7.60	-0.00066751	0.04574473	-0.08691710	-0.44888254	0.00149705	0.00039060
7.61	-0.00077015	0.04595313	-0.08669352	-0.44969544	0.00093322	-0.00006374
7.62	-0.00061770	0.04656219	-0.08634164	-0.44990952	0.00041555	-0.00019444
7.63	-0.00078114	0.04750544	-0.08581904	-0.45036889	0.00018742	-0.00022887
7.64	-0.00087348	0.04789083	-0.08563656	-0.44892522	0.00094214	-0.00019255
7.65	-0.00055808	0.04838361	-0.08532273	-0.44850222	0.00110662	-0.00079611
7.66	-0.00038183	0.04938730	-0.08457497	-0.44795186	0.00010792	-0.00060684
7.67	-0.00049184	0.05016381	-0.08418037	-0.44855344	0.00054603	-0.00030507
7.68	-0.00040287	0.05053904	-0.08387644	-0.44875586	0.00021653	0.00020990
7.69	-0.00063196	0.05122952	-0.08370445	-0.44861122	0.00137883	-0.00060310
7.70	-0.00066981	0.05192555	-0.08317031	-0.44866574	0.00120136	-0.00008791
7.71	-0.00055469	0.05230471	-0.08264685	-0.45016419	0.00097395	0.00034263
7.72	-0.00062401	0.05339742	-0.08258021	-0.44884850	-0.00024364	-0.00036837
7.73	-0.00092789	0.05385337	-0.08196233	-0.44944471	0.00088458	0.00013356
7.74	-0.00086305	0.05473849	-0.08154090	-0.44945035	0.00103145	-0.00023796
7.75	-0.00067678	0.05512425	-0.08111893	-0.44894675	0.00048970	0.00029941
7.76	-0.00101942	0.05569770	-0.08064443	-0.44947613	0.00070265	-0.00001759
7.77	-0.00086670	0.05657724	-0.07986957	-0.44868050	-0.00024412	-0.00082188
7.78	-0.00088242	0.05687273	-0.07986890	-0.45053238	-0.00033502	0.00009548
7.79	-0.00102445	0.05779398	-0.07925466	-0.44869818	0.00143964	-0.00057459
7.80	-0.00093021	0.05781416	-0.07908972	-0.44857425	0.00041250	0.00043404
7.81	-0.00083013	0.05892568	-0.07880780	-0.44846745	0.00092822	-0.00096482
7.82	-0.00087911	0.05928737	-0.07805849	-0.45029784	0.00058906	-0.00041067
7.83	-0.00093347	0.05997401	-0.07763660	-0.44939681	0.00083994	0.00020926
7.84	-0.00072838	0.06088730	-0.07719969	-0.44884098	0.00152722	0.00046148
7.85	-0.00072455	0.06122575	-0.07655863	-0.44808792	0.00127673	-0.00048969
7.86	-0.00094494	0.06162983	-0.07599312	-0.44925615	0.00107623	-0.00059118
7.87	-0.00076808	0.06242847	-0.07585865	-0.44911786	0.00164688	0.00053095
7.88	-0.00071237	0.06283532	-0.07511580	-0.44788405	0.00034883	-0.00001533
7.89	-0.00091928	0.06360013	-0.07465736	-0.44856395	0.00025855	-0.00030468
7.90	-0.00101582	0.06407777	-0.07405153	-0.44821023	0.00053865	-0.00006629
7.91	-0.00088056	0.06447947	-0.07347530	-0.44949033	-0.00023665	0.00001565
7.92	-0.00087732	0.06526107	-0.07295688	-0.44936980	0.00026814	-0.00048770
7.93	-0.00099524	0.06591429	-0.07238602	-0.44958609	-0.00030037	0.00014742
7.94	-0.00079755	0.06666250	-0.07190932	-0.44951670	0.00063181	-0.00031299
7.95	-0.00083067	0.06718764	-0.07170263	-0.45023235	0.00170680	0.00028323
7.96	-0.00114191	0.06751445	-0.07087616	-0.45035087	-0.00066285	-0.00048977
7.97	-0.00073749	0.06835224	-0.07019232	-0.44903941	0.00051875	0.00009950
7.98	-0.00086824	0.06857290	-0.06965187	-0.45054145	-0.00020473	-0.00040154
7.99	-0.00097638	0.06938939	-0.06915445	-0.44994932	-0.00084139	-0.00123707
8.00	-0.00077055	0.06876349	-0.07003230	0.44959488	-0.00094080	-0.00023199
8.01	-0.00103730	0.06827911	-0.07043054	0.44843396	0.00001188	0.00062311
8.02	-0.00095992	0.06762612	-0.07083307	0.44974760	-0.00053611	-0.00012993
8.03	-0.00111413	0.06709714	-0.07150057	0.45077491	0.00014230	-0.00043347
8.04	-0.00090885	0.06678307	-0.07198202	0.45018175	0.00082971	-0.00071131
8.05	-0.00057598	0.06627526	-0.07246816	0.44898610	0.00025796	-0.00156107
8.06	-0.00074308	0.06539198	-0.07310542	0.44984245	-0.00157104	-0.00012809
8.07	-0.00092705	0.06483772	-0.07364439	0.44921486	-0.00132289	0.00099239
8.08	-0.00083147	0.06422540	-0.07422361	0.44926060	-0.00040539	0.00145042
8.09	-0.00064815	0.06366071	-0.07449598	0.44944736	-0.00110583	0.00071492
8.10	-0.00068410	0.06306763	-0.07510761	0.44904900	-0.00097239	0.00012570
8.11	-0.00054681	0.06236861	-0.07544415	0.44968840	-0.00129584	0.00022816
8.12	-0.00071814	0.06200024	-0.07572873	0.45008562	-0.00099186	0.00074153
8.13	-0.00067571	0.06128752	-0.07651150	0.44943228	-0.00017687	0.00019422
8.14	-0.00070548	0.06047287	-0.07676657	0.44931011	-0.00132198	-0.00011947
8.15	-0.00081975	0.05968858	-0.07746645	0.44930208	-0.00083554	-0.00017540
8.16	-0.00066428	0.05921017	-0.07769369	0.44936048	-0.00131715	-0.00069164
8.17	-0.00080324	0.05878982	-0.07815393	0.44919273	-0.00110180	-0.00007822
8.18	-0.00079340	0.05824045	-0.07893033	0.44988003	-0.00025524	0.00007401
8.19	-0.00057676	0.05729840	-0.07939887	0.44895534	-0.00010831	-0.00111022
8.20	-0.00078155	0.05675970	-0.08009885	0.44953603	-0.00170748	-0.00009375
8.21	-0.00079097	0.05648062	-0.08017280	0.44953602	0.00019557	-0.00083252
8.22	-0.00045001	0.05553817	-0.08098101	0.44882493	-0.00019259	0.00061633
8.23	-0.00087214	0.05483072	-0.08101287	0.44977460	-0.00129467	-0.00023078
8.24	-0.00059546	0.05446090	-0.08153448	0.44992359	0.00009486	-0.00014691
8.25	-0.00059175	0.05348328	-0.08212044	0.44974981	-0.00049375	0.00050231
8.26	-0.00073566	0.05326474	-0.08215765	0.45022408	-0.00112240	0.00076772
8.27	-0.00100909	0.05248710	-0.08291017	0.44901089	-0.00079473	-0.00020301
8.28	-0.00085863	0.05184403	-0.08308508	0.44964558	-0.00150892	0.00047278
8.29	-0.00073703	0.05100691	-0.08377171	0.45005648	-0.00042350	0.00000214
8.30	-0.00068830	0.05068735	-0.08393208	0.44836537	-0.00091351	0.00046805
8.31	-0.00049464	0.04984986	-0.08439999	0.44890881	-0.00150632	0.00064918
8.32	-0.00099837	0.04888318	-0.08499620	0.44951389	-0.00042319	0.00047955
8.33	-0.00074155	0.04830761	-0.08523372	0.44911938	0.00000001	0.00028857
8.34	-0.00079672	0.04770474	-0.08545437	0.45000773	-0.00061273	-0.00104581
8.35	-0.00100692	0.04707536	-0.08571943	0.45020651	-0.00030914	-0.00079037
8.36	-0.00092738	0.04619354	-0.08619570	0.44924846	0.00001127	0.00069252
8.37	-0.00070554	0.04562338	-0.08666642	0.44932768	-0.00023704	0.00005111
8.38	-0.00069742	0.04498249	-0.08671616	0.44959044	-0.00085597	-0.00040716
8.39	-0.00071886	0.04421649	-0.08722860	0.45039103	0.00003361	-0.00026363
8.40	-0.00064358	0.04352739	-0.08752494	0.45025988	-0.00005229	-0.00030150
8.41	-0.00067950	0.04332409	-0.08766133	0.44957947	0.00036807	-0.00011447
8.42	-0.00074840	0.04234407	-0.08832031	0.44965865	-0.00012209	0.00077028
8.43	-0.00081929	0.04158537	-0.08855733	0.45050113	-0.00028696	0.00143526
8.44	-0.00084977	0.04102547	-0.08875765	0.45028166	0.00050100	0.00235977
8.45	-0.00071048	0.04016286	-0.08940063	0.44991085	-0.00046226	0.00172031
8.46	-0.00100598	0.03932356	-0.08954391	0.45018738	-0.00005560	0.00145018
8.47	-0.00078576	0.03880543	-0.08998371	0.45047972	-0.00010859	0.00160311
8.48	-0.00084919	0.03797965	-0.09021455	0.45019642	0.00041729	0.00158864
8.49	-0.00082316	0.03734846	-0.09064234	0.45035201	0.00027635	0.00115982
8.50	-0.00084356	0.03636148	-0.09070784	0.45048190	0.00027550	0.00199375
8.51	-0.00083627	0.03600656	-0.09134018	0.45055449	-0.00052431	0.00120307
8.52	-0.00077301	0.03508908	-0.09156258	0.44895406	-0.00077138	0.00059741
8.53	-0.00120680	0.03479364	-0.09186895	0.44934292	-0.00039872	0.00076897
8.54	-0.00090827	0.03407321	-0.09207914	0.45024958	-0.00021841	-0.00002176
8.55	-0.00083047	0.03320151	-0.09227728	0.45090235	-0.00120321	0.00000102
8.56	-0.00086591	0.03251342	-0.09211934	0.44962804	-0.00057231	0.00014930
8.57	-0.00065346	0.03173606	-0.09247001	0.45025326	-0.00101495	0.00055477
8.58	-0.00057274	0.03075323	-0.09298907	0.45090936	0.00002822	0.00062246
8.59	-0.00083901	0.02985142	-0.09307131	0.44960056	-0.00071115	0.00075774
8.60	-0.00090908	0.02958207	-0.09331240	0.44921341	-0.00121453	0.00066492
8.61	-0.00075387	0.02856410	-0.09371309	0.44820911	-0.00051575	-0.00044060
8.62	-0.00062017	0.02783866	-0.09377372	0.44929262	-0.00127525	-0.00011089
8.63	-0.00061823	0.02729384	-0.09394931	0.44932144	-0.00060381	-0.00034793
8.64	-0.00063921	0.02658001	-0.09437103	0.44987636	-0.00220997	-0.00024972
8.65	-0.00075046	0.02564715	-0.09469832	0.44945914	-0.00178899	0.00055888
8.66	-0.00081699	0.02493144	-0.09503006	0.44976690	-0.00059857	-0.00049829
8.67	-0.00050992	0.02419337	-0.09476316	0.44960837	-0.00036866	0.00016591
8.68	-0.00065933	0.02368790	-0.09513076	0.45052602	-0.00080515	0.00064451
8.69	-0.00084554	0.02277234	-0.09532080	0.45001178	-0.00047146	0.00026856
8.70	-0.00052867	0.02185557	-0.09528755	0.45000290	-0.00053393	0.00077021
8.71	-0.00058646	0.02155163	-0.09557891	0.44961517	-0.00073289	0.00182436
8.72	-0.00059451	0.02044890	-0.09564614	0.44929351	0.00092476	0.00071751
8.73	-0.00063518	0.02001077	-0.09590427	0.44874772	0.00015271	0.00010784
8.74	-0.00091024	0.01922044	-0.09586288	0.44934347	0.00110349	0.00009106
8.75	-0.00098318	0.01830477	-0.09630188	0.44956729	-0.00009236	0.00058587
8.76	-0.00074861	0.01734206	-0.09631181	0.44850881	-0.00060990	0.00155275
8.77	-0.00096614	0.01701001	-0.09667425	0.44900887	-0.00040491	0.00071228
8.78	-0.00101608	0.01615675	-0.09684630	0.44880515	-0.00006741	-0.00007324
8.79	-0.00073821	0.01567933	-0.09691720	0.45011138	-0.00023327	-0.00088953
8.80	-0.00069749	0.01472396	-0.09687662	0.44971418	0.00008246	-0.00040618
8.81	-0.00079831	0.01385442	-0.09700136	0.44867664	0.00075529	0.00024547
8.82	-0.00063667	0.01301985	-0.09713593	0.44922775	-0.00009654	-0.00115710
8.83	-0.00070485	0.01203470	-0.09711075	0.44969629	0.00051616	-0.00004162
8.84	-0.00062381	0.01117389	-0.09736750	0.44981658	0.00141486	-0.00076222
8.85	-0.00057838	0.01043070	-0.09722228	0.44986782	0.00010782	0.00077550
8.86	-0.00060935	0.00995205	-0.09730364	0.44951574	-0.00042784	0.00143797
8.87	-0.00076130	0.00904613	-0.09743063	0.44940653	0.00033542	0.00020368
8.88	-0.00073336	0.00814918	-0.09759024	0.44993378	0.00071247	0.00009159
8.89	-0.00084603	0.00777173	-0.09778282	0.45060495	-0.00046355	-0.00107537
8.90	-0.00124776	0.00695887	-0.09753026	0.45006659	0.00135535	-0.00095136
8.91	-0.00093113	0.00611436	-0.09764635	0.44935398	0.00127996	-0.00079900
8.92	-0.00079725	0.00520274	-0.09775608	0.44986192	0.00017250	0.00104382
8.93	-0.00078741	0.00443339	-0.09788823	0.44976183	-0.00055452	0.00070300
8.94	-0.00088999	0.00388860	-0.09782443	0.44983300	-0.00017960	0.00061035
8.95	-0.00101097	0.00300455	-0.09801049	0.45085085	-0.00001913	0.00100706
8.96	-0.00062606	0.00213678	-0.09770174	0.44928339	-0.00003394	0.00087854
8.97	-0.00101493	0.00166441	-0.09799622	0.45001813	0.00062784	0.00113053
8.98	-0.00107928	0.00076110	-0.09804322	0.45027153	0.00007836	0.00074930
8.99	-0.00093176	0.00009822	-0.09801296	0.44984679	0.00011111	0.00030429
9.00	-0.00099778	0.00016264	-0.09786151	-0.00118122	0.00096827	0.00043727
9.01	-0.00079345	-0.00005271	-0.09801410	-0.00017602	-0.00050150	0.00010562
9.02	-0.00083973	-0.00022520	-0.09819177	0.00081625	-0.00083970	0.00037586
9.03	-0.00077603	-0.00010876	-0.09813436	0.00005325	-0.00086328	0.00059124
9.04	-0.00095820	-0.00022480	-0.09819022	0.00071291	-0.00052344	0.00023704
9.05	-0.00106193	-0.00000960	-0.09808222	0.00116056	-0.00018671	0.00093663
9.06	-0.00089242	-0.00026761	-0.09812018	0.00148648	-0.00005177	0.00113565
9.07	-0.00090406	-0.00004292	-0.09789486	0.00054442	-0.00123625	0.00083757
9.08	-0.00065193	0.00008561	-0.09774568	0.00014186	-0.00071302	0.00074567
9.09	-0.00088556	-0.00003227	-0.09776707	0.00051089	-0.00023914	0.00075493
9.10	-0.00088884	0.00015202	-0.09786736	0.00105647	-0.00109539	0.00062686
9.11	-0.00075215	-0.00005912	-0.09798849	0.00067783	0.00016947	0.00013315
9.12	-0.00095097	0.00019642	-0.09791921	-0.00016901	0.00074447	-0.00009987
9.13	-0.00088467	-0.00019050	-0.09763750	-0.00058212	-0.00010744	-0.00050404
9.14	-0.00071417	-0.00000058	-0.09785048	-0.00016985	0.00012612	-0.00042508
9.15	-0.00073547	-0.00016293	-0.09796078	-0.00019581	-0.00029333	0.00094260
9.16	-0.00111997	-0.00004095	-0.09804182	-0.00173949	-0.00037891	0.00035331
9.17	-0.00077323	-0.00000223	-0.09788599	0.00066676	-0.00137114	-0.00022277
9.18	-0.00044895	0.00031163	-0.09775720	0.00012143	-0.00030257	-0.00068300
9.19	-0.00115872	-0.00016577	-0.09785341	0.00033795	-0.00052661	0.00065370
9.20	-0.00062768	0.00013057	-0.09780965	0.00018864	-0.00063060	0.00052645
9.21	-0.00071414	-0.00029597	-0.09774713	0.00041312	-0.00001921	0.00046525
9.22	-0.00090647	-0.00015482	-0.09795889	0.00054983	0.00004644	-0.00018491
9.23	-0.00069400	0.00015609	-0.09793778	-0.00022546	-0.00011351	-0.00042950
9.24	-0.00060214	-0.00006750	-0.09775741	0.00108860	0.00050979	0.00020834
9.25	-0.00054008	-0.00001480	-0.09796606	0.00163539	0.00028633	0.00036250
9.26	-0.00070957	-0.00001558	-0.09793785	0.00148631	0.00083304	0.00060986
9.27	-0.00048953	-0.00000894	-0.09794235	0.00111034	-0.00008232	-0.00033772
9.28	-0.00082945	-0.00040211	-0.09777973	0.00092955	0.00042107	0.00025548
9.29	-0.00080642	-0.00042096	-0.09800540	0.00062957	-0.00126753	0.00026237
9.30	-0.00103802	0.00007615	-0.09798556	0.00053354	0.00057766	0.00065405
9.31	-0.00098378	-0.00006433	-0.09791765	0.00106591	0.00089847	0.00045886
9.32	-0.00079860	-0.00017554	-0.09793778	-0.00001276	0.00042071	0.00066008
9.33	-0.00054834	-0.00018576	-0.09792612	0.00024936	0.00090242	0.00003974
9.34	-0.00066066	-0.00011549	-0.09778404	-0.00099817	0.00120069	0.00023349
9.35	-0.00051672	-0.00016097	-0.09826879	-0.00046357	0.00130266	0.00059837
9.36	-0.00067932	-0.00021146	-0.09785579	0.00102508	0.00082529	-0.00015154
9.37	-0.00076623	-0.00021975	-0.09791250	0.00018813	0.00026970	-0.00092062
9.38	-0.00059583	0.00012329	-0.09797249	-0.00047082	0.00016237	-0.00061138
9.39	-0.00057052	-0.00015287	-0.09781297	0.00046320	0.00089264	0.00005877
9.40	-0.00082099	-0.00008473	-0.09763378	-0.00022702	0.00033381	0.00039128
9.41	-0.00097818	-0.00006193	-0.09768250	-0.00004706	-0.00130476	-0.00059340
9.42	-0.00074378	-0.00005539	-0.09787233	-0.00018589	0.00023253	-0.00045646
9.43	-0.00097763	0.00004529	-0.09778869	0.00024915	0.00017704	-0.00083743
9.44	-0.00079324	-0.00017065	-0.09766536	-0.00010765	-0.00099924	-0.00090005
9.45	-0.00085820	-0.00024030	-0.09764742	0.00080255	-0.00111446	-0.00011416
9.46	-0.00091230	-0.00016334	-0.09796953	0.00123083	-0.00084867	0.00021554
9.47	-0.00063050	-0.00012914	-0.09784542	0.00120983	0.00114601	-0.00031451
9.48	-0.00051009	0.00009442	-0.09784081	0.00031393	0.00067244	-0.00121693
9.49	-0.00065230	-0.00027443	-0.09812418	-0.00071137	0.00100807	0.00013746
9.50	-0.00061898	-0.00003770	-0.09808192	0.00024966	0.00107439	-0.00005488
9.51	-0.00061708	0.00001573	-0.09785372	-0.00036254	0.00042530	-0.00019257
9.52	-0.00077995	-0.00011335	-0.09802928	0.00051755	0.00012801	-0.00043804
9.53	-0.00054454	-0.00010006	-0.09780423	-0.00039313	0.00002686	-0.00000710
9.54	-0.00033712	-0.00006104	-0.09785247	-0.00007593	0.00048132	-0.00007565
9.55	-0.00076043	-0.00020467	-0.09799466	0.00098053	0.00000417	-0.00029389
9.56	-0.00057025	-0.00014573	-0.09788553	0.00007660	0.00078215	-0.00051002
9.57	-0.00040632	-0.00016781	-0.09771252	-0.00035321	0.00061998	0.00005621
9.58	-0.00054921	0.00012402	-0.09812234	-0.00027886	-0.00001688	-0.00056847
9.59	-0.00057276	-0.00020911	-0.09769905	-0.00012838	0.00025544	0.00034590
9.60	-0.00043223	-0.00009614	-0.09786428	0.00020721	0.00155465	-0.00006070
9.61	-0.00074393	0.00011209	-0.09778070	0.00023833	0.00115477	0.00035466
9.62	-0.00065797	-0.00007626	-0.09787821	-0.00011549	0.00000530	0.00054541
9.63	-0.00076343	0.00013186	-0.09792833	0.00059730	0.00136580	-0.00011377
9.64	-0.00053367	-0.00030054	-0.09802506	-0.00037428	0.00000439	0.00049951
9.65	-0.00059429	0.00004475	-0.09766882	-0.00010453	0.00095689	0.00058063
9.66	-0.00087163	0.00006102	-0.09807254	0.00017772	0.00021558	-0.00016290
9.67	-0.00077343	0.00033143	-0.09785939	0.00013744	-0.00005821	0.00100880
9.68	-0.00071267	-0.00002785	-0.09787965	0.00056101	0.00024366	0.00006579
9.69	-0.00079864	0.00005057	-0.09802150	0.00021422	0.00008481	-0.00122019
9.70	-0.00056801	0.00008069	-0.09776676	0.00093718	0.00026463	-0.00050275
9.71	-0.00093168	-0.00016181	-0.09809609	0.00035370	-0.00035661	0.00009586
9.72	-0.00069096	-0.00009797	-0.09807123	0.00022182	0.00077356	-0.00025406
9.73	-0.00073452	0.00018319	-0.09755232	-0.00001962	0.00081155	0.00038813
9.74	-0.00063724	-0.00017434	-0.09801202	0.00017770	0.00033786	-0.00060094
9.75	-0.00077950	-0.00016361	-0.09793143	0.00000812	-0.00013644	-0.00054444
9.76	-0.00074263	-0.00008685	-0.09792961	0.00082906	0.00015143	0.00085079
9.77	-0.00094269	-0.00025823	-0.09793551	0.00123788	0.00157293	0.00092766
9.78	-0.00117020	0.00016201	-0.09796605	0.00072655	-0.00008842	0.00017077
9.79	-0.00085891	-0.00000577	-0.09761794	0.00121034	0.00074479	-0.00013308
9.80	-0.00063658	0.00016184	-0.09782552	0.00050819	-0.00005203	-0.00093448
9.81	-0.00093026	-0.00004078	-0.09790929	0.00028153	0.00068836	0.00034443
9.82	-0.00084090	-0.00000167	-0.09796615	0.00133113	0.00095661	0.00016796
9.83	-0.00086282	0.00000226	-0.09770905	0.00060602	0.00092659	-0.00040587
9.84	-0.00072222	-0.00002947	-0.09797267	0.00187005	0.00052650	-0.00034804
9.85	-0.00074822	0.00007748	-0.09785195	0.00105974	0.00129524	0.00087909
9.86	-0.00074002	-0.00005162	-0.09772535	-0.00058304	0.00112455	0.00063915
9.87	-0.00077848	-0.00004026	-0.09785040	0.00000856	0.00088855	-0.00057508
9.88	-0.00078331	-0.00018677	-0.09779756	0.00144754	0.00075495	-0.00029828
9.89	-0.00077249	0.00008832	-0.09795156	0.00122018	0.00045562	-0.00005695
9.90	-0.00065261	0.00003123	-0.09794693	0.00122712	-0.00019165	-0.00044538
9.91	-0.00084343	-0.00033765	-0.09801705	0.00047619	-0.00009347	-0.00035517
9.92	-0.00076297	-0.00011872	-0.09771180	0.00019699	0.00027160	-0.00113184
9.93	-0.00068135	-0.00014042	-0.09813766	0.00019414	0.00140242	-0.00079220
9.94	-0.00091941	-0.00059103	-0.09802599	0.00017534	0.00049230	-0.00112836
9.95	-0.00144906	0.00015625	-0.09788678	0.00091092	0.00030199	0.00046020
9.96	-0.00080592	-0.00001169	-0.09780646	-0.00059974	0.00027382	-0.00000106
9.97	-0.00099277	-0.00047420	-0.09793035	0.00031356	-0.00024759	0.00053135
9.98	-0.00064323	-0.00006531	-0.09782043	0.00053493	0.00032322	0.00004036
9.99	-0.00062839	0.00029851	-0.09801751	-0.00006541	0.00026952	-0.00010100
10.00	-0.00008615	0.00009566	-0.09780093	-0.00048205	0.45068227	0.00071906
10.01	0.00062151	-0.00001127	-0.09749368	0.00047579	0.44961295	-0.00004014
10.02	0.00190846	0.00018314	-0.09764567	-0.00032499	0.45047987	0.00073985
10.03	0.00232803	-0.00010835	-0.09771642	-0.00023405	0.45187083	-0.00005463
10.04	0.00298904	-0.00028195	-0.09764691	0.00029017	0.45095176	-0.00016562
10.05	0.00377645	-0.00027119	-0.09791527	0.00018384	0.45081684	0.00071244
10.06	0.00426829	-0.00006846	-0.09749715	0.00100183	0.45060401	0.00081335
10.07	0.00513275	0.00005532	-0.09770274	-0.00175285	0.45014944	0.00093286
10.08	0.00647371	-0.00017602	-0.09765118	-0.00055132	0.45166973	-0.00011264
10.09	0.00722810	-0.00003557	-0.09758047	-0.00079003	0.45087265	0.00049760
10.10	0.00768052	0.00003224	-0.09747854	0.00043690	0.45144753	0.00089108
10.11	0.00818434	0.00006511	-0.09760766	-0.00116568	0.45104516	0.00029183
10.12	0.00916630	-0.00027060	-0.09718396	-0.00011142	0.45111282	-0.00017485
10.13	0.00987178	0.00004180	-0.09731946	-0.00005854	0.45155255	-0.00088517
10.14	0.01077809	-0.00009542	-0.09722827	-0.00000066	0.45150109	-0.00021316
10.15	0.01169386	-0.00022887	-0.09727583	0.00016521	0.45031638	-0.00109245
10.16	0.01196752	-0.00030547	-0.09720978	0.00060410	0.45096694	0.00031782
10.17	0.01293384	-0.00032948	-0.09682035	0.00020982	0.45065774	0.00053314
10.18	0.01351908	-0.00017180	-0.09676076	-0.00046744	0.45208322	0.00084885
10.19	0.01445430	-0.00032986	-0.09674928	-0.00038647	0.45159996	0.00000550
10.20	0.01510795	-0.00013419	-0.09672968	-0.00040225	0.45054152	-0.00012746
10.21	0.01638055	-0.00035162	-0.09654957	0.00018376	0.45013992	-0.00081641
10.22	0.01663847	-0.00001331	-0.09593880	0.00002820	0.45083370	0.00021291
10.23	0.01743856	0.00002378	-0.09630532	-0.00038171	0.45082092	0.00030735
10.24	0.01796408	-0.00033169	-0.09594592	-0.00045684	0.45174647	0.00098609
10.25	0.01901385	-0.00032596	-0.09575435	-0.00003656	0.45101831	-0.00043774
10.26	0.01964212	-0.00010548	-0.09584877	0.00022010	0.45121556	0.00088092
10.27	0.02061396	-0.00018560	-0.09562013	-0.00034638	0.45109486	-0.00007675
10.28	0.02159178	-0.00021156	-0.09571729	-0.00011875	0.44971221	-0.00031448
10.29	0.02199365	0.00014582	-0.09545288	-0.00086550	0.45056743	0.00042392
10.30	0.02293371	-0.00002779	-0.09511688	0.00013437	0.44921894	0.00003019
10.31	0.02354973	-0.00021400	-0.09471269	0.00049000	0.45004638	-0.00017393
10.32	0.02437555	-0.00017577	-0.09492149	0.00007532	0.44930415	-0.00042801
10.33	0.02503910	-0.00007919	-0.09473232	-0.00032460	0.45024336	-0.00065186
10.34	0.02559902	-0.00053281	-0.09443359	-0.00017930	0.44949074	-0.00040886
10.35	0.02681229	0.00000464	-0.09415564	-0.00023562	0.44978811	-0.00044486
10.36	0.02732394	-0.00018846	-0.09406905	-0.00027536	0.44922154	-0.00004192
10.37	0.02816409	-0.00039415	-0.09363804	0.00013700	0.45019888	-0.00043826
10.38	0.02908864	-0.00056792	-0.09338307	0.00001112	0.45024134	0.00029704
10.39	0.02956219	-0.00026196	-0.09320502	0.00009743	0.45069242	0.00014612
10.40	0.03016405	-0.00037296	-0.09308904	0.00044005	0.45048999	-0.00154060
10.41	0.03078048	-0.00053984	-0.09257097	0.00128174	0.45011664	-0.00037838
10.42	0.03164713	-0.00018057	-0.09246769	0.00040308	0.44906093	-0.00067915
10.43	0.03236047	-0.00021719	-0.09249963	0.00134729	0.44987123	-0.00074307
10.44	0.03310314	0.00009279	-0.09218734	0.00064810	0.45015926	-0.00128472
10.45	0.03367452	-0.00016949	-0.09169835	0.00007779	0.44954216	-0.00051325
10.46	0.03458470	-0.00009672	-0.09159224	0.00077566	0.44965826	-0.00004926
10.47	0.03538413	-0.00031680	-0.09120180	0.00024082	0.44912902	-0.00112203
10.48	0.03583137	-0.00033271	-0.09122084	0.00005697	0.44917755	-0.00094906
10.49	0.03688267	-0.00028688	-0.09090903	0.00030468	0.45062053	0.00005579
10.50	0.03735632	-0.00019477	-0.09066934	0.00146106	0.44890760	-0.00011171
10.51	0.03810878	-0.00040865	-0.09031167	0.00025854	0.44964333	-0.00065565
10.52	0.03873723	-0.00023645	-0.08991132	0.00031022	0.44917965	-0.00099295
10.53	0.03950528	-0.00023611	-0.08935514	0.00011278	0.45071553	-0.00080156
10.54	0.04006744	-0.00030698	-0.08943391	0.00031332	0.45091625	-0.00114960
10.55	0.04108382	-0.00035543	-0.08895474	-0.00011238	0.45041014	-0.00042511
10.56	0.04180556	-0.00001872	-0.08863355	-0.00028906	0.44954963	-0.00067305
10.57	0.04238534	-0.00027481	-0.08826899	0.00024722	0.44953517	-0.00047155
10.58	0.04314471	-0.00002298	-0.08805161	0.00058730	0.45014306	-0.00102702
10.59	0.04354163	0.00004827	-0.08764146	0.00072458	0.45041685	-0.00093623
10.60	0.04439818	0.00009472	-0.08700577	0.00038778	0.44937363	-0.00074073
10.61	0.04539942	-0.00010586	-0.08674996	0.00160311	0.44979614	-0.00109508
10.62	0.04594132	-0.00007176	-0.08636209	0.00040426	0.45083055	-0.00036551
10.63	0.04645309	-0.00013747	-0.08612964	0.00030007	0.45035657	-0.00094078
10.64	0.04717516	-0.00002549	-0.08562558	0.00094975	0.44896935	0.00095751
10.65	0.04772794	-0.00010187	-0.08531490	0.00043987	0.44923603	-0.00092937
10.66	0.04855218	-0.00000704	-0.08477260	0.00076848	0.44895301	-0.00155368
10.67	0.04936779	0.00009939	-0.08460755	0.00059946	0.45040228	-0.00129215
10.68	0.04975578	0.00015774	-0.08428871	0.00044748	0.44964193	-0.00098579
10.69	0.05057062	0.00000096	-0.08376858	0.00041970	0.44934910	-0.00034587
10.70	0.05100027	0.00004120	-0.08369295	0.00100527	0.44894341	-0.00097376
10.71	0.05193575	0.00011456	-0.08314038	0.00156985	0.44924654	-0.00096742
10.72	0.05269573	-0.00004627	-0.08267451	0.00175410	0.44979361	-0.00149565
10.73	0.05299920	-0.00027803	-0.08214089	0.00202688	0.45022419	-0.00084676
10.74	0.05365727	-0.00018410	-0.08166267	0.00194514	0.45041081	-0.00055978
10.75	0.05442920	-0.00020465	-0.08149677	0.00109527	0.45021542	-0.00043755
10.76	0.05507389	-0.00008096	-0.08121058	0.00114068	0.44930267	-0.00019814
10.77	0.05570849	-0.00022756	-0.08075139	0.00104580	0.44928955	-0.00062766
10.78	0.05642270	-0.00002739	-0.08017570	0.00098684	0.44986092	-0.00058152
10.79	0.05695244	0.00001603	-0.07975077	0.00084358	0.44957834	-0.00100617
10.80	0.05755315	-0.00026002	-0.07886547	0.00087993	0.44975949	-0.00122496
10.81	0.05828776	-0.00000839	-0.07841768	0.00080099	0.45047367	-0.00104277
10.82	0.05905975	-0.00000690	-0.07831993	0.00234705	0.45061475	-0.00079603
10.83	0.05969064	0.00008752	-0.07806542	0.00128989	0.44931010	-0.00145996
10.84	0.06015309	0.00005828	-0.07739834	0.00033865	0.45040367	-0.00039856
10.85	0.06079443	0.00002239	-0.07712610	0.00095433	0.45050917	-0.00105095
10.86	0.06123310	-0.00014462	-0.07636116	0.00076471	0.44972310	-0.00104897
10.87	0.06177243	-0.00009750	-0.07618244	0.00169422	0.45016895	-0.00034615
10.88	0.06247938	-0.00032557	-0.07562687	0.00093228	0.45040831	-0.00059069
10.89	0.06296636	-0.00006928	-0.07477551	0.00219012	0.45086696	-0.00084675
10.90	0.06342232	-0.00028127	-0.07469857	0.00033083	0.45053490	-0.00061965
10.91	0.06408336	-0.00019676	-0.07377889	0.00103086	0.44971595	0.00019252
10.92	0.06483675	-0.00039691	-0.07354820	0.00012186	0.45018094	-0.00045788
10.93	0.06554126	-0.00008501	-0.07277957	0.00123252	0.45061678	-0.00044207
10.94	0.06598613	0.00007209	-0.07256597	0.00156504	0.45103191	-0.00073759
10.95	0.06630839	-0.00031923	-0.07174294	0.00102709	0.45033805	0.00034516
10.96	0.06707918	-0.00008765	-0.07133334	0.00133505	0.45077383	0.00038371
10.97	0.06752424	-0.00012170	-0.07091682	0.00075642	0.45102807	-0.00111459
10.98	0.06785934	-0.00018678	-0.07028565	0.00162441	0.45136367	-0.00024368
10.99	0.06867641	-0.00003122	-0.06989078	0.00196409	0.45229537	-0.00013148
11.00	0.06829973	-0.00028721	-0.07051022	0.00203916	-0.44834756	-0.00065068
11.01	0.06784542	0.00004856	-0.07056834	0.00133527	-0.44886851	-0.00023447
11.02	0.06681590	-0.00026774	-0.07147624	0.00201256	-0.44849777	0.00004536
11.03	0.06636011	-0.00010616	-0.07163300	0.00056607	-0.44875593	0.00050151
11.04	0.06588565	-0.00022684	-0.07217189	0.00185476	-0.44956721	0.00016393
11.05	0.06529724	-0.00004632	-0.07285282	0.00129582	-0.44909870	-0.00015391
11.06	0.06475519	0.00006969	-0.07369781	0.00103508	-0.44905852	-0.00024384
11.07	0.06425291	-0.00012655	-0.07406004	0.00149519	-0.44950157	-0.00058309
11.08	0.06365845	-0.00040284	-0.07469182	0.00047057	-0.44970419	-0.00013269
11.09	0.06326513	0.00012294	-0.07507459	0.00032186	-0.44859768	-0.00003327
11.10	0.06262952	-0.00010307	-0.07532862	0.00111596	-0.44981368	-0.00022192
11.11	0.06200459	-0.00004569	-0.07576985	0.00150480	-0.45015972	0.00048078
11.12	0.06130580	0.00026070	-0.07672952	0.00109134	-0.44918724	-0.00009818
11.13	0.06067678	-0.00008345	-0.07728075	0.00062482	-0.44967480	0.00084012
11.14	0.05988672	-0.00016801	-0.07740724	0.00064300	-0.45058684	0.00114708
11.15	0.05924422	-0.00017388	-0.07794809	0.00161599	-0.44995683	0.00087877
11.16	0.05886137	-0.00023823	-0.07850642	0.00089132	-0.45004070	0.00057262
11.17	0.05809785	-0.00012252	-0.07875828	0.00035896	-0.45053180	0.00039091
11.18	0.05756615	-0.00009516	-0.07929411	0.00078177	-0.45017542	0.00084267
11.19	0.05685038	-0.00016660	-0.07988718	-0.00007569	-0.44949083	0.00034207
11.20	0.05643925	-0.00021197	-0.08032466	0.00019652	-0.45061629	0.00062468
11.21	0.05568955	-0.00031294	-0.08066237	0.00112466	-0.44960651	0.00026143
11.22	0.05493801	-0.00020924	-0.08070715	0.00055852	-0.44980272	0.00005327
11.23	0.05447367	-0.00030732	-0.08166087	0.00070185	-0.44994268	0.00003054
11.24	0.05377983	0.00007453	-0.08222945	0.00069091	-0.44871858	0.00029457
11.25	0.05287436	-0.00031238	-0.08253130	-0.00023366	-0.44954690	0.00180561
11.26	0.05249964	-0.00004826	-0.08287262	0.00127231	-0.44927854	0.00171308
11.27	0.05182176	-0.00001204	-0.08288021	0.00165188	-0.44972382	0.00098214
11.28	0.05130799	0.00027671	-0.08365128	0.00014550	-0.44913903	0.00036657
11.29	0.05043265	-0.00002256	-0.08414801	-0.00002940	-0.45087780	0.00047692
11.30	0.04995290	0.00009290	-0.08432398	0.00046342	-0.45062237	-0.00004359
11.31	0.04933619	0.00014037	-0.08480825	0.00083975	-0.45001568	-0.00035576
11.32	0.04882553	-0.00007356	-0.08469675	0.00003306	-0.45050174	0.00076477
11.33	0.04782392	0.00013387	-0.08526134	0.00060769	-0.45026813	-0.00019278
11.34	0.04715044	0.00002686	-0.08567664	0.00026176	-0.44995856	-0.00007921
11.35	0.04688189	0.00008062	-0.08647864	-0.00044535	-0.44975028	0.00033039
11.36	0.04603199	-0.00007793	-0.08683392	-0.00038488	-0.45091082	-0.00018873
11.37	0.04543061	-0.00023205	-0.08694744	0.00001318	-0.45001278	0.00023688
11.38	0.04467368	-0.00012087	-0.08708477	0.00050272	-0.45038607	0.00020187
11.39	0.04379903	-0.00009338	-0.08781562	-0.00114954	-0.44977465	0.00134764
11.40	0.04310909	-0.00009905	-0.08795098	0.00118218	-0.44941646	0.00030411
11.41	0.04243161	-0.00006562	-0.08838533	0.00086571	-0.45004268	-0.00000554
11.42	0.04194038	0.00020777	-0.08832736	0.00053854	-0.44906315	-0.00061090
11.43	0.04135766	0.00019776	-0.08893159	-0.00012457	-0.45082722	-0.00031152
11.44	0.04014348	0.00012219	-0.08919810	-0.00004847	-0.44855396	0.00019630
11.45	0.03971774	0.00011599	-0.08941970	0.00120189	-0.45107229	0.00025973
11.46	0.03904554	0.00014351	-0.08982213	0.00035964	-0.45097560	0.00014222
11.47	0.03804586	-0.00009476	-0.09028249	0.00008656	-0.45100561	-0.00026515
11.48	0.03754190	-0.00013698	-0.09044058	0.00078640	-0.45031174	0.00029315
11.49	0.03704191	0.00024246	-0.09053620	-0.00026745	-0.45007314	-0.00075613
11.50	0.03624821	0.00017332	-0.09057933	0.00034473	-0.45109475	-0.00099780
11.51	0.03555285	0.00003490	-0.09154459	0.00066732	-0.45048086	0.00054901
11.52	0.03475992	-0.00013369	-0.09202255	0.00074323	-0.45003404	0.00045203
11.53	0.03405257	0.00038368	-0.09221458	0.00179367	-0.45034025	0.00052703
11.54	0.03325367	0.00008118	-0.09209292	0.00032898	-0.45078565	0.00027618
11.55	0.03270979	-0.00021851	-0.09262552	0.00043895	-0.45158670	-0.00018151
11.56	0.03176766	0.00000436	-0.09256115	0.00157807	-0.45101150	-0.00078009
11.57	0.03099209	-0.00008260	-0.09307867	0.00064589	-0.45118943	0.00059198
11.58	0.03030189	0.00006733	-0.09314905	0.00059063	-0.45099815	0.00040247
11.59	0.02954818	-0.00012458	-0.09348704	0.00167370	-0.45102562	-0.00086550
11.60	0.02913596	-0.00012532	-0.09341861	0.00162024	-0.45173374	0.00061270
11.61	0.02805237	-0.00059107	-0.09364009	0.00216463	-0.45176917	0.00040126
11.62	0.02758323	-0.00016683	-0.09401815	0.00123821	-0.45151411	0.00040235
11.63	0.02644792	-0.00002046	-0.09389536	0.00099381	-0.45140894	0.00049674
11.64	0.02582466	-0.00033985	-0.09418835	0.00198926	-0.45093958	0.00012925
11.65	0.02514746	0.00004760	-0.09474096	0.00099416	-0.45180579	-0.00039723
11.66	0.02456139	-0.00004419	-0.09492366	0.00053253	-0.44959548	0.00028936
11.67	0.02360633	-0.00019478	-0.09499880	0.00051676	-0.45109765	0.00015661
11.68	0.02304966	-0.00022949	-0.09525887	0.00051009	-0.45161650	0.00114153
11.69	0.02234231	-0.00035985	-0.09536235	0.00095978	-0.45094764	0.00007174
11.70	0.02140445	0.00002251	-0.09515029	-0.00082713	-0.45001920	-0.00034605
11.71	0.02094738	0.00001534	-0.09590038	-0.00023093	-0.45009516	-0.00058708
11.72	0.01981195	0.00001975	-0.09602206	-0.00054001	-0.45087845	-0.00038207
11.73	0.01916541	0.00005142	-0.09605168	0.00041128	-0.45074641	0.00018544
11.74	0.01816104	0.00025216	-0.09649671	0.00092639	-0.45073685	-0.00047440
11.75	0.01794396	0.00007675	-0.09648684	0.00081679	-0.45079805	-0.00029837
11.76	0.01666630	0.00006808	-0.09629077	0.00076974	-0.45112914	-0.00043596
11.77	0.01655854	0.00013386	-0.09639612	0.00073267	-0.45151970	0.00000457
11.78	0.01526517	0.00037604	-0.09706670	0.00107894	-0.45196904	0.00011588
11.79	0.01477385	-0.00009224	-0.09685531	0.00036868	-0.45194107	-0.00082163
11.80	0.01388248	0.00032990	-0.09693764	0.00026253	-0.45233949	0.00008182
11.81	0.01303792	0.00021038	-0.09694588	0.00125784	-0.45134341	0.00028279
11.82	0.01216392	0.00016761	-0.09696169	0.00055286	-0.45113255	0.00080436
11.83	0.01183650	0.00036980	-0.09732166	-0.00030940	-0.44968861	0.00063185
11.84	0.01099579	0.00017503	-0.09734071	0.00042933	-0.45120405	-0.00025565
11.85	0.01047272	0.00021592	-0.09750860	-0.00021078	-0.44977035	0.00055412
11.86	0.00919857	0.00001827	-0.09746981	-0.00037151	-0.45073032	-0.00007898
11.87	0.00860622	-0.00006407	-0.09755252	0.00057108	-0.45070552	0.00043275
11.88	0.00775222	0.00004973	-0.09785068	0.00037250	-0.45165070	0.00037132
11.89	0.00688800	-0.00002075	-0.09780931	0.00049680	-0.45109164	0.00036203
11.90	0.00630511	-0.00019654	-0.09783562	0.00085762	-0.45072765	0.00080376
11.91	0.00563545	-0.00009518	-0.09796170	0.00027138	-0.45143820	0.00029985
11.92	0.00456364	-0.00006709	-0.09831906	0.00034265	-0.45025662	0.00077485
11.93	0.00400934	0.00004441	-0.09807921	-0.00059973	-0.45171821	0.00035752
11.94	0.00318729	0.00025230	-0.09795004	0.00029099	-0.45015492	-0.00053220
11.95	0.00239739	0.00002188	-0.09790978	0.00011397	-0.45124429	-0.00051906
11.96	0.00149177	0.00023167	-0.09788055	-0.00052998	-0.45087840	0.00068674
11.97	0.00078571	-0.00019668	-0.09802129	-0.00033989	-0.45126305	0.00030764
11.98	0.00016766	0.00000006	-0.09784548	-0.00007730	-0.45093775	0.00038375
11.99	-0.00074474	-0.00007445	-0.09778681	0.00044175	-0.45123154	-0.00064229
12.00	-0.00150298	-0.00003755	-0.09808246	-0.00016531	-0.45067618	-0.00008655
12.01	-0.00205526	0.00010825	-0.09799791	-0.00012801	-0.45070116	0.00031415
12.02	-0.00301944	0.00003795	-0.09802837	-0.00047583	-0.45197657	-0.00080373
12.03	-0.00345889	-0.00008754	-0.09826013	-0.00064450	-0.45143787	-0.00045913
12.04	-0.00417611	-0.00016375	-0.09764959	-0.00059859	-0.45041271	0.00105120
12.05	-0.00484796	0.00027937	-0.09807884	-0.00023463	-0.45068594	0.00114342
12.06	-0.00605624	0.00018746	-0.09781375	0.00056502	-0.45015023	0.00013289
12.07	-0.00676545	0.00030136	-0.09799526	-0.00063546	-0.45057252	0.00013144
12.08	-0.00768771	0.00006595	-0.09791812	-0.00012238	-0.45199763	-0.00078676
12.09	-0.00828631	-0.00013106	-0.09746825	-0.00000406	-0.45060883	0.00027087
12.10	-0.00897312	-0.00009907	-0.09765340	-0.00044737	-0.44937239	-0.00013526
12.11	-0.00997315	-0.00020224	-0.09764884	0.00046319	-0.44994742	0.00003635
12.12	-0.01056300	0.00005711	-0.09760690	-0.00041463	-0.45095542	-0.00038838
12.13	-0.01121902	-0.00008544	-0.09728399	-0.00019909	-0.44983174	-0.00012135
12.14	-0.01216808	0.00006470	-0.09722371	0.00055467	-0.45010007	-0.00021672
12.15	-0.01261097	-0.00021430	-0.09722970	0.00097172	-0.45118342	-0.00028225
12.16	-0.01393577	-0.00023860	-0.09723601	0.00050086	-0.44975369	-0.00003306
12.17	-0.01453431	-0.00040351	-0.09689242	0.00012691	-0.45064861	0.00038348
12.18	-0.01512708	0.00008614	-0.09705754	0.00047178	-0.44916376	-0.00035761
12.19	-0.01585579	-0.00007532	-0.09687697	-0.00024852	-0.44960658	-0.00117676
12.20	-0.01684467	-0.00018946	-0.09660035	0.00125465	-0.45023300	0.00016111
12.21	-0.01783459	0.00012789	-0.09649776	-0.00079916	-0.45027939	-0.00008213
12.22	-0.01823525	-0.00036640	-0.09627665	0.00050509	-0.45022970	-0.00024746
12.23	-0.01889756	-0.00018138	-0.09600018	-0.00064313	-0.44906594	0.00012631
12.24	-0.01966002	-0.00030397	-0.09613491	0.00020213	-0.45038563	-0.00023404
12.25	-0.02033038	-0.00028822	-0.09571157	-0.00053279	-0.44984617	0.00037927
12.26	-0.02126216	-0.00004209	-0.09603540	-0.00125837	-0.45010908	-0.00123353
12.27	-0.02190391	-0.00052074	-0.09568561	0.00062052	-0.44988795	-0.00051128
12.28	-0.02283716	-0.00026243	-0.09512570	-0.00063161	-0.45039124	-0.00040308
12.29	-0.02347954	-0.00028822	-0.09512475	-0.00044150	-0.45117439	0.00054972
12.30	-0.02439107	0.00008814	-0.09510606	-0.00024747	-0.44950380	0.00086069
12.31	-0.02516989	-0.00005162	-0.09480036	-0.00045738	-0.44991802	0.00051749
12.32	-0.02591918	0.00008332	-0.09439231	-0.00061487	-0.45068182	0.00106581
12.33	-0.02670213	0.00006895	-0.09426680	0.00006726	-0.45052019	0.00034222
12.34	-0.02743787	0.00004838	-0.09431886	-0.00130617	-0.44997097	-0.00029479
12.35	-0.02839662	-0.00015292	-0.09404664	-0.00027758	-0.44972495	0.00050206
12.36	-0.02885193	-0.00034172	-0.09368601	-0.00008922	-0.44900736	-0.00000625
12.37	-0.02956191	-0.00002745	-0.09337703	-0.00049489	-0.44894601	-0.00058932
12.38	-0.03032032	-0.00021229	-0.09340617	-0.00004785	-0.45012422	-0.00050744
12.39	-0.03100603	0.00009260	-0.09306732	-0.00073403	-0.45020138	-0.00002458
12.40	-0.03173579	0.00002566	-0.09281985	0.00083865	-0.45020149	-0.00007208
12.41	-0.03211579	-0.00017732	-0.09274441	-0.00049055	-0.44982111	0.00091730
12.42	-0.03275220	-0.00016461	-0.09169660	0.00019934	-0.44934990	-0.00021581
12.43	-0.03390782	-0.00026499	-0.09195466	-0.00033852	-0.45107905	0.00047915
12.44	-0.03456834	-0.00010267	-0.09176303	0.00064608	-0.44986037	0.00029712
12.45	-0.03537254	-0.00021853	-0.09141538	-0.00033077	-0.45035916	-0.00011457
12.46	-0.03627895	0.00024205	-0.09101488	-0.00011557	-0.45043814	0.00027258
12.47	-0.03690085	-0.00018923	-0.09085716	0.00040142	-0.45022537	-0.00086952
12.48	-0.03738758	-0.00004999	-0.09040022	0.00076557	-0.44982560	-0.00011930
12.49	-0.03798929	-0.00007066	-0.09029595	0.00037803	-0.45055184	-0.00113596
12.50	-0.03899468	-0.00032379	-0.09005212	-0.00039185	-0.44932260	-0.00043340
12.51	-0.03935399	-0.00049824	-0.09001405	0.00093460	-0.44979285	-0.00051323
12.52	-0.04011571	-0.00001316	-0.08938115	-0.00011802	-0.45064483	-0.00034586
12.53	-0.04092018	0.00005948	-0.08923294	-0.00012052	-0.45053713	0.00044365
12.54	-0.04156853	-0.00004046	-0.08878510	0.00084658	-0.45039096	-0.00019334
12.55	-0.04220935	0.00009892	-0.08828952	-0.00026277	-0.45012497	-0.00101756
12.56	-0.04266713	-0.00019294	-0.08806402	-0.00022179	-0.44981613	-0.00033208
12.57	-0.04373423	-0.00009600	-0.08790910	0.00117786	-0.45070446	-0.00111755
12.58	-0.04442506	0.00007205	-0.08752308	0.00020800	-0.45068723	-0.00089618
12.59	-0.04517326	0.00003198	-0.08684815	0.00054154	-0.45029974	-0.00105226
12.60	-0.04585078	-0.00007107	-0.08655852	0.00078672	-0.45018081	-0.00151693
12.61	-0.04649644	-0.00006848	-0.08606738	0.00020877	-0.45035367	-0.00051029
12.62	-0.04708281	-0.00032148	-0.08564482	-0.00054517	-0.45147038	-0.00044038
12.63	-0.04788757	0.00005399	-0.08540136	0.00040914	-0.45078190	-0.00091129
12.64	-0.04837913	0.00018084	-0.08482450	0.00003669	-0.45067362	-0.00110536
12.65	-0.04899913	-0.00010593	-0.08452739	-0.00024344	-0.45060351	-0.00049343
12.66	-0.04935441	0.00014168	-0.08418680	0.00087421	-0.45061813	-0.00108752
12.67	-0.05072964	0.00011653	-0.08386233	0.00025258	-0.45059808	-0.00139675
12.68	-0.05105481	-0.00014042	-0.08362733	-0.00044645	-0.45075401	-0.00035949
12.69	-0.05182469	-0.00016716	-0.08333146	-0.00069239	-0.45130610	-0.00112916
12.70	-0.05247657	-0.00023620	-0.08276825	-0.00026011	-0.45088874	-0.00099771
12.71	-0.05306132	0.00017027	-0.08233488	-0.00049810	-0.45069760	-0.00049649
12.72	-0.05391466	-0.00026819	-0.08156376	0.00020540	-0.45005995	-0.00069100
12.73	-0.05440751	-0.00030219	-0.08153922	0.00047916	-0.45118754	-0.00054856
12.74	-0.05519708	-0.00035770	-0.08110006	-0.00043899	-0.45037795	-0.00011811
12.75	-0.05574247	-0.00032400	-0.08060029	0.00031553	-0.44997234	-0.00054546
12.76	-0.05649003	-0.00021699	-0.08017970	-0.00029886	-0.44999949	-0.00099953
12.77	-0.05709443	0.00003356	-0.07959115	-0.00012960	-0.45092961	-0.00104829
12.78	-0.05781608	-0.00028713	-0.07896911	-0.00051231	-0.45094263	-0.00120952
12.79	-0.05834904	-0.00043982	-0.07867911	-0.00050813	-0.45052606	-0.00056115
12.80	-0.05908007	-0.00004566	-0.07862221	-0.00061354	-0.45136505	0.00017249
12.81	-0.05948696	-0.00035888	-0.07795356	-0.00047670	-0.45103366	-0.00100004
12.82	-0.06026305	-0.00025005	-0.07722982	-0.00008725	-0.45117190	-0.00096565
12.83	-0.06084109	0.00012600	-0.07670989	0.00001001	-0.45066560	-0.00063008
12.84	-0.06120403	-0.00032061	-0.07612069	0.00019362	-0.45137381	-0.00068591
12.85	-0.06206838	-0.00038769	-0.07605225	0.00039711	-0.45028311	-0.00097172
12.86	-0.06259109	-0.00044974	-0.07572970	0.00088973	-0.45050765	-0.00060349
12.87	-0.06307504	-0.00047224	-0.07505827	0.00063204	-0.45003823	-0.00095646
12.88	-0.06366593	-0.00024384	-0.07429093	0.00004155	-0.45038281	-0.00104952
12.89	-0.06398319	-0.00034389	-0.07395494	0.00024396	-0.44984129	-0.00046319
12.90	-0.06460759	-0.00044237	-0.07349945	-0.00033326	-0.45102695	-0.00011821
12.91	-0.06555059	-0.00016901	-0.07291227	0.00033418	-0.45078422	0.00030521
12.92	-0.06594509	-0.00008079	-0.07246633	0.00054114	-0.45031185	-0.00077468
12.93	-0.06638770	-0.00031251	-0.07183744	-0.00064111	-0.45002981	-0.00137008
12.94	-0.06714287	-0.00028904	-0.07116025	0.00093198	-0.45046206	-0.00036501
12.95	-0.06759808	-0.00023308	-0.07096510	0.00051535	-0.45074278	-0.00036336
12.96	-0.06804251	0.00003892	-0.07035951	0.00082225	-0.45023970	-0.00001118
12.97	-0.06884671	0.00020640	-0.06964370	0.00122988	-0.45163896	-0.00010629
12.98	-0.06936764	-0.00006036	-0.06914647	0.00112448	-0.45138349	0.00047404
12.99	-0.07002762	-0.00040234	-0.06868098	0.00063563	-0.45085459	-0.00042390
13.00	-0.06953306	0.00002005	-0.06956998	0.00128802	0.44854124	-0.00092859
13.01	-0.06902684	-0.00033268	-0.06994497	0.00022023	0.44948459	-0.00094380
13.02	-0.06818835	-0.00014840	-0.07067187	0.00085066	0.44975907	-0.00047757
13.03	-0.06755121	0.00003159	-0.07117130	-0.00012948	0.44945042	-0.00031775
13.04	-0.06693534	0.00015175	-0.07131224	0.00051763	0.44999962	0.00015911
13.05	-0.06665515	-0.00002647	-0.07202607	0.00096511	0.45046077	-0.00039705
13.06	-0.06606261	0.00000411	-0.07264506	0.00092648	0.45014282	0.00005349
13.07	-0.06510736	-0.00026085	-0.07282539	0.00091222	0.44994840	-0.00143468
13.08	-0.06478029	-0.00033185	-0.07303384	0.00150082	0.44873060	-0.00015257
13.09	-0.06401662	-0.00014628	-0.07398548	0.00123812	0.44877858	-0.00075723
13.10	-0.06358403	-0.00008078	-0.07437653	0.00043780	0.44959764	-0.00059368
13.11	-0.06283303	-0.00022604	-0.07489817	0.00094849	0.45021310	-0.00061528
13.12	-0.06244129	-0.00003087	-0.07549049	0.00144935	0.44937387	-0.00109816
13.13	-0.06202634	-0.00003741	-0.07604680	0.00166287	0.44880540	-0.00016888
13.14	-0.06118769	-0.00033206	-0.07640242	0.00163687	0.44887518	0.00037903
13.15	-0.06076408	-0.00036039	-0.07713560	0.00168626	0.44909288	0.00044395
13.16	-0.05977547	0.00001180	-0.07720135	0.00155695	0.44938231	0.00084096
13.17	-0.05957268	-0.00001651	-0.07793510	0.00095975	0.44863415	-0.00075601
13.18	-0.05857378	0.00020704	-0.07844975	0.00051458	0.44929558	-0.00129435
13.19	-0.05772541	0.00009740	-0.07898713	0.00170615	0.44971378	-0.00076826
13.20	-0.05734977	-0.00019189	-0.07920213	0.00068045	0.44855790	-0.00097676
13.21	-0.05698044	0.00029029	-0.07978735	0.00110516	0.44942361	-0.00132694
13.22	-0.05638066	-0.00005887	-0.08038474	0.00094054	0.44859959	-0.00077038
13.23	-0.05572911	-0.00002454	-0.08064306	0.00065129	0.44879692	-0.00114739
13.24	-0.05493275	0.00017880	-0.08105250	0.00156580	0.44875084	-0.00046382
13.25	-0.05421492	0.00000179	-0.08110472	0.00000098	0.44988323	-0.00075202
13.26	-0.05387351	0.00015914	-0.08181518	0.00139602	0.44789101	-0.00106371
13.27	-0.05345467	0.00028108	-0.08240584	0.00174155	0.44890319	-0.00040925
13.28	-0.05259289	0.00023078	-0.08274844	0.00121400	0.44829090	0.00004089
13.29	-0.05155245	-0.00006097	-0.08328968	0.00171203	0.44949577	-0.00010551
13.30	-0.05085867	0.00007608	-0.08338908	0.00200567	0.45017970	-0.00063474
13.31	-0.05075500	-0.00021967	-0.08387336	0.00204835	0.45011663	-0.00023197
13.32	-0.04967489	-0.00005758	-0.08429821	0.00160525	0.44989782	-0.00022877
13.33	-0.04917036	-0.00000750	-0.08476206	0.00072190	0.45048969	0.00093284
13.34	-0.04854920	0.00009862	-0.08509208	0.00139863	0.45062563	-0.00037975
13.35	-0.04783610	0.00012899	-0.08545569	0.00087846	0.44979474	-0.00114482
13.36	-0.04675409	-0.00017159	-0.08576967	0.00063390	0.45056007	0.00016885
13.37	-0.04635801	0.00004997	-0.08618622	0.00135287	0.45054027	-0.00056054
13.38	-0.04592532	-0.00011817	-0.08666035	0.00124114	0.45064463	-0.00046460
13.39	-0.04496974	0.00014273	-0.08691752	0.00142763	0.44979225	-0.00062177
13.40	-0.04451326	0.00041243	-0.08747197	0.00048246	0.44996775	-0.00031488
13.41	-0.04363302	-0.00002034	-0.08752040	0.00080720	0.44919340	-0.00080443
13.42	-0.04264959	0.00023063	-0.08817127	0.00026894	0.45046935	0.00017235
13.43	-0.04223094	0.00030156	-0.08823593	0.00183113	0.44969902	-0.00101203
13.44	-0.04173825	0.00015196	-0.08885177	0.00097562	0.45034836	-0.00110288
13.45	-0.04092145	-0.00017898	-0.08899604	0.00092051	0.44994769	-0.00044787
13.46	-0.04038073	0.00025425	-0.08954636	0.00064057	0.45001970	-0.00067889
13.47	-0.03940017	0.00033795	-0.08939090	0.00019933	0.44941266	-0.00127469
13.48	-0.03886276	0.00026956	-0.09009187	0.00056702	0.45030262	-0.00015695
13.49	-0.03792012	0.00006767	-0.09027051	0.00082418	0.44996782	-0.00011545
13.50	-0.03729940	-0.00002843	-0.09044593	0.00114040	0.44945194	0.00026732
13.51	-0.03669462	0.00010675	-0.09070109	0.00169847	0.45016702	-0.00011394
13.52	-0.03582353	0.00015924	-0.09132329	0.00054839	0.44968280	-0.00068060
13.53	-0.03526525	0.00001448	-0.09167853	0.00016219	0.45068632	-0.00054548
13.54	-0.03472733	0.00027232	-0.09170617	0.00126914	0.45004321	-0.00050342
13.55	-0.03391165	0.00043405	-0.09208839	0.00085302	0.45026961	-0.00042604
13.56	-0.03288892	0.00015843	-0.09202819	0.00203397	0.45101796	-0.00049936
13.57	-0.03263489	0.00020467	-0.09234008	0.00158316	0.45032750	-0.00011956
13.58	-0.03147641	0.00020283	-0.09261773	0.00075799	0.44987556	-0.00104167
13.59	-0.03113993	-0.00007766	-0.09290795	0.00131775	0.45070072	-0.00074767
13.60	-0.03046699	0.00008415	-0.09328355	0.00130083	0.44947989	-0.00045636
13.61	-0.02950556	-0.00013862	-0.09327157	0.00058553	0.45037179	-0.00059700
13.62	-0.02859313	0.00029668	-0.09347403	0.00009022	0.45057355	-0.00089428
13.63	-0.02813210	0.00021263	-0.09400736	0.00102418	0.44991325	-0.00208249
13.64	-0.02733257	-0.00003745	-0.09414599	0.00003843	0.44976660	-0.00052269
13.65	-0.02684037	0.00018172	-0.09442454	0.00052124	0.45042222	-0.00081195
13.66	-0.02592484	0.00030010	-0.09448103	0.00061253	0.45087308	-0.00170773
13.67	-0.02530127	0.00026479	-0.09454453	-0.00013625	0.45110374	-0.00130274
13.68	-0.02412870	-0.00019841	-0.09485832	0.00059460	0.44985118	-0.00045243
13.69	-0.02324568	0.00007331	-0.09490091	0.00086762	0.44951071	-0.00095759
13.70	-0.02290195	-0.00006355	-0.09509100	0.00036974	0.44982654	-0.00182187
13.71	-0.02212064	0.00020960	-0.09534118	0.00074210	0.44949942	-0.00133665
13.72	-0.02095325	-0.00005456	-0.09563851	-0.00054779	0.44932947	-0.00072421
13.73	-0.02033476	0.00005626	-0.09576003	0.00080511	0.45004559	-0.00110460
13.74	-0.01992739	0.00014307	-0.09590512	0.00071150	0.45028062	-0.00154009
13.75	-0.01886330	-0.00000422	-0.09595340	0.00100965	0.45011755	-0.00134022
13.76	-0.01806904	0.00014206	-0.09625614	0.00097255	0.44955316	-0.00059272
13.77	-0.01762384	-0.00002742	-0.09601734	0.00014324	0.44945327	-0.00056567
13.78	-0.01650364	0.00031296	-0.09651745	0.00040492	0.44945640	-0.00085203
13.79	-0.01610150	0.00009813	-0.09679179	-0.00012149	0.44959147	-0.00132649
13.80	-0.01512625	0.00001595	-0.09672700	0.00002502	0.44984736	-0.00176547
13.81	-0.01451165	0.00005766	-0.09693552	0.00013450	0.45077151	-0.00084935
13.82	-0.01341425	-0.00013211	-0.09726151	0.00066261	0.45018663	-0.00178674
13.83	-0.01275448	0.00005186	-0.09729429	0.00054044	0.45080293	-0.00132761
13.84	-0.01214310	-0.00010892	-0.09742634	0.00018177	0.45034963	-0.00126046
13.85	-0.01117737	-0.00000166	-0.09741909	0.00016954	0.45026949	-0.00101039
13.86	-0.01067698	-0.00006057	-0.09730057	0.00028099	0.45007751	-0.00108056
13.87	-0.00972396	-0.00016094	-0.09778000	-0.00056785	0.45007470	-0.00032952
13.88	-0.00931572	-0.00009512	-0.09782372	-0.00055520	0.44972701	0.00094816
13.89	-0.00831562	-0.00004867	-0.09751804	0.00020237	0.45021586	-0.00024391
13.90	-0.00738473	-0.00020812	-0.09783407	0.00039308	0.45107298	-0.00020078
13.91	-0.00659552	-0.00031665	-0.09788061	-0.00005124	0.45011855	-0.00111403
13.92	-0.00576108	0.00010036	-0.09798501	-0.00065469	0.45026820	-0.00064429
13.93	-0.00504368	0.00007543	-0.09834000	-0.00005445	0.44879490	-0.00129405
13.94	-0.00431356	-0.00026948	-0.09780404	0.00030834	0.44954417	-0.00109759
13.95	-0.00374737	-0.00003090	-0.09784156	0.00037732	0.44976010	-0.00241039
13.96	-0.00302389	0.00004191	-0.09798654	0.00055334	0.45026610	-0.00135818
13.97	-0.00245859	-0.00000874	-0.09811217	0.00080314	0.45027370	-0.00017666
13.98	-0.00164719	-0.00008860	-0.09785348	0.00061936	0.45084752	-0.00099427
13.99	-0.00056330	0.00012485	-0.09808231	0.00104972	0.44970233	-0.00039431
14.00	-0.00067847	-0.00006156	-0.09802423	0.00091578	0.00020364	-0.00096748
14.01	-0.00106624	0.00010137	-0.09804184	0.00103091	0.00041261	-0.00089227
14.02	-0.00069420	-0.00025547	-0.09844935	0.00095537	0.00051069	-0.00136861
14.03	-0.00106989	-0.00018748	-0.09820595	-0.00060745	0.00115867	-0.00115035
14.04	-0.00038591	-0.00017551	-0.09818319	0.00063683	0.00125258	-0.00054843
14.05	-0.00045243	-0.00028706	-0.09818249	0.00032169	0.00070523	-0.00014017
14.06	-0.00070886	0.00012532	-0.09800531	0.00064371	0.00090792	-0.00045215
14.07	-0.00048235	0.00012957	-0.09813720	0.00152936	0.00034968	-0.00088587
14.08	-0.00106482	0.00023128	-0.09843277	0.00102371	0.00092231	-0.00066393
14.09	-0.00047430	0.00002586	-0.09812782	0.00121092	-0.00001049	-0.00093664
14.10	-0.00074488	-0.00006427	-0.09817846	-0.00025234	0.00098198	-0.00046170
14.11	-0.00069464	0.00036256	-0.09835480	-0.00004009	-0.00026218	-0.00073419
14.12	-0.00052045	-0.00003545	-0.09778072	-0.00019750	0.00096183	-0.00117423
14.13	-0.00061947	0.00022510	-0.09812584	0.00001386	0.00067126	-0.00177625
14.14	-0.00077606	-0.00006084	-0.09774816	0.00148730	0.00050712	-0.00103822
14.15	-0.00097380	-0.00011695	-0.09795490	-0.00044253	-0.00022816	-0.00090971
14.16	-0.00092384	0.00010382	-0.09779031	-0.00067840	0.00017839	-0.00093637
14.17	-0.00080640	-0.00020210	-0.09780777	0.00133308	-0.00025107	-0.00162641
14.18	-0.00083244	-0.00007326	-0.09809600	-0.00077725	-0.00001247	-0.00190269
14.19	-0.00079251	-0.00007770	-0.09794791	0.00038858	0.00035297	-0.00158862
14.20	-0.00061341	0.00019389	-0.09814414	-0.00061618	-0.00034552	-0.00006239
14.21	-0.00071656	0.00000950	-0.09781137	0.00044567	-0.00036702	-0.00030492
14.22	-0.00040352	0.00001534	-0.09817559	-0.00025503	-0.00044839	-0.00125334
14.23	-0.00075268	0.00022077	-0.09780918	0.00004611	-0.00064749	-0.00145166
14.24	-0.00076756	0.00013120	-0.09800409	-0.00108083	0.00039922	-0.00072994
14.25	-0.00056785	-0.00014032	-0.09750858	0.00002565	0.00064172	-0.00013324
14.26	-0.00036135	0.00039914	-0.09787255	0.00024520	0.00052644	-0.00140106
14.27	-0.00076620	0.00000994	-0.09773141	0.00047559	-0.00031885	-0.00070085
14.28	-0.00086498	0.00034648	-0.09804624	-0.00038150	-0.00035354	0.00045239
14.29	-0.00068118	-0.00015221	-0.09775346	-0.00033217	-0.00121259	-0.00042002
14.30	-0.00076645	-0.00026560	-0.09774926	0.00062789	-0.00044593	0.00053111
14.31	-0.00076427	-0.00003953	-0.09790500	0.00041453	-0.00061714	-0.00081895
14.32	-0.00053684	-0.00002460	-0.09762808	-0.00013241	-0.00050640	-0.00023666
14.33	-0.00085691	0.00015166	-0.09790356	-0.00090849	0.00001898	0.00036898
14.34	-0.00075950	0.00012845	-0.09791658	-0.00134871	-0.00025024	-0.00091532
14.35	-0.00098850	-0.00008963	-0.09789871	0.00076329	-0.00030377	-0.00108366
14.36	-0.00071004	0.00021062	-0.09800351	0.00051776	-0.00001567	-0.00054532
14.37	-0.00087439	-0.00009080	-0.09781406	0.00018346	0.00022779	-0.00066700
14.38	-0.00067875	0.00010299	-0.09761622	0.00045216	0.00087881	-0.00027763
14.39	-0.00091831	0.00020009	-0.09792850	-0.00059613	0.00045316	-0.00078788
14.40	-0.00076054	0.00032215	-0.09772652	-0.00031168	-0.00019477	-0.00099238
14.41	-0.00092084	0.00019515	-0.09766724	0.00021885	0.00008110	-0.00061629
14.42	-0.00072780	0.00000705	-0.09790356	-0.00088225	0.00054747	-0.00166635
14.43	-0.00055600	0.00020229	-0.09782119	-0.00108614	0.00183118	-0.00121855
14.44	-0.00073245	0.00000514	-0.09781334	-0.00085179	0.00076282	-0.00082689
14.45	-0.00087289	-0.00019636	-0.09776714	-0.00048689	0.00108770	-0.00140565
14.46	-0.00090586	0.00001774	-0.09765856	-0.00096151	0.00015580	-0.00144560
14.47	-0.00114325	-0.00028005	-0.09764974	0.00051081	0.00050700	-0.00036413
14.48	-0.00081363	0.00056178	-0.09759539	-0.00021027	-0.00002083	-0.00118161
14.49	-0.00081579	0.00009592	-0.09797791	-0.00005416	0.00021223	-0.00110712
14.50	-0.00036512	-0.00009920	-0.09772514	-0.00031647	0.00219079	-0.00084381
14.51	-0.00064657	0.00008430	-0.09792604	-0.00073380	0.00090242	-0.00150857
14.52	-0.00070985	-0.00008758	-0.09774701	-0.00123770	0.00040245	-0.00039773
14.53	-0.00100077	0.00000890	-0.09802394	-0.00072446	0.00096003	-0.00189078
14.54	-0.00115925	-0.00006491	-0.09798081	-0.00147381	0.00121540	-0.00106280
14.55	-0.00079774	-0.00006828	-0.09812190	-0.00036047	0.00061467	-0.00104666
14.56	-0.00087237	0.00009447	-0.09795084	-0.00068676	0.00051060	-0.00038452
14.57	-0.00094084	-0.00009373	-0.09814741	-0.00037540	-0.00050179	-0.00084191
14.58	-0.00061324	0.00004153	-0.09776065	0.00020313	0.00024631	-0.00042486
14.59	-0.00076351	0.00027482	-0.09806587	-0.00000707	0.00103657	-0.00138678
14.60	-0.00071745	0.00002065	-0.09754587	0.00000084	0.00105167	-0.00181056
14.61	-0.00097251	0.00009394	-0.09798910	0.00012723	0.00128579	-0.00212718
14.62	-0.00077981	0.00030159	-0.09802286	-0.00040788	-0.00009528	-0.00174606
14.63	-0.00073436	0.00014942	-0.09807958	0.00053264	0.00107856	-0.00183800
14.64	-0.00079903	0.00022542	-0.09797872	-0.00028095	0.00111154	-0.00126314
14.65	-0.00084901	0.00023759	-0.09819574	-0.00054036	0.00073491	-0.00114360
14.66	-0.00098418	0.00009652	-0.09799472	-0.00010860	0.00113792	-0.00095895
14.67	-0.00096859	-0.00001411	-0.09801394	0.00087091	-0.00004493	-0.00071724
14.68	-0.00099482	0.00019104	-0.09804770	0.00013080	0.00080255	-0.00155648
14.69	-0.00097040	-0.00000216	-0.09807534	-0.00110381	-0.00030150	-0.00137231
14.70	-0.00090089	0.00028725	-0.09793104	-0.00061298	0.00006216	-0.00212490
14.71	-0.00062987	-0.00010595	-0.09789338	-0.00015200	0.00013653	-0.00127346
14.72	-0.00081281	0.00011998	-0.09773138	-0.00062344	0.00079721	-0.00105132
14.73	-0.00073007	0.00007758	-0.09800815	-0.00001129	-0.00014339	-0.00119152
14.74	-0.00042031	0.00000550	-0.09770902	-0.00016600	-0.00117615	-0.00214584
14.75	-0.00060127	0.00032671	-0.09797804	0.00044360	-0.00005088	-0.00114025
14.76	-0.00084993	0.00004131	-0.09795449	0.00039087	0.00036539	0.00015830
14.77	-0.00084319	0.00006009	-0.09789706	-0.00083018	-0.00012100	-0.00086041
14.78	-0.00075924	0.00007159	-0.09800858	-0.00035611	-0.00053367	-0.00108048
14.79	-0.00073850	-0.00006979	-0.09798314	0.00020637	-0.00080744	0.00007375
14.80	-0.00066855	-0.00000593	-0.09801335	-0.00060989	-0.00119405	0.00056467
14.81	-0.00077432	-0.00014125	-0.09806764	-0.00024611	-0.00054711	-0.00041979
14.82	-0.00082747	-0.00002616	-0.09801118	-0.00088836	-0.00024330	0.00063293
14.83	-0.00115759	0.00015185	-0.09810916	-0.00054651	0.00005055	-0.00029202
14.84	-0.00069048	0.00000669	-0.09804706	-0.00062300	-0.00066887	-0.00010489
14.85	-0.00050669	0.00000120	-0.09803574	-0.00037899	-0.00023455	0.00002017
14.86	-0.00050001	0.00019545	-0.09819522	-0.00034672	-0.00077795	-0.00083677
14.87	-0.00067518	0.00007382	-0.09812464	-0.00023645	0.00059852	0.00076130
14.88	-0.00071055	0.00016164	-0.09809206	0.00017302	0.00000801	0.00039539
14.89	-0.00055565	0.00014843	-0.09798233	0.00112960	0.00059418	-0.00036763
14.90	-0.00061202	0.00035272	-0.09781674	-0.00015201	0.00025063	-0.00035555
14.91	-0.00082019	0.00019700	-0.09821677	-0.00018363	-0.00009351	-0.00025009
14.92	-0.00065699	0.00021346	-0.09814574	0.00026955	0.00044695	-0.00051444
14.93	-0.00088000	-0.00024452	-0.09791288	-0.00084376	0.00005393	-0.00009322
14.94	-0.00087309	-0.00007937	-0.09816413	0.00020013	-0.00076552	0.00045928
14.95	-0.00079864	-0.00006335	-0.09807430	-0.00020439	-0.00024633	0.00006132
14.96	-0.00053416	0.00005056	-0.09780687	0.00116760	-0.00101445	0.00016793
14.97	-0.00064999	-0.00005896	-0.09806334	0.00071659	-0.00131389	-0.00002691
14.98	-0.00069495	-0.00008624	-0.09779245	-0.00009446	-0.00033352	-0.00067190
14.99	-0.00098085	-0.00031631	-0.09801778	-0.00087718	-0.00069608	-0.00088504
15.00	-0.00061305	-0.00067673	-0.09764735	0.44890137	-0.00042694	-0.00032710
15.01	-0.00102602	-0.00155494	-0.09776120	0.44970667	-0.00010213	-0.00027530
15.02	-0.00058687	-0.00232113	-0.09790278	0.44961546	-0.00141871	-0.00001059
15.03	-0.00074337	-0.00309340	-0.09772967	0.45043251	-0.00068521	0.00123984
15.04	-0.00071043	-0.00384464	-0.09791693	0.45002231	0.00027767	0.00034420
15.05	-0.00068201	-0.00460964	-0.09800253	0.45012472	-0.00031530	0.00066987
15.06	-0.00052991	-0.00507395	-0.09763659	0.45129522	-0.00029112	0.00079914
15.07	-0.00071030	-0.00618712	-0.09726815	0.44982479	-0.00064737	0.00066271
15.08	-0.00066654	-0.00698925	-0.09731103	0.45032309	0.00052318	0.00094677
15.09	-0.00092480	-0.00738091	-0.09772191	0.44929365	-0.00059709	0.00071085
15.10	-0.00077672	-0.00825957	-0.09755296	0.44971653	-0.00012480	0.00082877
15.11	-0.00088335	-0.00892093	-0.09759511	0.44985481	-0.00020878	0.00028918
15.12	-0.00051249	-0.00975638	-0.09741102	0.44934012	-0.00095862	-0.00012305
15.13	-0.00067065	-0.01095139	-0.09742562	0.44949965	-0.00077661	0.00037656
15.14	-0.00075283	-0.01140468	-0.09741883	0.44966095	-0.00039733	0.00094599
15.15	-0.00078935	-0.01198625	-0.09696391	0.44946845	-0.00082842	0.00098174
15.16	-0.00073415	-0.01310710	-0.09728287	0.45074749	-0.00063902	0.00001182
15.17	-0.00074631	-0.01350088	-0.09715019	0.45061450	0.00007533	0.00077717
15.18	-0.00082263	-0.01460302	-0.09690481	0.45071625	-0.00137801	0.00081349
15.19	-0.00068105	-0.01528774	-0.09685623	0.44989647	0.00005960	0.00116603
15.20	-0.00071304	-0.01596618	-0.09680999	0.44903140	0.00041397	0.00125036
15.21	-0.00097829	-0.01671643	-0.09666521	0.45004330	-0.00014662	0.00070473
15.22	-0.00094475	-0.01771534	-0.09634537	0.44900781	0.00115522	0.00107414
15.23	-0.00074089	-0.01853025	-0.09622329	0.44840178	0.00018002	0.00005716
15.24	-0.00038114	-0.01896976	-0.09618422	0.44952196	-0.00066934	-0.00032792
15.25	-0.00085302	-0.01955930	-0.09624526	0.44859906	0.00022746	0.00058519
15.26	-0.00073501	-0.02069687	-0.09607282	0.44941743	0.00001361	0.00016536
15.27	-0.00061187	-0.02129425	-0.09551561	0.44862474	0.00015168	-0.00022281
15.28	-0.00113228	-0.02181043	-0.09555229	0.44945971	0.00065141	0.00040397
15.29	-0.00055447	-0.02267430	-0.09522721	0.44990740	-0.00071290	0.00069363
15.30	-0.00063386	-0.02344265	-0.09518722	0.45029059	-0.00015084	-0.00000860
15.31	-0.00075255	-0.02447311	-0.09483287	0.45061498	-0.00084142	0.00075569
15.32	-0.00094213	-0.02524256	-0.09456729	0.44984311	-0.00002487	-0.00038809
15.33	-0.00060576	-0.02578578	-0.09441092	0.44967245	-0.00099266	0.00060561
15.34	-0.00069233	-0.02651525	-0.09430517	0.44958257	-0.00108809	0.00031007
15.35	-0.00069170	-0.02736879	-0.09422412	0.44978040	-0.00130619	0.00050000
15.36	-0.00068007	-0.02809248	-0.09386157	0.45020517	-0.00119728	0.00130551
15.37	-0.00073325	-0.02892439	-0.09363507	0.45036866	-0.00064217	0.00068829
15.38	-0.00102441	-0.02915894	-0.09348403	0.44984827	-0.00118939	0.00055247
15.39	-0.00106253	-0.03028278	-0.09332703	0.45061680	-0.00064883	0.00069181
15.40	-0.00125310	-0.03098958	-0.09316324	0.45091754	-0.00029430	-0.00018701
15.41	-0.00100292	-0.03174211	-0.09257669	0.44990724	-0.00113053	-0.00030960
15.42	-0.00085146	-0.03231294	-0.09245658	0.45124387	-0.00034600	-0.00050101
15.43	-0.00096530	-0.03359476	-0.09198160	0.45118513	-0.00074723	-0.00104195
15.44	-0.00090695	-0.03388055	-0.09178644	0.45084259	-0.00122311	0.00033473
15.45	-0.00092877	-0.03456787	-0.09170141	0.45130944	-0.00134896	0.00029386
15.46	-0.00101094	-0.03527011	-0.09134085	0.45032866	-0.00105399	0.00021291
15.47	-0.00098776	-0.03583498	-0.09112461	0.45021127	-0.00046127	-0.00053988
15.48	-0.00085636	-0.03683127	-0.09092983	0.45137621	-0.00104159	0.00027046
15.49	-0.00077682	-0.03739494	-0.09022005	0.44962235	-0.00078371	0.00047336
15.50	-0.00102766	-0.03825754	-0.08992298	0.44893640	0.00004551	-0.00058373
15.51	-0.00122239	-0.03856768	-0.08982887	0.45102732	-0.00096269	-0.00003583
15.52	-0.00108046	-0.03983902	-0.08942871	0.45003378	0.00047724	0.00076034
15.53	-0.00083925	-0.04051541	-0.08922070	0.44957579	-0.00159503	-0.00024120
15.54	-0.00085428	-0.04118975	-0.08890377	0.44981319	0.00019649	0.00097646
15.55	-0.00096801	-0.04170665	-0.08895657	0.44969537	-0.00024137	0.00031818
15.56	-0.00067176	-0.04276892	-0.08810012	0.44986619	-0.00094445	0.00022467
15.57	-0.00077326	-0.04296139	-0.08787848	0.45014195	0.00049045	-0.00009418
15.58	-0.00037511	-0.04356543	-0.08784167	0.45029104	0.00077278	-0.00088447
15.59	-0.00064783	-0.04417741	-0.08746810	0.44917005	-0.00005796	0.00089587
15.60	-0.00091375	-0.04531243	-0.08679164	0.45004440	0.00006899	-0.00055245
15.61	-0.00074101	-0.04573788	-0.08652283	0.44881104	0.00103281	-0.00116853
15.62	-0.00043387	-0.04667022	-0.08617066	0.44931656	-0.00004734	0.00059206
15.63	-0.00073358	-0.04706473	-0.08593107	0.44971414	0.00014191	0.00015965
15.64	-0.00061874	-0.04781229	-0.08524962	0.44932335	-0.00062683	0.00021228
15.65	-0.00083329	-0.04849376	-0.08499374	0.44881020	0.00076318	0.00064429
15.66	-0.00083443	-0.04925532	-0.08490630	0.44894069	-0.00001878	-0.00017768
15.67	-0.00062981	-0.04977831	-0.08401585	0.44961998	-0.00064704	0.00014219
15.68	-0.00063631	-0.05048728	-0.08368379	0.45001331	-0.00068893	-0.00046618
15.69	-0.00057784	-0.05117585	-0.08322592	0.45021154	-0.00082818	0.00138474
15.70	-0.00078569	-0.05200923	-0.08326112	0.44985385	-0.00100749	0.00073874
15.71	-0.00103203	-0.05244841	-0.08253716	0.45027651	0.00017464	-0.00004115
15.72	-0.00121028	-0.05295797	-0.08227796	0.45016108	0.00086206	-0.00011547
15.73	-0.00098547	-0.05392388	-0.08181242	0.45034623	0.00040727	0.00106418
15.74	-0.00069915	-0.05411862	-0.08164601	0.44974824	-0.00074649	0.00047456
15.75	-0.00084719	-0.05503715	-0.08095226	0.45003077	0.00040653	0.00039233
15.76	-0.00087935	-0.05568283	-0.08041857	0.44998806	-0.00046115	0.00058493
15.77	-0.00047285	-0.05638019	-0.07996071	0.44953106	-0.00013651	0.00096757
15.78	-0.00106727	-0.05679140	-0.07928385	0.45012167	-0.00028049	0.00046080
15.79	-0.00067234	-0.05751664	-0.07939387	0.44945327	-0.00039347	0.00044431
15.80	-0.00107705	-0.05813236	-0.07859598	0.44911735	-0.00076525	0.00005869
15.81	-0.00064369	-0.05874469	-0.07805504	0.45020609	0.00038651	0.00023429
15.82	-0.00082847	-0.05980427	-0.07757447	0.45048136	-0.00003737	0.00031876
15.83	-0.00077644	-0.06004351	-0.07722201	0.44965266	-0.00011425	-0.00088002
15.84	-0.00100926	-0.06055212	-0.07690783	0.45124076	-0.00073957	-0.00005996
15.85	-0.00073854	-0.06109226	-0.07621858	0.44971312	-0.00019697	-0.00029616
15.86	-0.00114594	-0.06178875	-0.07576112	0.44996041	-0.00019134	-0.00013621
15.87	-0.00119149	-0.06240000	-0.07549136	0.44957888	-0.00021432	0.00071326
15.88	-0.00092848	-0.06307795	-0.07476575	0.44999444	-0.00112267	0.00079448
15.89	-0.00075960	-0.06376173	-0.07404829	0.45095780	-0.00091337	-0.00014784
15.90	-0.00079646	-0.06408893	-0.07401383	0.44881692	-0.00078124	0.00007433
15.91	-0.00074631	-0.06459118	-0.07348851	0.45026884	-0.00029574	-0.00045730
15.92	-0.00073576	-0.06531117	-0.07291471	0.45053860	-0.00081318	-0.00031354
15.93	-0.00116001	-0.06570365	-0.07235920	0.45030051	-0.00072239	-0.00039726
15.94	-0.00099787	-0.06619938	-0.07211423	0.45050416	-0.00079360	0.00024466
15.95	-0.00062259	-0.06704685	-0.07113955	0.45035593	-0.00136260	-0.00085797
15.96	-0.00086410	-0.06745965	-0.07062882	0.45003956	-0.00045722	-0.00158518
15.97	-0.00077420	-0.06811349	-0.07035337	0.44942946	-0.00075943	-0.00005476
15.98	-0.00109894	-0.06878383	-0.06941434	0.44992792	-0.00011840	-0.00122529
15.99	-0.00078810	-0.06890806	-0.06896441	0.44994494	-0.00156077	-0.00151153
16.00	-0.00068033	-0.06853311	-0.06949568	-0.45006925	-0.00119387	-0.00171708
16.01	-0.00059729	-0.06804490	-0.07007144	-0.45022022	-0.00043037	-0.00100954
16.02	-0.00085561	-0.06732655	-0.07077117	-0.44940272	0.00054141	-0.00149183
16.03	-0.00077607	-0.06689918	-0.07118387	-0.44980796	0.00047060	0.00040778
16.04	-0.00085481	-0.06624581	-0.07192593	-0.45008310	-0.00119336	-0.00055234
16.05	-0.00096859	-0.06577093	-0.07247224	-0.45009774	0.00054111	0.00042754
16.06	-0.00103286	-0.06514415	-0.07287086	-0.44930144	-0.00048145	0.00002095
16.07	-0.00093990	-0.06494457	-0.07337689	-0.44974046	0.00023046	-0.00045656
16.08	-0.00066796	-0.06406752	-0.07360482	-0.44974624	0.00055761	-0.00035154
16.09	-0.00108292	-0.06336240	-0.07469789	-0.44954815	0.00060645	0.00020759
16.10	-0.00113703	-0.06316287	-0.07489318	-0.45038500	0.00028088	-0.00015463
16.11	-0.00077853	-0.06243912	-0.07516091	-0.45051070	0.00051823	-0.00035553
16.12	-0.00109800	-0.06198145	-0.07586206	-0.44970643	-0.00099655	-0.00119849
16.13	-0.00077350	-0.06126259	-0.07619736	-0.44973056	-0.00025242	-0.00084453
16.14	-0.00085540	-0.06040550	-0.07672239	-0.44892803	0.00045876	-0.00093949
16.15	-0.00079249	-0.06023664	-0.07733443	-0.45030653	-0.00068836	-0.00111370
16.16	-0.00090028	-0.05970560	-0.07789099	-0.44973969	-0.00006309	-0.00037206
16.17	-0.00094252	-0.05888815	-0.07800393	-0.45035013	0.00071223	-0.00105554
16.18	-0.00087797	-0.05816383	-0.07858915	-0.44999676	0.00021175	-0.00005453
16.19	-0.00049638	-0.05795455	-0.07926684	-0.45096059	0.00051833	-0.00039276
16.20	-0.00053007	-0.05695369	-0.07969957	-0.44998345	0.00095715	-0.00110722
16.21	-0.00081492	-0.05657130	-0.08005027	-0.45006294	-0.00037180	-0.00053437
16.22	-0.00072116	-0.05587911	-0.08040421	-0.45053935	0.00036247	-0.00118837
16.23	-0.00080200	-0.05484226	-0.08087000	-0.45037166	-0.00023427	-0.00128773
16.24	-0.00083710	-0.05438057	-0.08123827	-0.44922187	0.00101551	-0.00048376
16.25	-0.00069974	-0.05373081	-0.08151461	-0.44929115	0.00085331	-0.00194693
16.26	-0.00077005	-0.05317518	-0.08225388	-0.44951068	0.00020875	-0.00071585
16.27	-0.00089036	-0.05240557	-0.08240556	-0.44965915	0.00020830	-0.00109591
16.28	-0.00073721	-0.05164175	-0.08288641	-0.44952865	0.00116600	-0.00009791
16.29	-0.00068496	-0.05118786	-0.08353582	-0.44934528	0.00036155	-0.00095444
16.30	-0.00079648	-0.05058844	-0.08358677	-0.44915456	0.00089488	-0.00051150
16.31	-0.00082389	-0.04971225	-0.08418634	-0.45041950	0.00103109	0.00001330
16.32	-0.00076650	-0.04914319	-0.08456927	-0.44933273	0.00027405	-0.00043271
16.33	-0.00080859	-0.04847575	-0.08494494	-0.45049045	0.00003024	-0.00015992
16.34	-0.00079615	-0.04776162	-0.08515395	-0.44937508	-0.00013287	0.00020443
16.35	-0.00092184	-0.04687647	-0.08563411	-0.45010000	0.00013697	0.00009213
16.36	-0.00083756	-0.04643905	-0.08586578	-0.44944882	0.00062814	-0.00005544
16.37	-0.00067230	-0.04556296	-0.08658242	-0.44847391	0.00006358	-0.00030444
16.38	-0.00076009	-0.04520059	-0.08708903	-0.44884851	0.00071030	-0.00063902
16.39	-0.00078862	-0.04448118	-0.08729563	-0.44914187	0.00097505	-0.00074014
16.40	-0.00094792	-0.04385067	-0.08745540	-0.44938407	0.00010784	-0.00071964
16.41	-0.00100235	-0.04316422	-0.08811922	-0.45017973	0.00004207	-0.00019676
16.42	-0.00086319	-0.04246688	-0.08797659	-0.44994653	0.00050579	-0.00058992
16.43	-0.00056429	-0.04171954	-0.08839263	-0.44984438	-0.00040097	-0.00022522
16.44	-0.00068572	-0.04083788	-0.08881426	-0.45039859	-0.00011533	-0.00110620
16.45	-0.00094561	-0.04048997	-0.08910209	-0.44986803	-0.00034812	-0.00103889
16.46	-0.00070480	-0.03952866	-0.08939824	-0.44900240	-0.00028751	-0.00079522
16.47	-0.00067455	-0.03891844	-0.08973000	-0.44992536	-0.00033309	-0.00059476
16.48	-0.00090426	-0.03815614	-0.09032342	-0.44979886	-0.00049401	0.00151165
16.49	-0.00107552	-0.03727731	-0.09029103	-0.45008018	-0.00061926	0.00024868
16.50	-0.00108290	-0.03680967	-0.09084883	-0.44992374	-0.00079652	0.00089225
16.51	-0.00104267	-0.03600193	-0.09112056	-0.45032877	-0.00175574	0.00098288
16.52	-0.00081858	-0.03545208	-0.09115435	-0.44857244	0.00021732	0.00058126
16.53	-0.00108242	-0.03466463	-0.09149903	-0.44881647	-0.00046287	-0.00029061
16.54	-0.00102513	-0.03387754	-0.09188232	-0.44867367	-0.00001657	0.00042336
16.55	-0.00083728	-0.03312228	-0.09222359	-0.44966802	-0.00045657	-0.00038887
16.56	-0.00065681	-0.03236375	-0.09244633	-0.45079710	-0.00148863	-0.00068906
16.57	-0.00059681	-0.03147440	-0.09260435	-0.45134172	-0.00138272	0.00002929
16.58	-0.00061398	-0.03104618	-0.09296254	-0.44977891	-0.00066145	0.00087018
16.59	-0.00072565	-0.03058375	-0.09281137	-0.45014092	0.00057332	0.00137538
16.60	-0.00056617	-0.02989351	-0.09332675	-0.44993485	0.00008811	0.00022977
16.61	-0.00065390	-0.02899705	-0.09359834	-0.45133720	-0.00191369	-0.00051999
16.62	-0.00059372	-0.02835951	-0.09358386	-0.45249425	-0.00093098	-0.00049833
16.63	-0.00073304	-0.02723493	-0.09409085	-0.45045165	-0.00071181	-0.00037776
16.64	-0.00083869	-0.02662934	-0.09423445	-0.44996620	-0.00035508	-0.00106428
16.65	-0.00083622	-0.02580358	-0.09435065	-0.45054573	-0.00148038	0.00009294
16.66	-0.00053779	-0.02521490	-0.09490359	-0.45011493	-0.00103180	0.00093358
16.67	-0.00077704	-0.02434443	-0.09500860	-0.45051298	-0.00078787	0.00147860
16.68	-0.00065557	-0.02380426	-0.09487201	-0.45040404	-0.00036603	0.00031871
16.69	-0.00073690	-0.02271500	-0.09532205	-0.45056779	-0.00063468	0.00003216
16.70	-0.00079654	-0.02235580	-0.09560993	-0.45069483	-0.00031288	0.00004267
16.71	-0.00078917	-0.02163431	-0.09568665	-0.45035519	-0.00097564	0.00062644
16.72	-0.00072812	-0.02059148	-0.09576167	-0.45163281	-0.00075120	0.00034745
16.73	-0.00064549	-0.01999831	-0.09577181	-0.45069590	0.00072126	-0.00028233
16.74	-0.00101321	-0.01866271	-0.09598425	-0.45001799	0.00062323	-0.00000584
16.75	-0.00068030	-0.01816674	-0.09590224	-0.44991933	-0.00028742	0.00016897
16.76	-0.00079175	-0.01752586	-0.09619066	-0.45014167	-0.00028006	-0.00025155
16.77	-0.00090198	-0.01665117	-0.09617045	-0.45093509	-0.00044306	-0.00000666
16.78	-0.00079975	-0.01602384	-0.09667938	-0.45010897	0.00005223	-0.00080240
16.79	-0.00100997	-0.01555601	-0.09693108	-0.45043339	0.00004985	-0.00033909
16.80	-0.00097596	-0.01441713	-0.09682603	-0.45071686	-0.00023814	-0.00023992
16.81	-0.00072049	-0.01386647	-0.09670033	-0.45091588	-0.00004887	-0.00113842
16.82	-0.00093033	-0.01283049	-0.09709857	-0.45103001	-0.00088212	-0.00055040
16.83	-0.00084127	-0.01201764	-0.09714374	-0.45216777	0.00033539	-0.00024658
16.84	-0.00090684	-0.01173717	-0.09687249	-0.45172131	-0.00049825	-0.00112137
16.85	-0.00101912	-0.01070404	-0.09710098	-0.45050667	-0.00112947	0.00014238
16.86	-0.00089763	-0.00982506	-0.09745152	-0.45040444	-0.00150510	-0.00051205
16.87	-0.00115695	-0.00903680	-0.09730558	-0.45150623	-0.00034127	0.00029072
16.88	-0.00084886	-0.00847317	-0.09774893	-0.45121497	-0.00026592	0.00084848
16.89	-0.00091555	-0.00760352	-0.09763722	-0.45160131	-0.00116552	0.00022542
16.90	-0.00091419	-0.00724972	-0.09778124	-0.45096261	-0.00055500	0.00022571
16.91	-0.00057690	-0.00642213	-0.09777582	-0.45023729	-0.00014662	0.00033732
16.92	-0.00050755	-0.00543848	-0.09796375	-0.45102575	0.00053226	0.00057407
16.93	-0.00058016	-0.00406772	-0.09784978	-0.45103033	0.00003517	0.00046207
16.94	-0.00068650	-0.00395542	-0.09783083	-0.45046653	-0.00045134	0.00070033
16.95	-0.00094016	-0.00315227	-0.09800387	-0.44991684	-0.00024422	0.00043948
16.96	-0.00074361	-0.00228934	-0.09785514	-0.45059850	-0.00081837	0.00147774
16.97	-0.00068523	-0.00147988	-0.09792375	-0.45041230	-0.00027456	-0.00005793
16.98	-0.00073121	-0.00074026	-0.09765326	-0.45124281	0.00023719	0.00059151
16.99	-0.00082422	0.00009706	-0.09793360	-0.45055191	-0.00072625	0.00032378
17.00	-0.00061410	0.00098226	-0.09762992	-0.45055725	0.00048905	0.00071375
17.01	-0.00035678	0.00166463	-0.09778787	-0.45033569	0.00028781	0.00113434
17.02	-0.00052427	0.00252661	-0.09766150	-0.44990199	0.00039289	-0.00030150
17.03	-0.00065908	0.00317807	-0.09794414	-0.44998624	0.00024682	0.00080395
17.04	-0.00056730	0.00366428	-0.09749883	-0.45092066	-0.00099388	0.00051738
17.05	-0.00048553	0.00454325	-0.09805976	-0.45110900	-0.00172193	-0.00040870
17.06	-0.00075030	0.00542795	-0.09762234	-0.45008975	0.00047453	0.00013322
17.07	-0.00067096	0.00606776	-0.09771936	-0.45094000	0.00037522	0.00062834
17.08	-0.00109133	0.00682512	-0.09739626	-0.45114280	0.00094916	-0.00089149
17.09	-0.00112724	0.00760119	-0.09732602	-0.45012615	-0.00042300	-0.00060930
17.10	-0.00061939	0.00853108	-0.09714917	-0.45108499	-0.00026107	-0.00035130
17.11	-0.00095251	0.00937274	-0.09751576	-0.45064405	0.00089536	-0.00014081
17.12	-0.00049081	0.00987955	-0.09728084	-0.45046838	0.00041039	0.00108733
17.13	-0.00109927	0.01028926	-0.09730353	-0.45046871	0.00109045	-0.00031127
17.14	-0.00084641	0.01150802	-0.09716129	-0.45041014	0.00121959	0.00045255
17.15	-0.00064673	0.01229066	-0.09719461	-0.45029310	0.00013009	0.00082189
17.16	-0.00055724	0.01287165	-0.09666977	-0.45078134	-0.00043541	0.00013130
17.17	-0.00096999	0.01394215	-0.09692524	-0.45038939	0.00030129	-0.00072824
17.18	-0.00064142	0.01452175	-0.09695525	-0.45069147	-0.00112812	0.00050969
17.19	-0.00076612	0.01530402	-0.09684943	-0.45050423	-0.00009663	-0.00035040
17.20	-0.00089901	0.01592494	-0.09665709	-0.45141795	-0.00069861	-0.00059446
17.21	-0.00091982	0.01652497	-0.09651901	-0.45126684	-0.00015069	-0.00019815
17.22	-0.00114534	0.01753420	-0.09635691	-0.45103232	-0.00203603	-0.00038883
17.23	-0.00087813	0.01848589	-0.09608120	-0.45084968	-0.00073081	0.00094810
17.24	-0.00120167	0.01912977	-0.09617556	-0.45104629	-0.00021218	0.00005085
17.25	-0.00094741	0.01983404	-0.09592337	-0.45127973	-0.00045949	0.00034443
17.26	-0.00087142	0.02062183	-0.09603473	-0.45164359	-0.00060908	-0.00063325
17.27	-0.00099820	0.02122987	-0.09544756	-0.45112241	-0.00100603	0.00068707
17.28	-0.00101750	0.02202710	-0.09490600	-0.45051483	-0.00033177	-0.00025137
17.29	-0.00091764	0.02294557	-0.09513244	-0.45107720	-0.00128460	0.00009098
17.30	-0.00092624	0.02356281	-0.09478799	-0.45165373	-0.00119222	-0.00082489
17.31	-0.00071722	0.02449336	-0.09475612	-0.45012767	-0.00029135	-0.00025454
17.32	-0.00081393	0.02528676	-0.09476726	-0.44998706	-0.00088554	-0.00098847
17.33	-0.00076961	0.02582855	-0.09455707	-0.45044958	0.00050004	-0.00086756
17.34	-0.00084232	0.02675332	-0.09431269	-0.44976205	0.00037011	-0.00014863
17.35	-0.00097620	0.02744109	-0.09430114	-0.45061666	-0.00010137	-0.00028531
17.36	-0.00082866	0.02825243	-0.09413299	-0.45013919	0.00031219	-0.00028210
17.37	-0.00096599	0.02867627	-0.09381950	-0.45119770	-0.00048353	0.00054572
17.38	-0.00089235	0.02960400	-0.09343821	-0.45019884	-0.00052228	0.00070260
17.39	-0.00074193	0.03018169	-0.09327961	-0.44980149	-0.00009729	0.00036525
17.40	-0.00084692	0.03068351	-0.09292509	-0.44962754	0.00035425	0.00023287
17.41	-0.00074954	0.03173235	-0.09308320	-0.44861162	-0.00014678	0.00155436
17.42	-0.00092596	0.03247249	-0.09269896	-0.45001979	-0.00022826	0.00051141
17.43	-0.00056600	0.03321968	-0.09212889	-0.45007690	0.00007212	-0.00046775
17.44	-0.00096699	0.03390147	-0.09208850	-0.44977327	-0.00011918	0.00030562
17.45	-0.00076559	0.03449876	-0.09175562	-0.44986625	-0.00031715	0.00094401
17.46	-0.00072743	0.03529559	-0.09169660	-0.45053520	0.00073235	0.00098985
17.47	-0.00089709	0.03610421	-0.09117100	-0.45033929	-0.00047909	-0.00000991
17.48	-0.00097430	0.03673837	-0.09076042	-0.45038962	0.00018512	0.00125034
17.49	-0.00085873	0.03722674	-0.09062996	-0.45179204	-0.00117460	-0.00068072
17.50	-0.00107195	0.03815042	-0.09040094	-0.45092538	-0.00057101	0.00024581
17.51	-0.00097610	0.03913398	-0.08961391	-0.45076034	-0.00016246	0.00101693
17.52	-0.00075992	0.03978786	-0.08987722	-0.44986259	0.00059623	0.00036748
17.53	-0.00094458	0.04034459	-0.08929542	-0.44995244	0.00009988	0.00095212
17.54	-0.00096603	0.04098009	-0.08896734	-0.44932640	-0.00012812	-0.00023320
17.55	-0.00076117	0.04170827	-0.08864736	-0.44986578	-0.00011955	0.00066926
17.56	-0.00093841	0.04237191	-0.08846602	-0.44890433	-0.00019200	0.00054088
17.57	-0.00079799	0.04335643	-0.08818486	-0.44968838	0.00040426	0.00081933
17.58	-0.00112380	0.04370803	-0.08753551	-0.45039008	0.00114729	0.00059213
17.59	-0.00109163	0.04456161	-0.08729809	-0.45034719	0.00110696	0.00116399
17.60	-0.00092474	0.04518864	-0.08713469	-0.45058020	0.00099928	0.00125892
17.61	-0.00088142	0.04631406	-0.08641070	-0.45059885	0.00138071	0.00052728
17.62	-0.00075924	0.04655636	-0.08613174	-0.45060825	0.00133315	0.00013198
17.63	-0.00040008	0.04712293	-0.08585653	-0.45034407	0.00126761	0.00112830
17.64	-0.00069796	0.04779627	-0.08532770	-0.44965041	0.00079474	0.00029234
17.65	-0.00089711	0.04865964	-0.08504466	-0.45030003	0.00055738	0.00027568
17.66	-0.00057877	0.04941438	-0.08480443	-0.45051991	0.00072349	0.00086742
17.67	-0.00066493	0.05021072	-0.08446745	-0.45058876	0.00099661	0.00082690
17.68	-0.00075367	0.05050098	-0.08399112	-0.45103591	0.00116178	0.00107804
17.69	-0.00081015	0.05111137	-0.08348435	-0.45020725	0.00028371	-0.00037407
17.70	-0.00075830	0.05171282	-0.08311795	-0.45004812	0.00133748	-0.00008318
17.71	-0.00060314	0.05241020	-0.08289768	-0.45043291	0.00044998	0.00045385
17.72	-0.00099531	0.05320020	-0.08245716	-0.44979738	-0.00010756	-0.00015730
17.73	-0.00096111	0.05380778	-0.08212661	-0.44984417	0.00185321	0.00051833
17.74	-0.00100540	0.05446873	-0.08129107	-0.45068951	0.00115640	0.00063650
17.75	-0.00102156	0.05495286	-0.08076531	-0.45090961	-0.00016719	0.00022163
17.76	-0.00095105	0.05570354	-0.08053308	-0.45060397	0.00031635	0.00050436
17.77	-0.00097649	0.05634473	-0.08036111	-0.45046520	0.00053816	0.00038398
17.78	-0.00072307	0.05697462	-0.07970403	-0.44989524	0.00010793	0.00114805
17.79	-0.00101294	0.05762603	-0.07920989	-0.44991533	0.00048847	0.00023000
17.80	-0.00103887	0.05825082	-0.07888821	-0.45033411	0.00033120	0.00000531
17.81	-0.00099573	0.05870807	-0.07858859	-0.45026753	0.00048165	0.00019194
17.82	-0.00086276	0.05936599	-0.07805815	-0.45106433	0.00070629	-0.00029820
17.83	-0.00093017	0.05996506	-0.07724141	-0.45035644	-0.00029098	0.00018875
17.84	-0.00110958	0.06074213	-0.07690281	-0.45094065	0.00018568	0.00069263
17.85	-0.00106495	0.06113506	-0.07661195	-0.45059923	-0.00032395	0.00035664
17.86	-0.00085997	0.06168472	-0.07601374	-0.45151027	-0.00028562	-0.00086176
17.87	-0.00100858	0.06240288	-0.07541971	-0.45068317	-0.00034183	0.00023059
17.88	-0.00087007	0.06301201	-0.07526477	-0.45088449	-0.00050794	-0.00042415
17.89	-0.00093453	0.06352444	-0.07474968	-0.45049306	-0.00003403	-0.00039250
17.90	-0.00125110	0.06434238	-0.07403826	-0.45172299	0.00069663	-0.00032255
17.91	-0.00096446	0.06504875	-0.07358022	-0.44978157	-0.00073007	0.00038493
17.92	-0.00086918	0.06506970	-0.07304731	-0.45007380	0.00001359	-0.00015659
17.93	-0.00081759	0.06603026	-0.07251643	-0.44910766	0.00137819	0.00066687
17.94	-0.00103518	0.06621743	-0.07195632	-0.45083327	0.00062071	0.00134035
17.95	-0.00105602	0.06730029	-0.07148774	-0.45030388	-0.00132433	-0.00006733
17.96	-0.00103719	0.06741773	-0.07079697	-0.45001992	-0.00070881	0.00080513
17.97	-0.00104711	0.06811827	-0.07016179	-0.45015037	-0.00036967	0.00011181
17.98	-0.00107805	0.06853642	-0.06984283	-0.45153779	-0.00007352	0.00093009
17.99	-0.00084220	0.06922806	-0.06935482	-0.45081900	-0.00058231	0.00074268
18.00	-0.00071518	0.06869160	-0.06963107	0.44919985	0.00043194	0.00035405
18.01	-0.00091286	0.06829043	-0.07060040	0.44953032	-0.00022938	0.00015359
18.02	-0.00109748	0.06748738	-0.07067799	0.44997813	-0.00023608	0.00060344
18.03	-0.00110562	0.06696919	-0.07142744	0.44978656	0.00089757	0.00040789
18.04	-0.00061870	0.06633196	-0.07170800	0.44960508	0.00014265	-0.00039408
18.05	-0.00062526	0.06587440	-0.07215778	0.44955311	-0.00042113	0.00069793
18.06	-0.00087798	0.06528487	-0.07282672	0.44870804	0.00035428	0.00104515
18.07	-0.00079707	0.06468837	-0.07335485	0.44953019	0.00064050	0.00035507
18.08	-0.00070203	0.06423599	-0.07367578	0.44957897	0.00028219	0.00041169
18.09	-0.00067496	0.06377354	-0.07442542	0.45030238	0.00101893	0.00049258
18.10	-0.00048821	0.06320229	-0.07471423	0.45003651	0.00049765	-0.00037169
18.11	-0.00095558	0.06285001	-0.07551746	0.45032324	-0.00006337	0.00045056
18.12	-0.00084187	0.06207979	-0.07598913	0.44942209	0.00061855	0.00042808
18.13	-0.00087820	0.06153954	-0.07642907	0.44903876	0.00049273	0.00062527
18.14	-0.00075111	0.06096809	-0.07709887	0.44887664	0.00027498	0.00019171
18.15	-0.00084811	0.05994920	-0.07749913	0.44965842	0.00087960	0.00008880
18.16	-0.00109279	0.05971868	-0.07792425	0.44909930	0.00110893	0.00042206
18.17	-0.00111695	0.05885663	-0.07815528	0.45045754	0.00081033	0.00019872
18.18	-0.00081095	0.05828171	-0.07846544	0.44927879	0.00062628	0.00024521
18.19	-0.00080443	0.05765005	-0.07944588	0.44973417	0.00084647	0.00071684
18.20	-0.00065988	0.05683159	-0.07985877	0.44990946	-0.00026360	-0.00040744
18.21	-0.00063417	0.05630994	-0.08021302	0.44981041	0.00134792	0.00028947
18.22	-0.00107473	0.05582323	-0.08071458	0.45051432	0.00187883	-0.00029609
18.23	-0.00088782	0.05486316	-0.08093295	0.44893763	0.00049247	0.00089547
18.24	-0.00077391	0.05453704	-0.08129682	0.45009306	0.00115608	0.00040134
18.25	-0.00063165	0.05419979	-0.08171226	0.45012751	0.00019879	0.00009825
18.26	-0.00030185	0.05341674	-0.08222801	0.44985935	0.00075897	0.00084285
18.27	-0.00085361	0.05247809	-0.08294682	0.44918830	0.00004275	0.00101320
18.28	-0.00078176	0.05198745	-0.08352414	0.44992096	0.00011938	0.00077706
18.29	-0.00076663	0.05145929	-0.08349198	0.45001200	0.00053509	0.00064543
18.30	-0.00066266	0.05051055	-0.08412630	0.45026876	0.00051980	0.00074881
18.31	-0.00093482	0.04999250	-0.08448385	0.44974101	0.00079068	0.00051459
18.32	-0.00051463	0.04937827	-0.08474145	0.44978446	0.00073905	0.00166767
18.33	-0.00063863	0.04862376	-0.08516437	0.45042091	0.00108942	0.00174000
18.34	-0.00070057	0.04792561	-0.08558666	0.45093692	0.00107225	0.00076841
18.35	-0.00064144	0.04744415	-0.08591823	0.45053922	-0.00052667	0.00016710
18.36	-0.00053303	0.04652567	-0.08619093	0.44983505	-0.00018084	0.00111811
18.37	-0.00052230	0.04576530	-0.08649244	0.45001576	-0.00036872	0.00040750
18.38	-0.00039570	0.04532510	-0.08697766	0.45011928	0.00023235	-0.00069635
18.39	-0.00069452	0.04501136	-0.08736674	0.45086003	-0.00005640	0.00005002
18.40	-0.00061568	0.04407424	-0.08770963	0.44944752	0.00005373	-0.00051845
18.41	-0.00082086	0.04346499	-0.08801793	0.45027564	0.00069395	0.00051991
18.42	-0.00045319	0.04259189	-0.08855832	0.44978297	0.00044241	-0.00000821
18.43	-0.00056721	0.04215604	-0.08875104	0.44982663	0.00101349	-0.00011311
18.44	-0.00109229	0.04116244	-0.08907720	0.44962191	0.00040983	-0.00116287
18.45	-0.00094982	0.04020547	-0.08967678	0.45025190	0.00051218	-0.00044516
18.46	-0.00078372	0.03983765	-0.08943989	0.45127400	-0.00048586	-0.00162741
18.47	-0.00059279	0.03920396	-0.08999311	0.44982995	-0.00118599	-0.00006071
18.48	-0.00048958	0.03810025	-0.09011888	0.45059491	-0.00039661	-0.00120703
18.49	-0.00052449	0.03775463	-0.09067699	0.45113314	0.00030465	0.00021467
18.50	-0.00047090	0.03655479	-0.09078117	0.45060466	-0.00054928	0.00096113
18.51	-0.00067293	0.03623335	-0.09111957	0.45030996	-0.00086071	-0.00033946
18.52	-0.00064739	0.03556866	-0.09114154	0.45078559	-0.00024411	0.00023022
18.53	-0.00075617	0.03449674	-0.09170239	0.45073306	0.00020723	-0.00058018
18.54	-0.00061993	0.03414745	-0.09202737	0.45070945	0.00012312	-0.00058540
18.55	-0.00066365	0.03356560	-0.09215617	0.45050007	0.00005291	-0.00010521
18.56	-0.00082883	0.03236039	-0.09267684	0.44977272	-0.00035455	-0.00000725
18.57	-0.00069679	0.03188169	-0.09284296	0.44998602	-0.00043584	-0.00097988
18.58	-0.00065648	0.03113376	-0.09319184	0.45039506	-0.00022675	-0.00086926
18.59	-0.00061675	0.03022558	-0.09315691	0.45030252	-0.00090582	-0.00062495
18.60	-0.00050389	0.02959115	-0.09359730	0.45076717	-0.00048917	-0.00005226
18.61	-0.00065396	0.02901990	-0.09356038	0.45138079	-0.00001523	-0.00060842
18.62	-0.00060553	0.02778124	-0.09407327	0.45068094	0.00022371	-0.00111211
18.63	-0.00084337	0.02745056	-0.09401697	0.45065226	0.00039353	-0.00127396
18.64	-0.00077616	0.02655634	-0.09421169	0.45105110	0.00105320	-0.00107197
18.65	-0.00066325	0.02573471	-0.09462376	0.45117621	0.00066409	-0.00091773
18.66	-0.00042301	0.02485665	-0.09463066	0.45122983	0.00052857	-0.00041216
18.67	-0.00078980	0.02411365	-0.09487184	0.45044401	0.00097314	-0.00057583
18.68	-0.00069506	0.02362881	-0.09514236	0.45018980	0.00033832	-0.00072091
18.69	-0.00094339	0.02282580	-0.09553604	0.44996842	0.00101987	-0.00021059
18.70	-0.00093593	0.02203479	-0.09556903	0.44971307	0.00020632	-0.00014484
18.71	-0.00084994	0.02156987	-0.09593115	0.45011182	0.00082932	0.00031753
18.72	-0.00066512	0.02057756	-0.09604274	0.45026040	0.00122356	0.00052370
18.73	-0.00092998	0.02007301	-0.09609703	0.45072979	0.00003612	0.00000543
18.74	-0.00090115	0.01912347	-0.09621854	0.45138441	-0.00008760	-0.00009768
18.75	-0.00113654	0.01847107	-0.09642079	0.45002142	0.00052877	-0.00007567
18.76	-0.00082197	0.01791490	-0.09641881	0.44987053	0.00030221	0.00064372
18.77	-0.00094051	0.01686805	-0.09663749	0.44985938	0.00019352	0.00051196
18.78	-0.00097095	0.01601667	-0.09687584	0.45041418	0.00029933	-0.00034911
18.79	-0.00093589	0.01536590	-0.09685845	0.45089192	0.00047270	-0.00080139
18.80	-0.00083821	0.01465705	-0.09701594	0.44865734	0.00059074	-0.00017992
18.81	-0.00068005	0.01363271	-0.09686693	0.44939193	0.00115943	0.00071110
18.82	-0.00091302	0.01283859	-0.09714543	0.44947159	-0.00043695	0.00068396
18.83	-0.00076929	0.01219199	-0.09756824	0.45009853	0.00030375	0.00088989
18.84	-0.00085152	0.01116681	-0.09754288	0.44942861	-0.00016274	0.00059640
18.85	-0.00079862	0.01044231	-0.09757113	0.44990443	-0.00001393	-0.00023224
18.86	-0.00058226	0.01019295	-0.09754575	0.45038585	0.00087020	-0.00094276
18.87	-0.00087271	0.00943794	-0.09772261	0.45003281	0.00007492	-0.00064327
18.88	-0.00107520	0.00870003	-0.09790071	0.44981292	0.00000718	-0.00069686
18.89	-0.00092355	0.00786885	-0.09769041	0.44919522	-0.00016364	-0.00060743
18.90	-0.00084161	0.00715286	-0.09804818	0.45060597	0.00020792	-0.00042964
18.91	-0.00048057	0.00652776	-0.09767993	0.44999695	0.00100086	0.00029836
18.92	-0.00073344	0.00562073	-0.09781703	0.44939860	-0.00041608	0.00000154
18.93	-0.00122091	0.00437721	-0.09804905	0.44869494	-0.00022984	0.00012604
18.94	-0.00089091	0.00394477	-0.09787905	0.44827047	0.00008133	0.00001069
18.95	-0.00097033	0.00307386	-0.09806089	0.44938958	-0.00039207	-0.00102287
18.96	-0.00098302	0.00244111	-0.09779377	0.44880980	0.00040815	-0.00048531
18.97	-0.00056989	0.00182937	-0.09801932	0.44925858	0.00104848	0.00040577
18.98	-0.00112522	0.00079826	-0.09824595	0.45008600	0.00033447	-0.00057133
18.99	-0.00095681	0.00018395	-0.09813673	0.44961626	0.00088018	-0.00012190
19.00	-0.00073903	0.00025088	-0.09812642	-0.00141395	0.00006879	0.00022853
19.01	-0.00079254	0.00022132	-0.09796775	-0.00107201	0.00078794	-0.00120897
19.02	-0.00074086	0.00031268	-0.09801021	-0.00046170	-0.00000276	0.00040621
19.03	-0.00088345	0.00008730	-0.09812868	-0.00038815	0.00011416	-0.00006285
19.04	-0.00081209	0.00003530	-0.09812738	-0.00041481	0.00021829	-0.00038420
19.05	-0.00098712	0.00007724	-0.09837287	-0.00095037	-0.00040377	0.00027439
19.06	-0.00089321	0.00015672	-0.09819909	-0.00046158	-0.00012561	-0.00001860
19.07	-0.00118783	0.00043599	-0.09755577	-0.00058298	0.00021937	0.00011705
19.08	-0.00107769	0.00009311	-0.09780427	-0.00066296	0.00096445	-0.00023541
19.09	-0.00092622	-0.00019567	-0.09765546	-0.00026628	0.00001960	-0.00083598
19.10	-0.00096039	-0.00020014	-0.09792567	-0.00090747	-0.00049342	-0.00097673
19.11	-0.00085405	0.00017510	-0.09805900	-0.00068134	0.00005729	-0.00030191
19.12	-0.00092009	-0.00001008	-0.09789762	-0.00049039	0.00024808	0.00022539
19.13	-0.00098868	-0.00003452	-0.09778992	-0.00034020	0.00058336	-0.00013094
19.14	-0.00104744	-0.00000612	-0.09836249	-0.00007432	0.00114406	0.00050422
19.15	-0.00098496	-0.00002600	-0.09818546	-0.00095674	-0.00019365	0.00033164
19.16	-0.00095213	-0.00015827	-0.09782928	-0.00056021	-0.00091991	0.00029432
19.17	-0.00074723	-0.00003898	-0.09774143	-0.00060816	0.00086663	-0.00100838
19.18	-0.00108737	0.00036329	-0.09816558	0.00090842	0.00025320	-0.00059664
19.19	-0.00069201	0.00002914	-0.09816565	-0.00040035	-0.00020021	-0.00067942
19.20	-0.00074623	-0.00026090	-0.09804635	-0.00091065	-0.00053271	0.00044567
19.21	-0.00063808	0.00014789	-0.09820754	-0.00086528	-0.00016326	-0.00010202
19.22	-0.00081858	-0.00005168	-0.09843604	-0.00084685	0.00040161	0.00048340
19.23	-0.00052284	0.00021883	-0.09820133	-0.00111710	0.00047057	0.00052663
19.24	-0.00059903	0.00032777	-0.09824719	-0.00072889	0.00051183	0.00055711
19.25	-0.00055335	-0.00011371	-0.09794382	-0.00020036	0.00099667	0.00065032
19.26	-0.00056766	0.00003349	-0.09802955	-0.00032784	-0.00090865	0.00027398
19.27	-0.00090409	-0.00011345	-0.09828147	-0.00123127	0.00118034	-0.00001385
19.28	-0.00096102	-0.00001534	-0.09803383	-0.00016164	-0.00001987	-0.00098697
19.29	-0.00036828	0.00014066	-0.09807814	-0.00098453	-0.00004823	0.00064025
19.30	-0.00070880	0.00021850	-0.09797658	-0.00080522	0.00052505	0.00064719
19.31	-0.00051824	-0.00013575	-0.09790735	-0.00083233	0.00130640	0.00092380
19.32	-0.00042825	0.00005501	-0.09818852	-0.00096906	0.00088335	-0.00012034
19.33	-0.00077975	0.00009547	-0.09789957	-0.00140976	0.00073341	0.00098553
19.34	-0.00060365	-0.00009678	-0.09784696	-0.00079848	0.00158735	0.00062763
19.35	-0.00083224	0.00014508	-0.09803536	-0.00006074	-0.00041448	0.00137019
19.36	-0.00068001	-0.00011045	-0.09792531	-0.00064459	-0.00029530	0.00098273
19.37	-0.00085124	0.00008458	-0.09812036	0.00032691	-0.00072532	0.00123557
19.38	-0.00104739	-0.00035417	-0.09796755	-0.00093197	-0.00037952	0.00104943
19.39	-0.00095738	-0.00024666	-0.09785257	-0.00053813	0.00039718	-0.00028776
19.40	-0.00090260	-0.00019744	-0.09801652	0.00048300	0.00045329	0.00042090
19.41	-0.00091694	-0.00043425	-0.09812063	0.00010578	0.00052539	0.00093503
19.42	-0.00072418	-0.00011150	-0.09802436	-0.00025553	0.00068463	-0.00007240
19.43	-0.00104708	-0.00006445	-0.09791691	-0.00086274	0.00090519	-0.00017058
19.44	-0.00089177	-0.00012550	-0.09818132	-0.00120392	0.00033207	0.00028453
19.45	-0.00092109	-0.00010761	-0.09778767	-0.00088496	0.00128355	0.00025165
19.46	-0.00087004	-0.00018472	-0.09809183	-0.00164920	0.00014535	0.00051336
19.47	-0.00116540	-0.00022000	-0.09781616	-0.00243680	0.00066704	0.00107672
19.48	-0.00064606	-0.00018996	-0.09803062	-0.00089630	0.00044711	0.00013145
19.49	-0.00064686	-0.00017116	-0.09816219	-0.00047258	-0.00060656	0.00010981
19.50	-0.00105100	-0.00002448	-0.09799613	-0.00032902	0.00087510	0.00008449
19.51	-0.00090658	-0.00034966	-0.09792296	-0.00014259	-0.00082983	0.00043434
19.52	-0.00083700	-0.00029825	-0.09803422	-0.00011039	0.00015230	-0.00042095
19.53	-0.00106722	-0.00028834	-0.09800957	-0.00040966	-0.00055562	0.00026731
19.54	-0.00113759	-0.00032956	-0.09792315	0.00003025	-0.00079724	-0.00012988
19.55	-0.00077505	-0.00007286	-0.09775972	-0.00165978	-0.00091732	0.00014163
19.56	-0.00118084	-0.00030528	-0.09801196	0.00007206	-0.00082636	0.00036404
19.57	-0.00082507	-0.00007287	-0.09794449	-0.00009403	-0.00080151	0.00034700
19.58	-0.00092196	-0.00014913	-0.09817948	-0.00011568	-0.00112022	0.00031213
19.59	-0.00102490	-0.00025216	-0.09808603	-0.00029071	0.00015616	-0.00032225
19.60	-0.00112014	-0.00017304	-0.09800309	0.00031131	-0.00027537	0.00010465
19.61	-0.00107999	-0.00000801	-0.09783738	-0.00012807	-0.00040577	-0.00013040
19.62	-0.00114329	-0.00023790	-0.09810098	0.00049430	-0.00103198	0.00061501
19.63	-0.00091198	-0.00018138	-0.09794439	0.00021491	-0.00020789	-0.00000506
19.64	-0.00082941	-0.00003852	-0.09792377	-0.00052822	0.00016190	0.00063619
19.65	-0.00114217	0.00012326	-0.09804004	-0.00026339	0.00029206	-0.00034726
19.66	-0.00100698	0.00031089	-0.09785931	0.00033718	0.00033670	-0.00042121
19.67	-0.00105884	0.00007068	-0.09792457	-0.00045801	0.00009989	0.00021163
19.68	-0.00077768	0.00022604	-0.09760054	-0.00079045	0.00002958	0.00023335
19.69	-0.00084724	0.00008842	-0.09807878	-0.00083496	-0.00020111	0.00005278
19.70	-0.00084038	0.00014784	-0.09803567	-0.00037321	-0.00022046	0.00023609
19.71	-0.00097882	0.00029958	-0.09780886	-0.00012378	-0.00053388	0.00051584
19.72	-0.00101512	0.00022129	-0.09783391	-0.00011140	-0.00038040	0.00097245
19.73	-0.00082025	-0.00013516	-0.09811880	-0.00064118	-0.00019077	0.00099152
19.74	-0.00060639	-0.00024295	-0.09798311	-0.00090039	0.00042142	0.00011476
19.75	-0.00073167	0.00028461	-0.09810042	-0.00072100	0.00012710	0.00144176
19.76	-0.00070104	0.00010088	-0.09783521	-0.00009546	-0.00040012	0.00090678
19.77	-0.00087668	0.00011227	-0.09828462	0.00010865	-0.00023177	0.00027130
19.78	-0.00083923	-0.00027789	-0.09810447	-0.00037882	-0.00084661	0.00081350
19.79	-0.00082153	0.00024940	-0.09789228	-0.00056817	-0.00012959	0.00071275
19.80	-0.00123541	0.00009088	-0.09788034	0.00007982	0.00030447	0.00059114
19.81	-0.00085086	-0.00004493	-0.09827459	-0.00025288	0.00068872	0.00098411
19.82	-0.00088368	0.00005374	-0.09789000	-0.00012217	0.00040252	0.00132889
19.83	-0.00064889	-0.00005859	-0.09804293	-0.00043179	0.00020364	0.00092457
19.84	-0.00091080	-0.00005766	-0.09808375	-0.00036331	0.00011487	0.00153165
19.85	-0.00087769	-0.00018665	-0.09795453	-0.00070747	0.00041753	0.00045368
19.86	-0.00079781	-0.00002247	-0.09823428	-0.00125392	0.00003341	0.00030660
19.87	-0.00076067	-0.00029938	-0.09796026	-0.00063637	0.00083492	0.00021704
19.88	-0.00087292	0.00011002	-0.09787745	-0.00013891	-0.00024487	0.00146014
19.89	-0.00058916	0.00003641	-0.09801150	0.00042856	0.00075113	0.00041420
19.90	-0.00050743	0.00001705	-0.09810650	0.00014957	0.00030354	0.00107922
19.91	-0.00078271	0.00008526	-0.09823929	0.00004991	-0.00051906	0.00112443
19.92	-0.00058751	-0.00003776	-0.09813950	0.00118317	0.00104354	0.00061728
19.93	-0.00085621	-0.00043244	-0.09812227	-0.00020652	-0.00074483	0.00154606
19.94	-0.00075033	0.00038046	-0.09784382	-0.00002248	0.00040569	0.00015108
19.95	-0.00069974	0.00003980	-0.09802639	-0.00019918	-0.00108892	0.00036756
19.96	-0.00082393	-0.00001156	-0.09802760	-0.00112796	-0.00118908	0.00051942
19.97	-0.00099706	0.00051223	-0.09823632	-0.00070107	-0.00133882	0.00000587
19.98	-0.00073985	0.00002445	-0.09808814	0.00020848	-0.00119440	0.00126357
19.99	-0.00077216	-0.00020806	-0.09819422	0.00064225	-0.00155469	-0.00014575
20.00	-0.00098641	-0.00012453	-0.09782306	-0.00074506	-0.00035880	0.00062228
