0.00	-0.00013507	0.00009538	-0.09787527	-0.00027967	-0.00001271	0.00049813
0.01	-0.00023110	-0.02017612	-0.09791272	0.00023578	0.00028319	-0.57348986
0.02	-0.00033784	-0.02037316	-0.09778569	0.00059870	0.00016240	-0.57382637
0.03	0.00002410	-0.02031437	-0.09780111	-0.00019913	0.00050148	-0.57355904
0.04	0.00017437	-0.02017336	-0.09757420	-0.00035376	0.00086728	-0.57363264
0.05	0.00001568	-0.02009854	-0.09781072	-0.00139188	0.00049163	-0.57260870
0.06	0.00038532	-0.02021940	-0.09780089	-0.00024036	-0.00039626	-0.57277060
0.07	0.00008230	-0.02024801	-0.09794620	-0.00026559	-0.00010432	-0.57338796
0.08	0.00013916	-0.02033829	-0.09816898	-0.00145300	0.00033157	-0.57313059
0.09	-0.00001558	-0.02019223	-0.09800773	-0.00006455	0.00009412	-0.57387191
0.10	0.00001568	-0.02040790	-0.09783086	-0.00028096	0.00036323	-0.57300012
0.11	-0.00002105	-0.02012342	-0.09787818	-0.00070758	0.00115281	-0.57349215
0.12	0.00017355	-0.02049076	-0.09826135	-0.00053061	0.00059086	-0.57401729
0.13	-0.00008941	-0.02018762	-0.09793117	-0.00016284	0.00050629	-0.57388064
0.14	0.00034007	-0.02020541	-0.09815478	-0.00076163	0.00019232	-0.57471999
0.15	0.00013972	-0.01992650	-0.09829773	-0.00121740	0.00048437	-0.57371399
0.16	-0.00003174	-0.02023677	-0.09815419	-0.00028167	0.00135973	-0.57467779
0.17	0.00000953	-0.02015712	-0.09802684	-0.00098349	0.00109450	-0.57380499
0.18	0.00004694	-0.02007203	-0.09800990	0.00052145	0.00112111	-0.57334064
0.19	-0.00019314	-0.02027439	-0.09774698	0.00077102	0.00132825	-0.57317225
0.20	0.00012130	-0.02016124	-0.09809392	0.00090312	0.00219550	-0.57343034
0.21	0.00016533	-0.02019336	-0.09787344	0.00001043	0.00087388	-0.57266579
0.22	-0.00004466	-0.02038110	-0.09790705	0.00011890	0.00089245	-0.57385419
0.23	0.00020704	-0.02061706	-0.09810704	-0.00026085	0.00033050	-0.57310893
0.24	-0.00023843	-0.02000124	-0.09805886	0.00009827	0.00032002	-0.57330687
0.25	0.00012798	-0.02014363	-0.09781982	0.00028997	0.00046991	-0.57258548
0.26	-0.00003967	-0.02027940	-0.09791951	-0.00008700	-0.00085928	-0.57319369
0.27	-0.00007426	-0.02017222	-0.09785414	0.00041429	0.00011966	-0.57345217
0.28	-0.00004968	-0.01992132	-0.09795879	0.00005738	-0.00013891	-0.57302028
0.29	-0.00002993	-0.02002389	-0.09787204	0.00083302	-0.00010207	-0.57398345
0.30	0.00017696	-0.02004763	-0.09772935	0.00068507	-0.00020562	-0.57380823
0.31	-0.00005262	-0.01999096	-0.09782137	0.00091881	0.00001806	-0.57395732
0.32	-0.00005130	-0.01987679	-0.09800463	0.00072458	-0.00001958	-0.57349076
0.33	-0.00002177	-0.01991770	-0.09778979	-0.00013598	-0.00050631	-0.57342759
0.34	0.00038160	-0.02037853	-0.09791278	-0.00009164	-0.00010987	-0.57342169
0.35	0.00024033	-0.02001816	-0.09809441	0.00105654	-0.00086805	-0.57322178
0.36	0.00019448	-0.02045240	-0.09799373	0.00018113	-0.00047978	-0.57393365
0.37	0.00008560	-0.02005876	-0.09797389	-0.00032524	-0.00095346	-0.57436650
0.38	0.00007950	-0.02012058	-0.09794818	0.00052524	-0.00155690	-0.57413408
0.39	0.00002012	-0.02014602	-0.09760164	0.00123029	-0.00161489	-0.57355580
0.40	0.00015449	-0.02016736	-0.09792720	0.00090140	-0.00125455	-0.57383414
0.41	-0.00000403	-0.02017064	-0.09811258	0.00071452	-0.00063849	-0.57269585
0.42	0.00003640	-0.02004781	-0.09812581	0.00094507	0.00068611	-0.57317905
0.43	0.00005449	-0.02005403	-0.09782914	0.00015771	0.00224571	-0.57332772
0.44	-0.00008397	-0.01989203	-0.09785143	-0.00031180	0.00073788	-0.57342686
0.45	-0.00014347	-0.02005810	-0.09789381	0.00032893	0.00099938	-0.57401426
0.46	-0.00022340	-0.02024707	-0.09793841	-0.00006403	0.00015277	-0.57357700
0.47	0.00003673	-0.02019639	-0.09806310	0.00026514	0.00125805	-0.57406295
0.48	-0.00003267	-0.02032406	-0.09803811	0.00057651	0.00037748	-0.57461143
0.49	0.00010691	-0.02016876	-0.09805967	-0.00012936	0.00115441	-0.57444470
0.50	-0.00005853	-0.02033896	-0.09823844	0.00090902	0.00001600	-0.57519350
0.51	-0.00018952	-0.02055774	-0.09798836	0.00135910	0.00004453	-0.57455205
0.52	-0.00012433	-0.02028349	-0.09799948	0.00075792	-0.00056104	-0.57394671
0.53	-0.00010879	-0.02015702	-0.09808101	0.00156819	-0.00008777	-0.57353027
0.54	0.00021540	-0.02048060	-0.09835709	0.00136776	-0.00023678	-0.57432713
0.55	0.00005633	-0.02021209	-0.09834881	0.00037006	0.00040381	-0.57399920
0.56	0.00013595	-0.02027768	-0.09829776	0.00020954	0.00111558	-0.57337601
0.57	-0.00041774	-0.02028076	-0.09831901	0.00029344	0.00187138	-0.57461222
0.58	-0.00003009	-0.01993276	-0.09818332	0.00112556	0.00010043	-0.57499606
0.59	0.00014374	-0.02007855	-0.09833870	-0.00015980	-0.00075108	-0.57369042
0.60	0.00000895	-0.02000068	-0.09815695	0.00001782	-0.00034590	-0.57476214
0.61	-0.00002155	-0.02026601	-0.09818360	-0.00005288	0.00040467	-0.57303721
0.62	0.00019538	-0.02027928	-0.09825661	0.00019920	0.00050373	-0.57302952
0.63	-0.00015690	-0.02007136	-0.09815393	0.00175747	-0.00043828	-0.57449487
0.64	-0.00000901	-0.02043218	-0.09818409	0.00149478	-0.00030984	-0.57411243
0.65	-0.00021254	-0.02010188	-0.09800443	0.00150624	0.00043936	-0.57388257
0.66	-0.00007982	-0.02020558	-0.09819654	0.00122478	0.00041901	-0.57467048
0.67	-0.00007007	-0.02032201	-0.09800689	0.00146650	-0.00064166	-0.57446424
0.68	-0.00019360	-0.02007933	-0.09802796	0.00110365	-0.00113093	-0.57494577
0.69	-0.00017465	-0.02046350	-0.09775382	0.00102775	-0.00053054	-0.57405067
0.70	0.00015209	-0.02022604	-0.09826499	0.00108697	0.00056272	-0.57420054
0.71	-0.00041953	-0.02021851	-0.09786809	0.00128026	-0.00109738	-0.57533525
0.72	-0.00016284	-0.02020435	-0.09790804	0.00175486	-0.00029105	-0.57510720
0.73	-0.00018601	-0.02007922	-0.09814647	0.00112349	-0.00045571	-0.57516426
0.74	-0.00011825	-0.02013511	-0.09813236	0.00006910	-0.00040092	-0.57431819
0.75	-0.00011554	-0.02009341	-0.09823277	0.00023264	-0.00043103	-0.57376561
0.76	-0.00040751	-0.01993654	-0.09836720	-0.00058818	-0.00017258	-0.57518595
0.77	-0.00037508	-0.02029284	-0.09832787	-0.00098490	-0.00083417	-0.57510906
0.78	-0.00029965	-0.02021160	-0.09829579	0.00078887	-0.00013524	-0.57500630
0.79	-0.00027867	-0.02033759	-0.09825476	0.00092915	-0.00054725	-0.57506712
0.80	-0.00022145	-0.02002399	-0.09816927	-0.00054433	-0.00002009	-0.57485373
0.81	0.00022703	-0.02004898	-0.09821568	0.00062953	-0.00128659	-0.57449067
0.82	-0.00003461	-0.02023585	-0.09809227	0.00085722	-0.00043552	-0.57509686
0.83	0.00015020	-0.01988917	-0.09838698	-0.00019303	0.00022913	-0.57518766
0.84	-0.00017029	-0.01995988	-0.09860578	0.00086643	-0.00081705	-0.57445090
0.85	0.00011374	-0.02018057	-0.09838363	0.00003352	0.00005942	-0.57456363
0.86	0.00018088	-0.02022888	-0.09830008	-0.00060216	-0.00009412	-0.57555522
0.87	-0.00026114	-0.02003777	-0.09827296	0.00125112	-0.00064012	-0.57435504
0.88	-0.00005119	-0.01997870	-0.09820202	0.00047152	0.00109171	-0.57469825
0.89	-0.00001816	-0.02010533	-0.09837503	0.00099461	0.00068849	-0.57332178
0.90	-0.00033249	-0.02012344	-0.09814645	0.00044232	0.00058385	-0.57380835
0.91	-0.00009839	-0.01997669	-0.09822126	0.00158358	-0.00018709	-0.57408237
0.92	-0.00019688	-0.02025916	-0.09828480	0.00076776	0.00057449	-0.57513704
0.93	-0.00003243	-0.02011425	-0.09811638	0.00049556	0.00023273	-0.57449496
0.94	-0.00023035	-0.02024618	-0.09806666	0.00166680	-0.00009487	-0.57441460
0.95	-0.00011488	-0.02010027	-0.09795216	0.00172743	0.00012381	-0.57483352
0.96	0.00001850	-0.02014370	-0.09808552	0.00079812	0.00072527	-0.57479041
0.97	-0.00019290	-0.02028236	-0.09797797	0.00028862	-0.00065545	-0.57480379
0.98	-0.00008524	-0.02017517	-0.09791632	0.00087263	-0.00075827	-0.57541547
0.99	-0.00020030	-0.02007209	-0.09806422	0.00066367	0.00041006	-0.57485628
1.00	-0.00005776	-0.02028159	-0.09827721	0.00095921	-0.00067965	-0.57451232
1.01	0.00003386	-0.02001217	-0.09777027	-0.00037781	0.00036279	-0.57465878
1.02	-0.00034519	-0.01992309	-0.09786842	0.00124680	0.00051848	-0.57493849
1.03	-0.00031058	-0.02014047	-0.09820733	0.00015693	-0.00011006	-0.57372513
1.04	-0.00021966	-0.01995396	-0.09778655	0.00153987	-0.00077458	-0.57467756
1.05	-0.00028696	-0.02015382	-0.09816665	0.00140038	-0.00034068	-0.57488898
1.06	-0.00052033	-0.02006062	-0.09815593	0.00045436	0.00025106	-0.57448039
1.07	-0.00030855	-0.01995738	-0.09823930	0.00015861	-0.00073717	-0.57445655
1.08	-0.00017551	-0.01985707	-0.09826391	0.00084342	-0.00005689	-0.57436101
1.09	-0.00042271	-0.02031413	-0.09848485	0.00113478	-0.00156996	-0.57476390
1.10	-0.00022855	-0.01994800	-0.09814322	0.00107159	-0.00040961	-0.57397340
1.11	-0.00004556	-0.01980124	-0.09795856	0.00080544	-0.00085100	-0.57507084
1.12	-0.00000387	-0.01992449	-0.09832437	0.00005213	-0.00046215	-0.57415494
1.13	0.00010767	-0.01996226	-0.09806254	0.00063292	-0.00052864	-0.57502738
1.14	-0.00019201	-0.02005330	-0.09827954	0.00038351	0.00006496	-0.57501081
1.15	-0.00025896	-0.02005831	-0.09812918	0.00161945	-0.00149714	-0.57405734
1.16	0.00006644	-0.01994720	-0.09813184	0.00130630	-0.00133399	-0.57365882
1.17	-0.00008860	-0.02022099	-0.09827092	0.00072922	-0.00099894	-0.57435440
1.18	-0.00021897	-0.02027979	-0.09817588	0.00051594	-0.00129510	-0.57390483
1.19	-0.00017275	-0.02007470	-0.09802180	0.00062567	-0.00059071	-0.57467194
1.20	0.00046934	-0.01995212	-0.09801703	0.00094429	-0.00058966	-0.57413008
1.21	-0.00012560	-0.02000972	-0.09823124	0.00077469	-0.00068889	-0.57437263
1.22	-0.00015400	-0.02013359	-0.09778883	-0.00017115	-0.00004370	-0.57502862
1.23	-0.00011909	-0.02002846	-0.09822651	-0.00064686	-0.00104587	-0.57398197
1.24	-0.00028630	-0.02011066	-0.09781556	0.00001344	0.00064008	-0.57525962
1.25	0.00012099	-0.02007352	-0.09799238	0.00004866	-0.00048004	-0.57494844
1.26	-0.00001608	-0.01979829	-0.09804039	-0.00027566	-0.00132329	-0.57382136
1.27	-0.00021947	-0.01985116	-0.09778709	-0.00068600	-0.00125375	-0.57422628
1.28	-0.00010590	-0.02012935	-0.09781579	0.00036814	-0.00003969	-0.57358390
1.29	-0.00001909	-0.02003638	-0.09800647	-0.00008793	-0.00011651	-0.57434028
1.30	0.00005058	-0.02027991	-0.09790762	0.00028515	-0.00011328	-0.57418574
1.31	-0.00011392	-0.02000266	-0.09784375	-0.00053026	-0.00078545	-0.57347385
1.32	-0.00013554	-0.02022338	-0.09774383	0.00116110	-0.00096318	-0.57314275
1.33	-0.00016920	-0.02007855	-0.09811451	0.00089112	-0.00055396	-0.57352522
1.34	-0.00028285	-0.02027862	-0.09790677	0.00154509	-0.00038689	-0.57409277
1.35	-0.00008188	-0.01999566	-0.09793863	0.00121031	0.00036593	-0.57396292
1.36	0.00018187	-0.01972077	-0.09802068	0.00035803	0.00008868	-0.57396027
1.37	-0.00010953	-0.01997297	-0.09789170	-0.00013267	-0.00161124	-0.57457488
1.38	-0.00033404	-0.01984681	-0.09819332	-0.00009731	-0.00075368	-0.57433921
1.39	-0.00007934	-0.02018117	-0.09796019	0.00049161	-0.00073102	-0.57366087
1.40	-0.00042603	-0.02000442	-0.09793116	0.00051736	-0.00102831	-0.57382662
1.41	-0.00033385	-0.02028958	-0.09790728	0.00017643	-0.00030583	-0.57442030
1.42	-0.00009380	-0.02025109	-0.09791435	-0.00035793	-0.00006488	-0.57369556
1.43	-0.00023820	-0.02005821	-0.09767282	0.00137844	-0.00105483	-0.57495925
1.44	-0.00006839	-0.02015677	-0.09804102	-0.00008577	0.00016408	-0.57462650
1.45	-0.00020223	-0.02016786	-0.09847484	0.00089086	0.00030782	-0.57378386
1.46	-0.00007240	-0.02010068	-0.09799166	-0.00025818	-0.00010983	-0.57433516
1.47	0.00018868	-0.01996160	-0.09842969	0.00022134	0.00090542	-0.57528041
1.48	-0.00015055	-0.02006746	-0.09843196	0.00023334	-0.00060693	-0.57479932
1.49	-0.00006588	-0.02002069	-0.09800319	0.00049291	-0.00086959	-0.57417885
1.50	-0.00001289	-0.02008044	-0.09801755	0.00095908	-0.00062634	-0.57470004
1.51	-0.00022292	-0.01997401	-0.09831524	0.00001450	-0.00054025	-0.57384576
1.52	-0.00037130	-0.02003436	-0.09800031	0.00010995	0.00024762	-0.57391824
1.53	-0.00020630	-0.01986549	-0.09808594	0.00065380	0.00001307	-0.57352743
1.54	-0.00048995	-0.01987616	-0.09786048	0.00135979	0.00011712	-0.57508604
1.55	-0.00030668	-0.01990308	-0.09801696	0.00004701	0.00004234	-0.57351293
1.56	-0.00040607	-0.02000584	-0.09785613	-0.00047705	0.00026580	-0.57317523
1.57	-0.00019692	-0.02009927	-0.09794755	0.00034592	-0.00026644	-0.57432681
1.58	-0.00035290	-0.02009562	-0.09795849	0.00005388	0.00033819	-0.57459076
1.59	-0.00050211	-0.02005159	-0.09772202	-0.00040764	0.00000251	-0.57297090
1.60	-0.00041683	-0.02024521	-0.09820636	0.00068200	0.00042776	-0.57299423
1.61	-0.00004052	-0.02017205	-0.09792715	0.00004080	0.00074649	-0.57345365
1.62	-0.00015335	-0.01992823	-0.09795310	0.00065933	0.00084037	-0.57404744
1.63	-0.00004990	-0.01989770	-0.09808945	0.00018669	0.00106550	-0.57455554
1.64	-0.00017062	-0.01989143	-0.09812423	-0.00047259	0.00083222	-0.57420390
1.65	-0.00022561	-0.01979828	-0.09806329	0.00024426	0.00048170	-0.57420027
1.66	-0.00022718	-0.02007346	-0.09813717	0.00090272	0.00001268	-0.57423715
1.67	0.00001155	-0.01990814	-0.09805414	0.00063519	0.00084343	-0.57461827
1.68	-0.00008079	-0.02024805	-0.09789526	0.00031680	-0.00033159	-0.57355691
1.69	0.00024097	-0.02006680	-0.09782687	0.00019427	0.00123315	-0.57428382
1.70	-0.00001495	-0.01992658	-0.09793607	0.00024960	0.00107625	-0.57587403
1.71	0.00022537	-0.01985877	-0.09802460	0.00088681	0.00182281	-0.57451607
1.72	0.00004133	-0.02009430	-0.09788232	-0.00039575	0.00031539	-0.57579511
1.73	0.00018637	-0.02006233	-0.09822084	-0.00020893	0.00085675	-0.57512769
1.74	0.00002560	-0.02028227	-0.09821734	-0.00079020	0.00140414	-0.57465438
1.75	0.00015486	-0.01999223	-0.09798167	0.00054429	0.00119025	-0.57436865
1.76	-0.00004307	-0.01986015	-0.09781711	-0.00009891	0.00052169	-0.57433067
1.77	0.00025326	-0.01974690	-0.09788433	0.00090511	0.00057730	-0.57432699
1.78	-0.00014246	-0.01998482	-0.09809855	0.00036494	0.00104019	-0.57460089
1.79	0.00003258	-0.01995745	-0.09828609	0.00039410	0.00042872	-0.57366438
1.80	0.00022074	-0.01995251	-0.09813203	-0.00067508	-0.00019600	-0.57337388
1.81	-0.00007759	-0.02004899	-0.09806580	0.00009081	-0.00001669	-0.57363552
1.82	-0.00036338	-0.02019201	-0.09821149	0.00041372	0.00138801	-0.57402642
1.83	-0.00017604	-0.02026546	-0.09782476	0.00012394	-0.00054082	-0.57389815
1.84	-0.00035630	-0.01963630	-0.09803743	-0.00030423	0.00111599	-0.57335519
1.85	-0.00008507	-0.01972023	-0.09831506	-0.00004825	-0.00032283	-0.57443588
1.86	0.00018089	-0.02004546	-0.09820015	0.00040569	0.00055195	-0.57328407
1.87	-0.00036318	-0.01989368	-0.09815994	-0.00001739	0.00002224	-0.57482289
1.88	0.00003088	-0.01978374	-0.09821678	-0.00053647	-0.00004348	-0.57305075
1.89	-0.00019820	-0.01974338	-0.09833898	-0.00000499	-0.00084454	-0.57369621
1.90	-0.00014350	-0.01993074	-0.09821170	-0.00032773	0.00034672	-0.57354973
1.91	-0.00031090	-0.02006236	-0.09793617	-0.00025105	-0.00063001	-0.57378436
1.92	-0.00045657	-0.01976043	-0.09799903	-0.00019695	-0.00012071	-0.57378270
1.93	-0.00001444	-0.01989319	-0.09794943	-0.00119377	0.00072163	-0.57415526
1.94	0.00012869	-0.01985223	-0.09800553	-0.00026910	0.00111592	-0.57383530
1.95	-0.00007868	-0.01998003	-0.09768806	-0.00046803	0.00186005	-0.57412830
1.96	-0.00016936	-0.01990080	-0.09816828	0.00036496	0.00081213	-0.57359852
1.97	-0.00019804	-0.01992547	-0.09784094	-0.00021922	0.00107906	-0.57418109
1.98	-0.00009541	-0.02026853	-0.09805662	-0.00060733	0.00129338	-0.57357970
1.99	-0.00017057	-0.01977025	-0.09774439	-0.00043242	0.00094004	-0.57459002
2.00	0.00000038	-0.02017446	-0.09786906	0.00033949	0.00091405	-0.57395254
2.01	0.00012055	-0.01991333	-0.09818504	-0.00131741	0.00103636	-0.57375913
2.02	-0.00002015	-0.01998126	-0.09797818	-0.00087879	0.00157036	-0.57433972
2.03	0.00017413	-0.02004158	-0.09809801	-0.00103606	0.00028373	-0.57396410
2.04	0.00004079	-0.01990062	-0.09777195	0.00001923	0.00199384	-0.57370914
2.05	0.00013271	-0.02015655	-0.09778816	-0.00022597	0.00043596	-0.57368378
2.06	-0.00015329	-0.01994902	-0.09784651	-0.00070539	0.00001997	-0.57412569
2.07	0.00008548	-0.01996610	-0.09814639	-0.00021285	-0.00128406	-0.57461252
2.08	0.00026411	-0.01992633	-0.09792076	-0.00018635	-0.00011633	-0.57406574
2.09	0.00012756	-0.02015005	-0.09803027	-0.00117597	0.00024610	-0.57511722
2.10	-0.00000015	-0.02003195	-0.09786738	-0.00057276	-0.00011992	-0.57424691
2.11	0.00010171	-0.02007049	-0.09826956	-0.00032249	0.00021251	-0.57398403
2.12	0.00016327	-0.02006163	-0.09814657	-0.00050622	0.00010459	-0.57467531
2.13	0.00006209	-0.02006100	-0.09793931	-0.00025845	0.00062815	-0.57316631
2.14	0.00051452	-0.02007954	-0.09804893	-0.00000997	0.00041230	-0.57337394
2.15	0.00018748	-0.02026784	-0.09778537	-0.00021466	-0.00004087	-0.57292611
2.16	0.00019093	-0.02028486	-0.09817913	-0.00038960	-0.00067877	-0.57444602
2.17	0.00017406	-0.02007828	-0.09789540	-0.00039744	-0.00054469	-0.57288546
2.18	0.00013049	-0.02003460	-0.09796020	-0.00035311	-0.00155015	-0.57353429
2.19	0.00002277	-0.02030210	-0.09779583	0.00002480	-0.00008686	-0.57348087
2.20	0.00008049	-0.02008470	-0.09794467	-0.00043393	0.00053706	-0.57311929
2.21	0.00014813	-0.01991044	-0.09793867	0.00073712	0.00075875	-0.57176420
2.22	0.00015597	-0.02008281	-0.09814115	0.00083391	0.00060922	-0.57378080
2.23	-0.00006062	-0.02008106	-0.09799919	0.00077232	-0.00088787	-0.57328166
2.24	0.00030401	-0.02024898	-0.09799098	0.00032040	0.00138284	-0.57323674
2.25	0.00025733	-0.01977487	-0.09825832	0.00075980	0.00080357	-0.57271912
2.26	0.00019299	-0.01980881	-0.09799737	0.00120603	0.00030028	-0.57321596
2.27	-0.00017348	-0.01977113	-0.09783297	0.00104574	-0.00018442	-0.57305826
2.28	-0.00012323	-0.02013069	-0.09797094	0.00055987	-0.00039043	-0.57256349
2.29	-0.00019574	-0.01956370	-0.09806964	0.00000914	0.00047388	-0.57321331
2.30	-0.00018388	-0.01979332	-0.09785545	0.00004468	0.00014438	-0.57364182
2.31	0.00019849	-0.01993928	-0.09792948	-0.00090950	-0.00047464	-0.57442919
2.32	-0.00006768	-0.01985467	-0.09783577	-0.00063345	0.00069441	-0.57370203
2.33	0.00006498	-0.01976588	-0.09783896	0.00091496	0.00015031	-0.57333534
2.34	0.00003084	-0.01946748	-0.09787948	0.00085631	0.00024534	-0.57248731
2.35	0.00009349	-0.01997612	-0.09799610	0.00030709	0.00011125	-0.57314388
2.36	-0.00004105	-0.01989586	-0.09767227	-0.00031712	0.00031412	-0.57327667
2.37	0.00003158	-0.02013085	-0.09780177	-0.00015063	-0.00042937	-0.57316081
2.38	-0.00017506	-0.01986375	-0.09805543	-0.00001519	-0.00024583	-0.57321085
2.39	0.00002231	-0.01987810	-0.09786236	0.00011976	0.00076521	-0.57320963
2.40	-0.00008313	-0.01998371	-0.09763728	-0.00011449	-0.00076935	-0.57246977
2.41	-0.00034023	-0.02020522	-0.09765356	0.00099304	-0.00044948	-0.57372152
2.42	-0.00003747	-0.01987173	-0.09788088	-0.00071712	-0.00100013	-0.57353929
2.43	-0.00004206	-0.01988232	-0.09759934	-0.00004598	-0.00016149	-0.57337971
2.44	-0.00001549	-0.01985579	-0.09773470	-0.00097383	0.00004142	-0.57213789
2.45	0.00006739	-0.02008010	-0.09767780	0.00078925	-0.00045031	-0.57364579
2.46	0.00016314	-0.01998902	-0.09810434	0.00035195	0.00059627	-0.57293634
2.47	0.00020184	-0.01991647	-0.09809251	-0.00004940	0.00094618	-0.57312771
2.48	0.00015519	-0.01989025	-0.09786186	-0.00083761	0.00056930	-0.57409729
2.49	0.00030831	-0.01981090	-0.09799546	0.00021269	0.00100667	-0.57359854
2.50	-0.00003088	-0.02010404	-0.09787887	0.00055695	-0.00064327	-0.57308866
2.51	-0.00006051	-0.01970339	-0.09760856	0.00056444	0.00041967	-0.57311940
2.52	-0.00005298	-0.02007467	-0.09812052	0.00009126	0.00094627	-0.57301854
2.53	0.00004006	-0.01978747	-0.09802689	0.00064456	0.00147400	-0.57310979
2.54	-0.00020657	-0.01999527	-0.09803173	-0.00011749	0.00033393	-0.57355664
2.55	0.00020988	-0.02035601	-0.09771294	0.00009563	0.00019969	-0.57236853
2.56	-0.00000353	-0.02014643	-0.09800618	0.00008145	0.00033580	-0.57268258
2.57	-0.00010735	-0.02011865	-0.09796799	-0.00089152	-0.00005432	-0.57294510
2.58	-0.00012318	-0.02000233	-0.09796525	-0.00092460	0.00050839	-0.57401982
2.59	0.00028451	-0.01966945	-0.09795220	0.00000388	-0.00031494	-0.57382321
2.60	0.00023241	-0.01988099	-0.09811749	-0.00118065	0.00004257	-0.57410063
2.61	0.00030773	-0.02004387	-0.09812456	-0.00028552	0.00037688	-0.57414586
2.62	-0.00005967	-0.02005105	-0.09802401	-0.00113318	-0.00040749	-0.57322732
2.63	0.00022781	-0.01989031	-0.09811325	-0.00058345	-0.00091010	-0.57375639
2.64	0.00007593	-0.02002872	-0.09798591	-0.00004654	-0.00124551	-0.57349476
2.65	0.00012453	-0.01979371	-0.09803719	-0.00115790	-0.00089234	-0.57406546
2.66	0.00007100	-0.01978448	-0.09811779	-0.00012199	0.00021403	-0.57367834
2.67	-0.00016524	-0.01979521	-0.09805867	-0.00035434	-0.00041913	-0.57397219
2.68	0.00025547	-0.01968854	-0.09791179	-0.00012953	-0.00073348	-0.57365626
2.69	-0.00004705	-0.01991782	-0.09823626	0.00022322	-0.00057451	-0.57436382
2.70	0.00004818	-0.01965399	-0.09791078	-0.00033937	-0.00174774	-0.57309843
2.71	0.00014339	-0.01995441	-0.09795345	0.00002540	-0.00106689	-0.57409941
2.72	0.00003728	-0.01952145	-0.09795270	0.00013644	-0.00130297	-0.57382812
2.73	-0.00037365	-0.01982330	-0.09789672	-0.00083315	-0.00144628	-0.57438248
2.74	-0.00038555	-0.01976912	-0.09787547	-0.00051382	0.00011472	-0.57519164
2.75	-0.00003419	-0.01983566	-0.09801833	-0.00086661	-0.00096171	-0.57482061
2.76	-0.00011083	-0.01989809	-0.09793002	-0.00043869	-0.00077965	-0.57456902
2.77	-0.00007386	-0.01993269	-0.09799713	-0.00023276	-0.00084120	-0.57366645
2.78	-0.00009931	-0.01972212	-0.09790858	-0.00030103	-0.00150495	-0.57442691
2.79	-0.00006570	-0.01997117	-0.09789749	0.00008008	-0.00133801	-0.57416988
2.80	-0.00005203	-0.01994502	-0.09783700	-0.00090471	-0.00062496	-0.57489269
2.81	-0.00037487	-0.01983261	-0.09814254	-0.00053697	-0.00063095	-0.57322746
2.82	-0.00014696	-0.01970395	-0.09805702	0.00088188	-0.00098923	-0.57348463
2.83	0.00012359	-0.01977797	-0.09809423	0.00043036	-0.00135206	-0.57384853
2.84	-0.00022199	-0.01980894	-0.09793843	0.00039941	-0.00108264	-0.57365012
2.85	0.00017372	-0.01978483	-0.09783795	-0.00030270	-0.00054119	-0.57368308
2.86	-0.00023688	-0.01992830	-0.09776878	-0.00068075	-0.00138690	-0.57346836
2.87	-0.00007306	-0.02014991	-0.09807764	0.00013186	0.00050931	-0.57362246
2.88	-0.00043520	-0.01988093	-0.09786100	-0.00008696	-0.00139975	-0.57424247
2.89	-0.00024537	-0.01990656	-0.09811342	-0.00004851	-0.00138463	-0.57390190
2.90	-0.00010045	-0.01990199	-0.09800455	-0.00029029	-0.00042699	-0.57402978
2.91	-0.00001996	-0.01980027	-0.09776557	-0.00037450	-0.00017668	-0.57264507
2.92	-0.00009848	-0.01965304	-0.09781747	-0.00059863	-0.00087310	-0.57226116
2.93	-0.00020140	-0.01970153	-0.09786367	-0.00060592	-0.00069294	-0.57233266
2.94	-0.00024417	-0.01987855	-0.09810586	0.00093407	-0.00166123	-0.57336822
2.95	-0.00006840	-0.01961960	-0.09776460	0.00134335	0.00028116	-0.57346745
2.96	0.00006138	-0.01961277	-0.09795511	0.00059988	-0.00053231	-0.57207876
2.97	-0.00018883	-0.01971370	-0.09798401	-0.00057404	-0.00171407	-0.57396450
2.98	-0.00019663	-0.01975760	-0.09771447	-0.00015758	-0.00068586	-0.57318394
2.99	-0.00024103	-0.01986424	-0.09787355	-0.00091937	0.00051138	-0.57215543
3.00	-0.00010905	-0.01978214	-0.09812682	-0.00025842	-0.00098831	-0.57335877
3.01	-0.00020999	-0.01989755	-0.09815874	-0.00045217	-0.00087984	-0.57240503
3.02	-0.00009229	-0.01995804	-0.09810863	-0.00038823	-0.00130412	-0.57279643
3.03	0.00008510	-0.01987174	-0.09787273	-0.00007088	-0.00100310	-0.57258555
3.04	0.00011924	-0.01981566	-0.09785596	0.00038530	-0.00092348	-0.57308512
3.05	0.00015677	-0.01977361	-0.09790070	-0.00072820	-0.00049166	-0.57134522
3.06	-0.00004115	-0.01995210	-0.09810843	-0.00014544	-0.00039160	-0.57261497
3.07	0.00005125	-0.01978820	-0.09782379	-0.00045093	-0.00062448	-0.57393132
3.08	-0.00009154	-0.01984189	-0.09799794	-0.00012135	0.00004945	-0.57357691
3.09	0.00008858	-0.01985205	-0.09780619	0.00008097	0.00001878	-0.57317149
3.10	-0.00015627	-0.01976276	-0.09795371	-0.00038128	-0.00067090	-0.57389616
3.11	-0.00009736	-0.01982521	-0.09781832	0.00007679	-0.00039841	-0.57505846
3.12	-0.00001280	-0.01972262	-0.09768017	0.00069987	0.00012131	-0.57423009
3.13	0.00029044	-0.01978067	-0.09775464	0.00087750	0.00030212	-0.57428528
3.14	0.00012828	-0.01967784	-0.09816137	0.00030732	0.00065774	-0.57319694
3.15	0.00008961	-0.01968466	-0.09780875	0.00106495	0.00019850	-0.57368337
3.16	-0.00001972	-0.01994198	-0.09758548	0.00029192	-0.00067685	-0.57343027
3.17	-0.00007533	-0.01976972	-0.09766444	0.00100004	-0.00045072	-0.57297125
3.18	0.00019739	-0.01970011	-0.09788969	0.00053193	-0.00104367	-0.57322612
3.19	-0.00000632	-0.01965760	-0.09748539	0.00153095	0.00103344	-0.57293948
3.20	0.00020548	-0.02008089	-0.09787385	0.00033070	0.00003125	-0.57286550
3.21	0.00004184	-0.01988747	-0.09756378	0.00021083	0.00086295	-0.57278734
3.22	0.00003843	-0.01999787	-0.09767413	0.00079549	-0.00031175	-0.57307972
3.23	0.00021041	-0.01979790	-0.09778347	0.00051697	-0.00140726	-0.57264452
3.24	-0.00001143	-0.01987725	-0.09778754	-0.00031627	-0.00039700	-0.57326165
3.25	0.00014761	-0.01960841	-0.09793767	0.00029873	0.00026243	-0.57359080
3.26	0.00012654	-0.01972652	-0.09800237	0.00029212	-0.00058090	-0.57260047
3.27	-0.00002198	-0.01970679	-0.09814301	-0.00019770	-0.00040727	-0.57350439
3.28	0.00020430	-0.01999587	-0.09803121	0.00053202	-0.00053759	-0.57344608
3.29	0.00016196	-0.01989873	-0.09791516	-0.00003751	-0.00000798	-0.57422438
3.30	0.00013382	-0.01997359	-0.09764410	0.00048821	-0.00006148	-0.57345499
3.31	0.00013154	-0.02010306	-0.09754285	0.00057777	0.00034538	-0.57325733
3.32	0.00032002	-0.01964227	-0.09764245	-0.00024944	-0.00010374	-0.57311642
3.33	0.00013332	-0.01969637	-0.09789843	-0.00002363	-0.00058698	-0.57336463
3.34	0.00032886	-0.01998360	-0.09786976	-0.00039151	0.00088926	-0.57278206
3.35	0.00035939	-0.01966398	-0.09817039	-0.00026775	0.00000640	-0.57333958
3.36	0.00007912	-0.01982729	-0.09756844	0.00066631	0.00029956	-0.57319244
3.37	0.00032859	-0.01979939	-0.09782402	-0.00022978	-0.00059410	-0.57330392
3.38	0.00016301	-0.01983702	-0.09785629	-0.00000632	0.00014779	-0.57383253
3.39	0.00038260	-0.01973989	-0.09776178	-0.00042809	0.00071580	-0.57402170
3.40	0.00022565	-0.01948383	-0.09757167	-0.00010129	-0.00044384	-0.57490497
3.41	0.00025272	-0.01985947	-0.09789914	0.00055879	-0.00045211	-0.57308964
3.42	0.00000726	-0.01959600	-0.09759027	-0.00009354	-0.00058917	-0.57452031
3.43	0.00005980	-0.01982995	-0.09778209	0.00017639	-0.00185707	-0.57517993
3.44	0.00015117	-0.01974186	-0.09804758	-0.00028064	-0.00086886	-0.57294983
3.45	0.00014939	-0.01981868	-0.09775611	-0.00079443	0.00103666	-0.57305884
3.46	0.00043394	-0.01964754	-0.09779471	0.00063296	-0.00043778	-0.57397941
3.47	0.00048163	-0.01998852	-0.09781306	-0.00044995	0.00015149	-0.57345893
3.48	0.00022022	-0.01983007	-0.09761014	-0.00090996	-0.00121069	-0.57379375
3.49	-0.00001606	-0.01993339	-0.09747804	-0.00002265	-0.00056515	-0.57377629
3.50	0.00012461	-0.01989323	-0.09779557	0.00044679	-0.00183989	-0.57397769
3.51	0.00034627	-0.01995429	-0.09772315	0.00017472	-0.00087181	-0.57474882
3.52	0.00008972	-0.02002824	-0.09791073	-0.00025974	-0.00116201	-0.57399423
3.53	0.00022809	-0.01989576	-0.09779907	-0.00016691	-0.00028552	-0.57366178
3.54	0.00033465	-0.01986362	-0.09790638	0.00000287	-0.00077336	-0.57308696
3.55	0.00026608	-0.02000594	-0.09773392	0.00018718	-0.00014303	-0.57430590
3.56	0.00022093	-0.01974620	-0.09766925	0.00084919	-0.00037663	-0.57410618
3.57	0.00013706	-0.01963999	-0.09784079	0.00094436	-0.00032517	-0.57311082
3.58	-0.00012028	-0.01984511	-0.09765304	0.00058774	-0.00044825	-0.57338221
3.59	0.00021050	-0.01971834	-0.09807751	0.00145685	-0.00045222	-0.57325351
3.60	-0.00002567	-0.01966349	-0.09765931	-0.00001694	-0.00066332	-0.57298298
3.61	0.00010860	-0.01964239	-0.09772639	0.00127548	-0.00041559	-0.57238639
3.62	0.00026695	-0.01969523	-0.09781648	0.00049528	-0.00050031	-0.57257782
3.63	0.00009483	-0.01998521	-0.09757537	0.00066638	-0.00080075	-0.57248175
3.64	-0.00028500	-0.01987709	-0.09772070	-0.00012000	-0.00013275	-0.57361070
3.65	-0.00011453	-0.01981157	-0.09796308	0.00003040	0.00034671	-0.57203884
3.66	-0.00005639	-0.01983621	-0.09802001	0.00036431	-0.00003800	-0.57215508
3.67	-0.00019580	-0.01986120	-0.09773513	0.00060320	0.00096242	-0.57337395
3.68	0.00035312	-0.01968374	-0.09779007	-0.00005597	0.00070671	-0.57329144
3.69	0.00027454	-0.01980496	-0.09793451	-0.00041400	0.00007147	-0.57254464
3.70	-0.00036133	-0.01991932	-0.09781995	-0.00029958	0.00082269	-0.57267383
3.71	-0.00001130	-0.01983633	-0.09788085	-0.00017518	0.00078673	-0.57235579
3.72	-0.00003275	-0.01989258	-0.09777715	0.00076171	-0.00031655	-0.57201534
3.73	-0.00011793	-0.02012822	-0.09818602	-0.00021279	-0.00026216	-0.57343910
3.74	-0.00031383	-0.01984229	-0.09805320	-0.00013570	0.00055306	-0.57356830
3.75	0.00001413	-0.01974479	-0.09836561	-0.00045344	0.00089435	-0.57313501
3.76	0.00000493	-0.01987116	-0.09790216	0.00008822	-0.00029791	-0.57455591
3.77	-0.00009369	-0.01989755	-0.09800401	0.00071131	-0.00020818	-0.57286845
3.78	-0.00030670	-0.01987571	-0.09769221	0.00101039	0.00060490	-0.57363384
3.79	-0.00008008	-0.01974742	-0.09810453	0.00111594	0.00021495	-0.57391501
3.80	-0.00019390	-0.01969240	-0.09794643	-0.00011301	0.00001242	-0.57426678
3.81	-0.00028468	-0.02004466	-0.09798397	-0.00020015	-0.00006519	-0.57391626
3.82	-0.00009711	-0.02002080	-0.09795871	-0.00014120	-0.00087517	-0.57360416
3.83	0.00006566	-0.01987262	-0.09777069	-0.00021255	-0.00030338	-0.57445109
3.84	-0.00018368	-0.02015599	-0.09758361	-0.00044900	-0.00053719	-0.57394234
3.85	0.00005634	-0.01987483	-0.09790377	0.00009697	-0.00036246	-0.57337552
3.86	-0.00015755	-0.01991198	-0.09792638	-0.00017802	-0.00054579	-0.57340680
3.87	-0.00033026	-0.01992972	-0.09806289	-0.00032426	-0.00110583	-0.57234420
3.88	-0.00005477	-0.01968266	-0.09776351	0.00092464	0.00036158	-0.57309820
3.89	-0.00001042	-0.01987008	-0.09782282	-0.00005476	-0.00032500	-0.57302199
3.90	-0.00008500	-0.02011387	-0.09809178	0.00083229	-0.00084532	-0.57282655
3.91	-0.00003388	-0.01983801	-0.09772999	0.00000764	-0.00036166	-0.57350474
3.92	0.00005938	-0.02003345	-0.09787148	0.00130388	0.00069100	-0.57274218
3.93	-0.00024266	-0.01969915	-0.09781494	0.00108383	0.00004200	-0.57259571
3.94	-0.00007956	-0.01968344	-0.09777743	0.00108892	0.00013178	-0.57342555
3.95	0.00007914	-0.01965082	-0.09781130	0.00161500	-0.00014607	-0.57314599
3.96	-0.00019755	-0.01979278	-0.09808820	0.00078861	-0.00125750	-0.57286402
3.97	0.00010086	-0.01974186	-0.09762832	0.00155363	-0.00007430	-0.57290878
3.98	-0.00006085	-0.01989108	-0.09791857	-0.00030816	-0.00147535	-0.57455373
3.99	0.00002758	-0.01981734	-0.09798570	0.00075220	-0.00117967	-0.57300118
4.00	0.00016140	-0.01966763	-0.09774789	0.00094417	-0.00171897	-0.57411711
4.01	-0.00013883	-0.01974952	-0.09771319	0.00065639	-0.00086803	-0.57393335
4.02	0.00001675	-0.01959931	-0.09760528	0.00072074	-0.00022066	-0.57437528
4.03	0.00010449	-0.01963882	-0.09780539	0.00056643	-0.00039317	-0.57455118
4.04	0.00018058	-0.01998150	-0.09756493	0.00152525	0.00009998	-0.57508212
4.05	-0.00007745	-0.02004022	-0.09769738	0.00038798	-0.00027099	-0.57488053
4.06	-0.00002064	-0.01983114	-0.09779822	0.00006936	-0.00052915	-0.57408079
4.07	-0.00005526	-0.01985311	-0.09797460	0.00138324	-0.00003779	-0.57432895
4.08	0.00006158	-0.02004267	-0.09791665	0.00115296	-0.00057630	-0.57452413
4.09	0.00026309	-0.01960651	-0.09796616	0.00048947	-0.00147348	-0.57327735
4.10	0.00013893	-0.02000456	-0.09786153	0.00072110	-0.00034299	-0.57312956
4.11	0.00001314	-0.02004560	-0.09791913	0.00058536	-0.00116385	-0.57315299
4.12	-0.00010540	-0.01967216	-0.09765886	0.00107649	-0.00155111	-0.57232772
4.13	-0.00029469	-0.01985092	-0.09794060	0.00079268	-0.00015043	-0.57361585
4.14	-0.00019161	-0.01984096	-0.09789072	0.00138627	-0.00028880	-0.57308719
4.15	-0.00000863	-0.01980090	-0.09790390	0.00057397	-0.00010828	-0.57330477
4.16	-0.00006948	-0.02000234	-0.09781859	0.00074021	-0.00097020	-0.57310055
4.17	0.00017130	-0.01969171	-0.09800105	0.00051465	-0.00034412	-0.57348456
4.18	-0.00000785	-0.01989477	-0.09769786	0.00047206	-0.00001867	-0.57361118
4.19	-0.00012395	-0.01993238	-0.09788598	0.00105097	-0.00066965	-0.57441475
4.20	-0.00008138	-0.02002816	-0.09795361	0.00066408	-0.00000450	-0.57415422
4.21	-0.00012471	-0.01989138	-0.09776182	0.00193649	-0.00081821	-0.57331637
4.22	0.00007268	-0.01979281	-0.09792594	0.00115010	-0.00062099	-0.57424559
4.23	0.00033145	-0.01993663	-0.09799055	0.00067715	-0.00130680	-0.57422163
4.24	0.00019800	-0.02018753	-0.09831302	0.00116304	-0.00164243	-0.57412480
4.25	0.00011125	-0.01998415	-0.09802968	0.00066226	-0.00185401	-0.57416015
4.26	-0.00021267	-0.01967729	-0.09784717	0.00035948	-0.00142520	-0.57424422
4.27	0.00007695	-0.02017879	-0.09791377	0.00083039	-0.00124317	-0.57416673
4.28	0.00037524	-0.02018867	-0.09796017	0.00069750	-0.00004063	-0.57311874
4.29	0.00000078	-0.02014865	-0.09796245	0.00008218	-0.00183944	-0.57412267
4.30	0.00005759	-0.01987012	-0.09810220	-0.00019923	-0.00041977	-0.57391945
4.31	-0.00010581	-0.01998550	-0.09799400	0.00050259	-0.00062354	-0.57338217
4.32	-0.00011738	-0.02022969	-0.09779474	-0.00051863	-0.00158114	-0.57319554
4.33	0.00004051	-0.01986191	-0.09794107	-0.00118565	-0.00052219	-0.57362689
4.34	-0.00023550	-0.02011438	-0.09799930	-0.00007715	-0.00130172	-0.57443464
4.35	-0.00007674	-0.01996507	-0.09828303	0.00058439	-0.00106539	-0.57351329
4.36	-0.00005986	-0.01992369	-0.09794440	-0.00006708	-0.00059488	-0.57402332
4.37	-0.00021032	-0.02001785	-0.09795349	-0.00007009	-0.00015790	-0.57351031
4.38	0.00007687	-0.02000052	-0.09809883	0.00081163	-0.00067430	-0.57386119
4.39	-0.00017539	-0.02007196	-0.09796868	0.00034777	-0.00108272	-0.57441496
4.40	0.00002058	-0.01998948	-0.09812798	0.00072325	-0.00005734	-0.57401726
4.41	0.00005929	-0.02015271	-0.09780718	0.00016243	-0.00054921	-0.57349040
4.42	0.00016043	-0.01988370	-0.09820722	0.00032647	-0.00073335	-0.57298476
4.43	-0.00025170	-0.01969074	-0.09787285	0.00092402	-0.00033372	-0.57287599
4.44	-0.00007875	-0.02009104	-0.09812057	0.00007977	-0.00123353	-0.57384924
4.45	-0.00004859	-0.02030520	-0.09839451	0.00023182	-0.00008804	-0.57295677
4.46	0.00016181	-0.02017767	-0.09781634	0.00000788	0.00016443	-0.57448210
4.47	0.00010942	-0.01987165	-0.09783430	0.00037645	-0.00043053	-0.57367849
4.48	-0.00017743	-0.02013898	-0.09810043	0.00033827	0.00028688	-0.57416958
4.49	0.00003795	-0.02002899	-0.09804535	-0.00037790	-0.00135824	-0.57403908
4.50	0.00004048	-0.02000709	-0.09824073	0.00031289	-0.00103341	-0.57374485
4.51	-0.00012107	-0.01991557	-0.09819683	0.00016790	-0.00092636	-0.57449656
4.52	-0.00015900	-0.01993549	-0.09820006	-0.00020672	-0.00108463	-0.57446854
4.53	0.00002721	-0.02010090	-0.09806535	-0.00011648	0.00047450	-0.57293454
4.54	0.00007098	-0.02004603	-0.09790879	-0.00157934	0.00048297	-0.57433212
4.55	-0.00001672	-0.02024837	-0.09783189	-0.00038487	0.00036614	-0.57325370
4.56	-0.00022114	-0.02007846	-0.09807517	0.00029040	0.00003465	-0.57349515
4.57	-0.00027914	-0.01995532	-0.09782268	0.00052894	-0.00034392	-0.57227294
4.58	-0.00035437	-0.02009888	-0.09802971	-0.00020942	-0.00053334	-0.57351465
4.59	-0.00038600	-0.02023614	-0.09775453	0.00005654	-0.00026525	-0.57325985
4.60	0.00021175	-0.02034666	-0.09799470	0.00033212	-0.00013621	-0.57381960
4.61	0.00005801	-0.02002499	-0.09788455	0.00112987	-0.00012393	-0.57347920
4.62	-0.00031270	-0.02011301	-0.09784089	0.00050361	-0.00028075	-0.57363537
4.63	0.00010574	-0.02020561	-0.09779141	0.00061728	0.00011802	-0.57396411
4.64	-0.00006318	-0.02004182	-0.09744975	0.00076637	-0.00020154	-0.57399968
4.65	-0.00018879	-0.01966782	-0.09790996	0.00082928	0.00076934	-0.57377624
4.66	-0.00012905	-0.01998595	-0.09786900	0.00163581	0.00009196	-0.57332315
4.67	0.00023790	-0.01976191	-0.09801262	0.00089903	0.00073051	-0.57206548
4.68	-0.00027390	-0.02015791	-0.09804038	0.00094449	-0.00019610	-0.57293037
4.69	0.00022565	-0.02003956	-0.09779096	-0.00002097	0.00037781	-0.57316510
4.70	0.00008065	-0.02004593	-0.09829813	0.00028859	0.00096870	-0.57438234
4.71	0.00009741	-0.01954190	-0.09778369	-0.00029976	0.00135311	-0.57273650
4.72	-0.00013465	-0.01985908	-0.09809073	0.00092786	-0.00003700	-0.57406426
4.73	0.00011471	-0.01992419	-0.09769017	0.00054713	0.00070812	-0.57323952
4.74	-0.00032445	-0.01992006	-0.09809970	0.00068407	-0.00040040	-0.57331508
4.75	-0.00016934	-0.01982292	-0.09808788	0.00016264	-0.00020878	-0.57294884
4.76	0.00013350	-0.01978323	-0.09802151	-0.00032133	0.00106602	-0.57424232
4.77	0.00022544	-0.01974768	-0.09791208	-0.00070694	0.00023426	-0.57301595
4.78	0.00043178	-0.02000600	-0.09785001	0.00036584	0.00115533	-0.57338806
4.79	0.00009432	-0.01992676	-0.09775178	-0.00008384	0.00007838	-0.57438969
4.80	0.00012587	-0.01994194	-0.09778452	-0.00057824	-0.00008370	-0.57290215
4.81	-0.00003490	-0.02003019	-0.09755504	-0.00040557	-0.00004708	-0.57408678
4.82	0.00020135	-0.02004622	-0.09809165	-0.00058620	0.00041756	-0.57379044
4.83	0.00009284	-0.01991427	-0.09792852	-0.00004014	0.00008824	-0.57174750
4.84	-0.00009706	-0.01986057	-0.09793541	-0.00112050	-0.00000917	-0.57352515
4.85	-0.00006100	-0.01971755	-0.09788862	0.00032137	0.00050737	-0.57279361
4.86	-0.00021712	-0.02011973	-0.09784040	-0.00058885	0.00060226	-0.57410815
4.87	-0.00008533	-0.02003022	-0.09779365	-0.00088658	-0.00095927	-0.57432093
4.88	-0.00013115	-0.02006977	-0.09797384	-0.00084873	-0.00036243	-0.57308489
4.89	0.00006661	-0.01999336	-0.09791927	-0.00087338	0.00006790	-0.57274006
4.90	-0.00014043	-0.01991012	-0.09798462	-0.00043309	0.00060534	-0.57334727
4.91	-0.00017732	-0.02012322	-0.09815494	0.00049236	0.00002429	-0.57407193
4.92	0.00000373	-0.02003475	-0.09806031	0.00047076	-0.00016405	-0.57361603
4.93	-0.00025326	-0.01976334	-0.09800049	0.00026450	0.00016359	-0.57378265
4.94	-0.00016659	-0.01995907	-0.09803606	-0.00090628	0.00020942	-0.57424474
4.95	-0.00013457	-0.01964489	-0.09791235	0.00027871	0.00043781	-0.57389508
4.96	-0.00008438	-0.01969731	-0.09772318	-0.00013566	-0.00116811	-0.57310148
4.97	-0.00004053	-0.01984017	-0.09786724	-0.00113130	0.00128805	-0.57440520
4.98	-0.00028092	-0.01960936	-0.09828172	-0.00089714	0.00035035	-0.57329185
4.99	-0.00021371	-0.01970104	-0.09771871	-0.00065431	0.00036400	-0.57355351
5.00	-0.00000061	-0.01984816	-0.09792195	-0.00036953	-0.00096154	-0.57311245
5.01	0.00028526	-0.01991805	-0.09806055	-0.00004883	-0.00052558	-0.57435822
5.02	0.00009945	-0.01976323	-0.09828234	0.00084308	-0.00081454	-0.57288310
5.03	-0.00001983	-0.01989395	-0.09777662	0.00072453	-0.00046326	-0.57381480
5.04	-0.00003433	-0.01970821	-0.09791529	0.00006321	-0.00058033	-0.57468589
5.05	-0.00016444	-0.01983304	-0.09793775	-0.00023813	-0.00000784	-0.57334691
5.06	-0.00003152	-0.01985205	-0.09766257	0.00062296	-0.00005956	-0.57267811
5.07	-0.00015291	-0.01986913	-0.09801165	0.00003193	-0.00090296	-0.57404810
5.08	-0.00025480	-0.01964464	-0.09794605	0.00021548	0.00020526	-0.57360805
5.09	0.00026140	-0.02011409	-0.09787328	0.00047725	0.00069927	-0.57352668
5.10	-0.00047972	-0.01986086	-0.09785787	0.00051685	0.00093577	-0.57337471
5.11	-0.00027052	-0.01998298	-0.09809333	-0.00027932	0.00065539	-0.57243723
5.12	-0.00008929	-0.02006567	-0.09771247	0.00038935	0.00033474	-0.57261099
5.13	0.00009687	-0.02018295	-0.09781684	0.00024643	0.00015082	-0.57272915
5.14	-0.00037051	-0.01979897	-0.09792202	-0.00101565	-0.00041830	-0.57281297
5.15	0.00016360	-0.02003212	-0.09827156	-0.00047902	0.00041887	-0.57366901
5.16	-0.00000697	-0.01992576	-0.09784255	0.00045393	-0.00110919	-0.57270880
5.17	-0.00040682	-0.02000390	-0.09775253	-0.00030010	-0.00075374	-0.57326091
5.18	-0.00009273	-0.01946659	-0.09806037	-0.00088273	-0.00107193	-0.57355732
5.19	-0.00031480	-0.01965074	-0.09809890	-0.00114231	-0.00097979	-0.57367249
5.20	-0.00025942	-0.01976360	-0.09809449	-0.00058769	-0.00065952	-0.57291047
5.21	-0.00009011	-0.01983231	-0.09796717	-0.00008355	0.00053411	-0.57336629
5.22	-0.00000015	-0.01991324	-0.09777017	-0.00050892	-0.00011412	-0.57300618
5.23	0.00000152	-0.01978320	-0.09802489	-0.00029412	-0.00054437	-0.57314820
5.24	-0.00019330	-0.01966268	-0.09807769	0.00039452	0.00017802	-0.57378385
5.25	-0.00010633	-0.01974885	-0.09822982	0.00112112	-0.00041558	-0.57188294
5.26	-0.00015343	-0.01989053	-0.09807281	0.00068866	-0.00067398	-0.57134299
5.27	-0.00039929	-0.02010081	-0.09813789	0.00013198	-0.00078797	-0.57352561
5.28	-0.00000319	-0.01965614	-0.09785880	0.00009882	-0.00091983	-0.57228066
5.29	-0.00025646	-0.01962467	-0.09813578	-0.00022300	-0.00112543	-0.57315293
5.30	0.00003194	-0.01997077	-0.09790627	-0.00074734	-0.00041955	-0.57323318
5.31	-0.00016492	-0.02001411	-0.09788086	-0.00121130	-0.00151244	-0.57356095
5.32	-0.00027893	-0.01974285	-0.09808045	-0.00059884	-0.00102684	-0.57445354
5.33	-0.00004444	-0.01970082	-0.09822326	-0.00080524	0.00082872	-0.57431571
5.34	-0.00037274	-0.01965967	-0.09805201	-0.00040559	-0.00092287	-0.57238164
5.35	-0.00028490	-0.01980703	-0.09810957	-0.00046373	-0.00094904	-0.57394802
5.36	0.00006949	-0.01974628	-0.09841362	0.00086486	-0.00023915	-0.57324385
5.37	0.00015364	-0.01986828	-0.09812933	-0.00053113	0.00096598	-0.57433088
5.38	-0.00026797	-0.01958193	-0.09779127	-0.00095586	0.00078354	-0.57318651
5.39	0.00005429	-0.01986078	-0.09794929	-0.00061498	0.00113973	-0.57371518
5.40	-0.00015860	-0.01974013	-0.09789877	-0.00217683	0.00036709	-0.57354283
5.41	0.00000331	-0.01995609	-0.09825962	-0.00055011	0.00083681	-0.57301550
5.42	-0.00015990	-0.01970149	-0.09804032	-0.00068936	0.00112091	-0.57357612
5.43	-0.00027702	-0.01981141	-0.09795731	-0.00099940	0.00045234	-0.57419148
5.44	-0.00008516	-0.01990208	-0.09793543	-0.00041224	0.00051903	-0.57338797
5.45	-0.00018695	-0.01992344	-0.09789744	-0.00099174	0.00029440	-0.57354442
5.46	0.00003663	-0.02017922	-0.09776715	-0.00073833	0.00031968	-0.57362623
5.47	-0.00009439	-0.02021130	-0.09827826	-0.00104551	0.00017240	-0.57312414
5.48	-0.00004026	-0.02014818	-0.09781312	-0.00013240	-0.00016474	-0.57346814
5.49	-0.00027508	-0.02014588	-0.09768397	-0.00068872	0.00019773	-0.57342301
5.50	-0.00008224	-0.01986827	-0.09784245	-0.00029679	-0.00118301	-0.57354293
5.51	-0.00032736	-0.02003201	-0.09782720	-0.00090983	-0.00063348	-0.57492723
5.52	-0.00039500	-0.01993153	-0.09789781	-0.00084003	-0.00018295	-0.57256259
5.53	-0.00026453	-0.01979271	-0.09780428	0.00022814	0.00006607	-0.57338652
5.54	-0.00040204	-0.02010076	-0.09794864	0.00110706	0.00061127	-0.57358675
5.55	-0.00008462	-0.02002988	-0.09778093	0.00060324	0.00036984	-0.57322978
5.56	-0.00018282	-0.01983822	-0.09805601	-0.00084793	-0.00020973	-0.57387734
5.57	-0.00003315	-0.01977666	-0.09794037	-0.00132462	-0.00101358	-0.57354040
5.58	-0.00027301	-0.01970050	-0.09793035	-0.00104086	-0.00060108	-0.57424876
5.59	-0.00005462	-0.01967305	-0.09795280	-0.00098873	-0.00013969	-0.57421407
5.60	-0.00029285	-0.01978258	-0.09789551	0.00005666	-0.00020171	-0.57390356
5.61	-0.00011971	-0.01971612	-0.09793516	0.00046458	0.00111506	-0.57545189
5.62	-0.00012177	-0.02005526	-0.09772874	-0.00024577	0.00044801	-0.57566000
5.63	-0.00012552	-0.01991838	-0.09787059	0.00064005	-0.00094792	-0.57431957
5.64	-0.00015261	-0.02015040	-0.09786832	0.00091352	-0.00155676	-0.57342795
5.65	0.00009182	-0.02001373	-0.09775225	0.00023976	-0.00092359	-0.57363870
5.66	-0.00002392	-0.01995621	-0.09779801	-0.00023794	-0.00145991	-0.57417975
5.67	-0.00011003	-0.02009108	-0.09799420	-0.00005450	-0.00013507	-0.57355139
5.68	0.00012394	-0.02002588	-0.09800148	0.00004213	-0.00030457	-0.57256382
5.69	0.00001640	-0.02031635	-0.09797554	-0.00122063	0.00072823	-0.57350372
5.70	0.00014637	-0.02001634	-0.09798635	-0.00038927	-0.00015696	-0.57427128
5.71	-0.00019789	-0.01974947	-0.09792714	-0.00108819	0.00028370	-0.57376428
5.72	-0.00008967	-0.02007234	-0.09799546	-0.00033479	0.00029730	-0.57284440
5.73	-0.00010465	-0.01999991	-0.09789870	-0.00033129	-0.00007066	-0.57406112
5.74	0.00030491	-0.01974370	-0.09796588	-0.00088026	-0.00008617	-0.57443861
5.75	-0.00002189	-0.02019401	-0.09801980	0.00017242	0.00001771	-0.57437079
5.76	-0.00017841	-0.01987006	-0.09817652	-0.00027061	0.00047114	-0.57439792
5.77	0.00011229	-0.01992150	-0.09770730	-0.00007563	0.00043366	-0.57474005
5.78	0.00013480	-0.01979063	-0.09781366	0.00085195	0.00055383	-0.57388597
5.79	-0.00000645	-0.01998191	-0.09790277	-0.00134876	-0.00020192	-0.57391288
5.80	0.00019521	-0.01984500	-0.09782321	-0.00047608	0.00047005	-0.57435019
5.81	-0.00016910	-0.02011299	-0.09772422	-0.00006278	0.00094998	-0.57351546
5.82	-0.00031389	-0.01977808	-0.09784033	0.00026798	0.00036107	-0.57401414
5.83	-0.00004728	-0.01980508	-0.09780545	-0.00055176	-0.00026162	-0.57456401
5.84	-0.00028142	-0.01980566	-0.09758024	0.00037104	0.00011683	-0.57357765
5.85	-0.00032467	-0.01975553	-0.09778643	0.00020889	-0.00044420	-0.57219458
5.86	-0.00006047	-0.01986967	-0.09806558	-0.00024712	0.00035652	-0.57376258
5.87	-0.00000965	-0.01959226	-0.09810734	-0.00003858	0.00086429	-0.57371951
5.88	0.00002467	-0.01985460	-0.09797220	0.00044603	0.00037684	-0.57279880
5.89	-0.00031171	-0.01991822	-0.09794017	0.00018848	0.00080886	-0.57318088
5.90	-0.00025650	-0.01975678	-0.09783170	0.00100361	0.00055634	-0.57411295
5.91	-0.00011220	-0.01977381	-0.09795197	0.00107169	0.00043163	-0.57434281
5.92	-0.00013656	-0.01982905	-0.09789501	-0.00000068	-0.00039334	-0.57402777
5.93	-0.00037566	-0.01989657	-0.09786619	-0.00018966	-0.00052949	-0.57381228
5.94	-0.00025326	-0.01980859	-0.09781577	0.00046579	0.00036370	-0.57465603
5.95	-0.00012413	-0.01990845	-0.09772155	0.00045296	0.00082353	-0.57427815
5.96	-0.00013069	-0.01980148	-0.09767172	-0.00003274	0.00093881	-0.57416309
5.97	-0.00021400	-0.02005582	-0.09804614	-0.00054534	-0.00093427	-0.57474125
5.98	-0.00025050	-0.02003815	-0.09740677	0.00043567	-0.00025197	-0.57382711
5.99	-0.00003179	-0.02001366	-0.09796275	0.00041013	-0.00035912	-0.57378575
6.00	0.00004889	-0.01990424	-0.09804639	0.00009201	-0.00031777	-0.57329672
6.01	-0.00027111	-0.01983457	-0.09794515	0.00047338	0.00079553	-0.57311198
6.02	-0.00006972	-0.01999781	-0.09777184	0.00000980	0.00071858	-0.57422012
6.03	-0.00012017	-0.02010709	-0.09803010	0.00078339	0.00043092	-0.57388979
6.04	0.00024863	-0.01999687	-0.09789010	0.00131926	-0.00061299	-0.57374357
6.05	-0.00018061	-0.01993777	-0.09798012	0.00024774	0.00003722	-0.57368449
6.06	-0.00015887	-0.01972198	-0.09790888	0.00037229	-0.00045289	-0.57365553
6.07	0.00014833	-0.01990631	-0.09789749	0.00062103	0.00000276	-0.57430475
6.08	-0.00017252	-0.01988530	-0.09806781	0.00110821	-0.00032307	-0.57382643
6.09	-0.00023099	-0.01991848	-0.09784331	0.00039648	0.00021675	-0.57419475
6.10	-0.00010461	-0.01992232	-0.09793459	0.00014364	0.00041547	-0.57466434
6.11	-0.00026526	-0.01978735	-0.09795480	0.00049542	0.00041843	-0.57369267
6.12	-0.00012489	-0.02006483	-0.09796551	0.00010565	0.00118168	-0.57375280
6.13	-0.00024066	-0.01988855	-0.09774259	0.00033379	0.00127837	-0.57518014
6.14	-0.00005245	-0.02014312	-0.09772527	0.00103692	0.00161849	-0.57471920
6.15	0.00012449	-0.02026875	-0.09794861	-0.00074572	0.00129272	-0.57414481
6.16	-0.00008108	-0.01983755	-0.09806741	-0.00039042	0.00072466	-0.57513189
6.17	-0.00000252	-0.02014245	-0.09793433	0.00066843	0.00091623	-0.57365584
6.18	-0.00001585	-0.02007597	-0.09794458	0.00167185	0.00062538	-0.57328967
6.19	-0.00005039	-0.02007633	-0.09785974	0.00003205	0.00049223	-0.57402623
6.20	-0.00009559	-0.01997388	-0.09812870	-0.00008093	0.00157867	-0.57394719
6.21	-0.00020272	-0.01994373	-0.09819346	0.00053419	0.00026210	-0.57306023
6.22	-0.00003331	-0.02021541	-0.09826933	-0.00043302	0.00060031	-0.57450244
6.23	0.00004305	-0.02000478	-0.09782349	-0.00008082	0.00025946	-0.57540174
6.24	-0.00012635	-0.01999509	-0.09776384	0.00066926	0.00064202	-0.57412931
6.25	-0.00001962	-0.01985830	-0.09788860	-0.00016127	0.00023122	-0.57516705
6.26	-0.00017199	-0.01989216	-0.09769226	0.00067766	-0.00027456	-0.57486214
6.27	0.00002118	-0.02012858	-0.09786159	0.00099387	-0.00059798	-0.57446697
6.28	-0.00009817	-0.02004345	-0.09760794	0.00094679	0.00088840	-0.57394355
6.29	-0.00008636	-0.01983184	-0.09783782	0.00058148	0.00080926	-0.57359957
6.30	-0.00011131	-0.02007729	-0.09798506	-0.00069271	0.00107911	-0.57438613
6.31	-0.00004472	-0.02021467	-0.09791098	-0.00010592	0.00161626	-0.57463952
6.32	0.00008366	-0.01997968	-0.09798150	0.00020382	0.00047334	-0.57453188
6.33	-0.00027719	-0.01988058	-0.09790912	-0.00059955	0.00084541	-0.57380115
6.34	-0.00014581	-0.02008893	-0.09796243	0.00036437	-0.00024750	-0.57479252
6.35	0.00006367	-0.02052891	-0.09789711	-0.00001872	0.00129175	-0.57357369
6.36	0.00018012	-0.02021644	-0.09805088	0.00033875	-0.00050532	-0.57417179
6.37	0.00008088	-0.01995084	-0.09795847	0.00099139	0.00102820	-0.57309652
6.38	-0.00003130	-0.02011032	-0.09815384	0.00069564	0.00104989	-0.57363390
6.39	-0.00025815	-0.02003518	-0.09793907	-0.00020461	0.00088353	-0.57421287
6.40	-0.00011426	-0.01954875	-0.09808770	-0.00081192	0.00033480	-0.57401691
6.41	0.00005508	-0.01985812	-0.09803779	0.00067584	-0.00056653	-0.57465793
6.42	-0.00004973	-0.02005271	-0.09791300	0.00044200	0.00001714	-0.57395738
6.43	0.00010501	-0.01965896	-0.09781030	-0.00036025	0.00026947	-0.57458772
6.44	0.00016535	-0.01998061	-0.09806872	-0.00089725	0.00084306	-0.57463823
6.45	0.00034323	-0.01977180	-0.09799117	-0.00083557	0.00075334	-0.57447243
6.46	0.00005401	-0.02016502	-0.09788232	-0.00025877	0.00097714	-0.57539905
6.47	-0.00007387	-0.01993384	-0.09798130	-0.00068682	0.00005084	-0.57387744
6.48	-0.00029921	-0.02006972	-0.09793437	-0.00010361	0.00036481	-0.57442436
6.49	-0.00010580	-0.02014001	-0.09784764	-0.00109341	0.00015172	-0.57516179
6.50	-0.00018110	-0.01976627	-0.09772097	-0.00116278	-0.00005343	-0.57442640
6.51	-0.00002636	-0.02006740	-0.09783904	-0.00109516	0.00062846	-0.57332433
6.52	0.00025238	-0.02004637	-0.09789864	-0.00019064	0.00031089	-0.57364210
6.53	-0.00027927	-0.02012363	-0.09818451	-0.00061577	-0.00061850	-0.57297402
6.54	-0.00026941	-0.02024616	-0.09802076	0.00002610	-0.00036005	-0.57314220
6.55	-0.00009868	-0.01991798	-0.09799570	-0.00009380	-0.00090733	-0.57302583
6.56	-0.00006783	-0.01992644	-0.09822399	0.00039995	-0.00035275	-0.57364381
6.57	-0.00024939	-0.02016773	-0.09824001	0.00064512	0.00012418	-0.57401760
6.58	-0.00027905	-0.01998717	-0.09796839	0.00006613	-0.00058131	-0.57428223
6.59	-0.00022123	-0.01998181	-0.09801373	-0.00058510	-0.00063744	-0.57359409
6.60	0.00004400	-0.01991214	-0.09800899	0.00017200	0.00017231	-0.57320232
6.61	-0.00011303	-0.01992654	-0.09812124	0.00081629	-0.00079917	-0.57367896
6.62	-0.00006765	-0.01966201	-0.09818121	0.00082473	-0.00112378	-0.57297467
6.63	-0.00007721	-0.01976007	-0.09813432	0.00003235	0.00003128	-0.57349204
6.64	0.00003183	-0.01988149	-0.09770448	0.00034502	-0.00076890	-0.57352345
6.65	0.00004181	-0.02011879	-0.09819758	0.00038177	-0.00032832	-0.57356131
6.66	-0.00012003	-0.01993021	-0.09827960	-0.00053557	0.00060767	-0.57347972
6.67	-0.00022441	-0.01999158	-0.09817112	0.00076420	-0.00009866	-0.57312570
6.68	-0.00021563	-0.01999077	-0.09826814	0.00029538	0.00023884	-0.57412042
6.69	-0.00011527	-0.02000747	-0.09794598	0.00054690	0.00019526	-0.57346473
6.70	-0.00031722	-0.02016457	-0.09812370	0.00159984	0.00035072	-0.57365367
6.71	0.00003504	-0.02005890	-0.09798075	0.00140964	0.00018442	-0.57414267
6.72	-0.00007916	-0.01999352	-0.09813304	0.00009599	-0.00042290	-0.57354408
6.73	0.00010685	-0.01998231	-0.09794868	0.00013097	-0.00121282	-0.57434320
6.74	-0.00005032	-0.01989953	-0.09796514	0.00018882	-0.00013722	-0.57430211
6.75	0.00034929	-0.02001287	-0.09773422	-0.00001752	-0.00095160	-0.57330180
6.76	0.00002562	-0.01989140	-0.09759356	0.00037630	0.00026400	-0.57386925
6.77	0.00003626	-0.02016731	-0.09756690	0.00056303	0.00021663	-0.57363301
6.78	0.00011311	-0.01990478	-0.09814446	0.00111329	0.00087069	-0.57392739
6.79	-0.00000664	-0.01980278	-0.09793794	0.00012043	-0.00031848	-0.57275056
6.80	0.00017435	-0.02024944	-0.09792388	0.00056919	-0.00067966	-0.57325021
6.81	0.00004914	-0.02002306	-0.09773354	0.00003203	-0.00046096	-0.57380712
6.82	-0.00011966	-0.02013241	-0.09813352	0.00027989	0.00007009	-0.57357553
6.83	-0.00012405	-0.02000886	-0.09791935	0.00035707	-0.00061849	-0.57354427
6.84	0.00010233	-0.02002033	-0.09769970	0.00026674	0.00010316	-0.57397687
6.85	0.00016936	-0.02058095	-0.09771171	0.00012656	-0.00057352	-0.57410599
6.86	0.00006028	-0.01997357	-0.09785277	0.00002487	-0.00007486	-0.57326440
6.87	-0.00008163	-0.02008144	-0.09782851	-0.00035700	0.00076949	-0.57435326
6.88	0.00029090	-0.02012996	-0.09786040	0.00113974	-0.00030023	-0.57399872
6.89	-0.00006182	-0.02029349	-0.09785299	0.00043801	-0.00045081	-0.57378838
6.90	0.00009618	-0.01991410	-0.09790435	-0.00018614	-0.00073311	-0.57369162
6.91	0.00007403	-0.01991174	-0.09769443	0.00041563	-0.00027900	-0.57382827
6.92	0.00035069	-0.01976967	-0.09782392	0.00029914	-0.00101551	-0.57268716
6.93	-0.00018163	-0.02011818	-0.09799220	0.00087460	0.00004935	-0.57305071
6.94	0.00018028	-0.01979273	-0.09785282	0.00127256	0.00004500	-0.57418993
6.95	-0.00036781	-0.01995128	-0.09759682	0.00148029	0.00046620	-0.57405954
6.96	-0.00000962	-0.02003460	-0.09766120	0.00105421	0.00106267	-0.57356927
6.97	0.00012736	-0.02025748	-0.09775583	0.00087165	0.00034380	-0.57437655
6.98	0.00004061	-0.01998120	-0.09784271	0.00065781	-0.00018734	-0.57398612
6.99	0.00003820	-0.02001804	-0.09752854	0.00130783	-0.00114364	-0.57516547
7.00	0.00004913	-0.02001806	-0.09791038	0.00029591	-0.00088276	-0.57383537
7.01	0.00007574	-0.01998250	-0.09782839	0.00011096	-0.00054430	-0.57346816
7.02	-0.00011445	-0.02003334	-0.09788755	0.00052362	0.00030691	-0.57453940
7.03	-0.00005313	-0.01985809	-0.09780952	0.00024140	-0.00003702	-0.57420628
7.04	0.00002248	-0.01996329	-0.09789265	0.00031225	-0.00023058	-0.57421205
7.05	-0.00028341	-0.02001930	-0.09780811	0.00027708	-0.00000939	-0.57524705
7.06	0.00006614	-0.02004898	-0.09784577	0.00101265	0.00050171	-0.57452566
7.07	0.00025133	-0.02003528	-0.09769545	0.00097680	0.00024635	-0.57501827
7.08	0.00005108	-0.01998700	-0.09772399	0.00062065	-0.00095039	-0.57421298
7.09	-0.00011896	-0.02008766	-0.09777150	0.00098070	0.00009034	-0.57506570
7.10	0.00007186	-0.02003458	-0.09784523	0.00037679	0.00051917	-0.57441323
7.11	0.00006842	-0.01986219	-0.09784561	-0.00004428	0.00015133	-0.57424966
7.12	0.00012289	-0.01974482	-0.09769819	0.00036293	0.00065197	-0.57379308
7.13	0.00009981	-0.02003675	-0.09781282	0.00031546	0.00003622	-0.57380672
7.14	-0.00021366	-0.01981373	-0.09789373	0.00094833	0.00074156	-0.57420225
7.15	-0.00001313	-0.01997459	-0.09794138	0.00127726	-0.00005188	-0.57477499
7.16	0.00003986	-0.01979316	-0.09812594	0.00131038	0.00028052	-0.57391780
7.17	0.00000999	-0.01989044	-0.09781974	-0.00000766	0.00007628	-0.57447706
7.18	-0.00019256	-0.01983978	-0.09782830	0.00031181	0.00005934	-0.57423436
7.19	0.00022241	-0.01967203	-0.09753498	0.00100377	-0.00029770	-0.57382533
7.20	0.00032938	-0.01993708	-0.09826869	0.00044868	0.00072800	-0.57417599
7.21	0.00009899	-0.01997214	-0.09772917	0.00085082	-0.00049788	-0.57345464
7.22	0.00022373	-0.02002961	-0.09789074	0.00158321	-0.00010500	-0.57381077
7.23	-0.00012411	-0.02013434	-0.09798688	0.00094288	-0.00053234	-0.57277642
7.24	-0.00005252	-0.02010587	-0.09803391	0.00023781	0.00038700	-0.57400498
7.25	-0.00003665	-0.01977901	-0.09787438	0.00085643	0.00107315	-0.57474723
7.26	0.00013955	-0.01975083	-0.09795207	0.00005096	0.00074136	-0.57462977
7.27	0.00033528	-0.01981805	-0.09775278	-0.00029720	0.00024955	-0.57441563
7.28	0.00013733	-0.02020171	-0.09789469	0.00019174	0.00023350	-0.57387261
7.29	0.00019891	-0.01989956	-0.09795273	0.00147477	0.00000723	-0.57353996
7.30	0.00024468	-0.01994611	-0.09782675	0.00009672	-0.00051576	-0.57448723
7.31	0.00016587	-0.01979820	-0.09783605	0.00036887	-0.00070666	-0.57464602
7.32	0.00009335	-0.01961624	-0.09776302	0.00067417	-0.00007852	-0.57416070
7.33	-0.00001819	-0.01991620	-0.09788384	0.00049165	0.00038588	-0.57395610
7.34	0.00007790	-0.01979503	-0.09777890	-0.00025003	0.00064691	-0.57403487
7.35	-0.00010595	-0.02008757	-0.09786809	0.00027368	-0.00004689	-0.57460986
7.36	-0.00028935	-0.02004577	-0.09777339	0.00063011	-0.00063180	-0.57389403
7.37	0.00007778	-0.02032535	-0.09764266	0.00022826	-0.00000053	-0.57469143
7.38	-0.00023450	-0.02026967	-0.09786316	0.00084393	-0.00066247	-0.57380409
7.39	-0.00007120	-0.02001209	-0.09782398	0.00078865	0.00024241	-0.57394875
7.40	0.00009114	-0.02002387	-0.09785302	0.00181563	0.00076859	-0.57388415
7.41	0.00003385	-0.01989119	-0.09778083	0.00041648	0.00053812	-0.57339048
7.42	-0.00008608	-0.01976560	-0.09796946	0.00045282	0.00050932	-0.57397980
7.43	0.00002225	-0.02005136	-0.09789139	-0.00001277	0.00062459	-0.57383957
7.44	0.00006126	-0.02008105	-0.09756338	0.00075221	0.00047500	-0.57469338
7.45	0.00037779	-0.01980507	-0.09789185	-0.00029698	0.00054594	-0.57415859
7.46	-0.00016452	-0.02015780	-0.09771890	0.00054063	0.00087328	-0.57365957
7.47	-0.00009350	-0.02007943	-0.09807227	0.00088344	-0.00125922	-0.57269490
7.48	0.00001707	-0.01999728	-0.09813339	-0.00047317	-0.00044276	-0.57368622
7.49	-0.00027050	-0.02001181	-0.09804808	-0.00084583	-0.00056660	-0.57406436
7.50	-0.00007038	-0.02003517	-0.09801497	0.00005333	0.00062578	-0.57353065
7.51	-0.00003681	-0.02017675	-0.09804487	0.00057545	-0.00027925	-0.57416026
7.52	0.00000507	-0.01995734	-0.09808674	-0.00005714	-0.00081264	-0.57459098
7.53	0.00011377	-0.01996773	-0.09798150	0.00046143	-0.00046512	-0.57374934
7.54	0.00016960	-0.02007442	-0.09819513	-0.00136768	0.00024632	-0.57373321
7.55	0.00024834	-0.02021998	-0.09785819	-0.00011665	-0.00085430	-0.57323177
7.56	0.00018400	-0.02009618	-0.09810209	-0.00039096	-0.00108457	-0.57329600
7.57	0.00027762	-0.01994438	-0.09796275	-0.00020827	0.00000691	-0.57341407
7.58	-0.00004420	-0.01999591	-0.09808537	0.00078784	-0.00071479	-0.57350159
7.59	0.00003051	-0.01982905	-0.09813263	-0.00012857	-0.00055839	-0.57335434
7.60	-0.00014034	-0.02015532	-0.09780795	-0.00030432	-0.00051364	-0.57336768
7.61	0.00015604	-0.02005223	-0.09799431	-0.00061849	-0.00087585	-0.57336453
7.62	0.00024623	-0.01981495	-0.09794972	0.00031472	-0.00058401	-0.57328771
7.63	0.00009276	-0.02009964	-0.09809234	0.00121261	-0.00127523	-0.57398587
7.64	-0.00022022	-0.01969281	-0.09792376	-0.00043649	-0.00104000	-0.57367424
7.65	0.00028217	-0.02032320	-0.09781057	0.00013730	-0.00135495	-0.57420988
7.66	-0.00028867	-0.01985131	-0.09799366	-0.00029572	-0.00059459	-0.57371924
7.67	0.00018218	-0.02000915	-0.09762918	-0.00082562	-0.00056757	-0.57438651
7.68	-0.00006889	-0.02002525	-0.09781688	-0.00131721	-0.00213111	-0.57423918
7.69	0.00006677	-0.01977279	-0.09779488	-0.00060534	-0.00060919	-0.57376934
7.70	0.00004875	-0.02009067	-0.09768179	-0.00024974	-0.00113728	-0.57504808
7.71	0.00004822	-0.02012899	-0.09753072	-0.00064684	-0.00065467	-0.57384859
7.72	-0.00004858	-0.01984702	-0.09782672	0.00035476	-0.00161568	-0.57247183
7.73	0.00028123	-0.01984474	-0.09779138	-0.00024298	-0.00151786	-0.57487587
7.74	-0.00013850	-0.01978216	-0.09781053	-0.00162859	-0.00171282	-0.57296971
7.75	-0.00007254	-0.02016118	-0.09807441	-0.00093620	-0.00115843	-0.57402385
7.76	-0.00002375	-0.02033883	-0.09820664	-0.00016171	-0.00090627	-0.57398251
7.77	0.00008077	-0.01982325	-0.09814056	-0.00065832	-0.00006836	-0.57352261
7.78	0.00034592	-0.02018481	-0.09784563	-0.00089661	-0.00019108	-0.57431269
7.79	-0.00024030	-0.02009121	-0.09786299	-0.00056994	-0.00023620	-0.57451466
7.80	-0.00007957	-0.01992958	-0.09810952	-0.00090751	0.00076236	-0.57381939
7.81	0.00031752	-0.02008297	-0.09765440	0.00016557	0.00075341	-0.57469786
7.82	0.00025004	-0.02003971	-0.09775247	-0.00153539	-0.00022661	-0.57404239
7.83	-0.00021142	-0.01994259	-0.09802668	-0.00025483	0.00095110	-0.57456934
7.84	-0.00018341	-0.02025942	-0.09792987	-0.00024874	0.00017695	-0.57480856
7.85	-0.00010233	-0.02019426	-0.09797562	-0.00056735	0.00080287	-0.57388303
7.86	0.00015635	-0.02028737	-0.09791424	0.00046533	0.00017570	-0.57355413
7.87	0.00002717	-0.02019943	-0.09785870	0.00071427	0.00022398	-0.57338204
7.88	0.00004064	-0.02004125	-0.09773082	0.00060267	0.00001094	-0.57407433
7.89	0.00041639	-0.02023514	-0.09772837	-0.00066507	-0.00076489	-0.57438437
7.90	0.00019318	-0.02010037	-0.09787132	-0.00100293	0.00041801	-0.57438419
7.91	0.00009450	-0.02035854	-0.09775257	0.00013483	-0.00005397	-0.57434749
7.92	-0.00000158	-0.01982688	-0.09784337	-0.00070328	-0.00016175	-0.57564025
7.93	0.00005581	-0.02028318	-0.09781417	-0.00134906	0.00158003	-0.57490658
7.94	0.00012619	-0.02008548	-0.09758708	0.00053156	0.00035020	-0.57447227
7.95	0.00005149	-0.02009892	-0.09796047	-0.00016529	0.00074548	-0.57432178
7.96	-0.00001941	-0.02018938	-0.09797057	-0.00048318	0.00006751	-0.57479403
7.97	0.00027379	-0.02018616	-0.09771104	-0.00068813	0.00014334	-0.57530387
7.98	0.00016485	-0.02010293	-0.09770454	-0.00050246	0.00125639	-0.57456422
7.99	0.00014619	-0.02000268	-0.09802888	-0.00024455	0.00055024	-0.57435288
8.00	0.00000650	-0.02011639	-0.09758798	-0.00015580	-0.00024842	-0.57414889
8.01	0.00013601	-0.02000851	-0.09739467	0.00004810	-0.00049729	-0.57380809
8.02	-0.00005381	-0.02004941	-0.09783356	-0.00028471	-0.00066608	-0.57375067
8.03	-0.00028677	-0.01987095	-0.09753717	-0.00023963	0.00032955	-0.57284582
8.04	-0.00026820	-0.02012878	-0.09776126	-0.00070354	-0.00017793	-0.57349784
8.05	0.00002140	-0.02002695	-0.09765664	-0.00006055	-0.00047056	-0.57353542
8.06	0.00027502	-0.02027455	-0.09785857	-0.00031274	-0.00021743	-0.57332740
8.07	-0.00016291	-0.02002954	-0.09772151	-0.00060005	-0.00000864	-0.57320199
8.08	-0.00004982	-0.02031410	-0.09794583	0.00065087	-0.00050615	-0.57293274
8.09	-0.00007803	-0.02012968	-0.09776827	-0.00035621	0.00017407	-0.57301903
8.10	-0.00028326	-0.02000367	-0.09789631	-0.00046219	0.00037122	-0.57278935
8.11	0.00005260	-0.02019046	-0.09762519	0.00063405	0.00033748	-0.57242935
8.12	0.00022697	-0.02016172	-0.09770625	-0.00004712	-0.00023952	-0.57239836
8.13	0.00024328	-0.01973215	-0.09782361	0.00011997	-0.00068062	-0.57402169
8.14	0.00022433	-0.01999404	-0.09809500	0.00002962	0.00017455	-0.57334938
8.15	0.00019225	-0.01997831	-0.09788208	0.00080582	0.00032941	-0.57335090
8.16	0.00020401	-0.01996227	-0.09786896	-0.00034377	0.00115078	-0.57447455
8.17	0.00008764	-0.01996211	-0.09814409	-0.00059143	0.00001438	-0.57344904
8.18	0.00011790	-0.02028487	-0.09814966	-0.00127660	0.00039844	-0.57365971
8.19	-0.00014186	-0.02024073	-0.09822551	-0.00080056	-0.00021097	-0.57467108
8.20	-0.00011985	-0.02015176	-0.09804261	-0.00089162	-0.00021047	-0.57347249
8.21	0.00011592	-0.02024622	-0.09816425	-0.00073541	-0.00041717	-0.57289445
8.22	0.00042237	-0.02028630	-0.09818213	-0.00071779	0.00069783	-0.57334207
8.23	0.00024070	-0.02064234	-0.09815653	-0.00010331	0.00136355	-0.57250464
8.24	0.00034479	-0.02021972	-0.09787904	-0.00041310	0.00050393	-0.57330490
8.25	0.00001503	-0.02004639	-0.09783659	-0.00009107	0.00051244	-0.57269595
8.26	0.00028253	-0.02009010	-0.09818231	-0.00000410	0.00093587	-0.57239589
8.27	0.00032078	-0.01990979	-0.09806535	-0.00069368	0.00221358	-0.57253449
8.28	0.00007882	-0.01980757	-0.09804000	0.00008407	0.00000472	-0.57302144
8.29	-0.00018464	-0.02019901	-0.09812729	0.00100434	0.00041545	-0.57302345
8.30	-0.00008604	-0.01996214	-0.09779784	0.00032826	0.00108055	-0.57337033
8.31	0.00003490	-0.02031289	-0.09781946	-0.00028952	0.00111847	-0.57324604
8.32	-0.00006136	-0.01986515	-0.09779862	-0.00017942	0.00062988	-0.57292739
8.33	-0.00014275	-0.01999945	-0.09804951	0.00033256	0.00045799	-0.57307083
8.34	-0.00000964	-0.02009097	-0.09799168	-0.00040277	0.00084510	-0.57338050
8.35	-0.00008419	-0.02006483	-0.09758416	-0.00029502	0.00040981	-0.57372332
8.36	0.00020693	-0.02023480	-0.09777520	-0.00028601	0.00005792	-0.57342237
8.37	0.00014505	-0.01972589	-0.09750555	0.00010462	-0.00066421	-0.57424122
8.38	0.00016507	-0.01983549	-0.09814158	0.00017123	0.00069382	-0.57283568
8.39	0.00006511	-0.02011315	-0.09812025	0.00127846	0.00005356	-0.57267810
8.40	-0.00004731	-0.02011248	-0.09785650	0.00142502	0.00061438	-0.57243797
8.41	-0.00020025	-0.01985050	-0.09796144	0.00013028	0.00039080	-0.57249932
8.42	0.00009268	-0.02029006	-0.09793083	0.00066226	0.00064128	-0.57222907
8.43	-0.00003349	-0.02013597	-0.09788162	0.00024126	0.00026115	-0.57315273
8.44	-0.00035343	-0.02026202	-0.09780539	0.00094254	-0.00012863	-0.57262434
8.45	0.00002141	-0.02034721	-0.09786387	0.00080896	-0.00031342	-0.57142880
8.46	-0.00007127	-0.02053077	-0.09798805	0.00201703	0.00022101	-0.57266056
8.47	-0.00012243	-0.02013807	-0.09757916	0.00100772	-0.00143100	-0.57267191
8.48	-0.00013548	-0.02018643	-0.09783367	0.00029715	-0.00033315	-0.57347867
8.49	-0.00020129	-0.02009316	-0.09763813	0.00049234	-0.00110357	-0.57333936
8.50	-0.00028394	-0.02027263	-0.09773534	0.00133087	-0.00064035	-0.57309768
8.51	-0.00004404	-0.01986818	-0.09785716	-0.00012528	-0.00077954	-0.57423115
8.52	0.00001066	-0.02005336	-0.09790727	0.00094703	-0.00049166	-0.57421145
8.53	0.00010171	-0.02049989	-0.09797685	0.00110135	-0.00067484	-0.57346966
8.54	-0.00013501	-0.01996827	-0.09756415	-0.00002896	-0.00014447	-0.57346873
8.55	0.00000632	-0.02005519	-0.09790388	0.00031847	-0.00071523	-0.57346749
8.56	0.00008942	-0.02027811	-0.09811024	0.00033092	-0.00027557	-0.57436337
8.57	-0.00000392	-0.02033629	-0.09778668	-0.00019822	-0.00106132	-0.57369179
8.58	0.00005048	-0.02002593	-0.09773180	-0.00001554	-0.00019169	-0.57425005
8.59	0.00023448	-0.02008181	-0.09793948	0.00079896	-0.00083355	-0.57390481
8.60	-0.00005000	-0.01993429	-0.09820618	0.00028841	-0.00195338	-0.57427365
8.61	0.00000525	-0.02027372	-0.09783238	0.00018803	-0.00101021	-0.57298739
8.62	-0.00003139	-0.02018547	-0.09787532	-0.00034459	-0.00063462	-0.57380195
8.63	-0.00008588	-0.02030040	-0.09795384	0.00000014	-0.00192778	-0.57430269
8.64	0.00011484	-0.02025397	-0.09771962	-0.00019829	-0.00113824	-0.57490549
8.65	-0.00017413	-0.02020321	-0.09793333	0.00129047	0.00004997	-0.57395420
8.66	0.00015809	-0.01986826	-0.09784520	0.00065736	-0.00003670	-0.57586855
8.67	0.00011377	-0.02020246	-0.09753101	0.00059049	-0.00075226	-0.57477519
8.68	-0.00008822	-0.02019891	-0.09789515	0.00022477	0.00026902	-0.57352680
8.69	0.00003676	-0.02020984	-0.09799136	0.00041075	0.00021533	-0.57371060
8.70	-0.00003798	-0.02027093	-0.09800704	0.00153451	-0.00008113	-0.57369714
8.71	0.00035223	-0.02030121	-0.09818879	0.00039922	0.00107471	-0.57416079
8.72	0.00023374	-0.02038784	-0.09816314	-0.00035725	-0.00084662	-0.57408549
8.73	0.00018458	-0.02017860	-0.09785001	0.00024139	-0.00124036	-0.57433976
8.74	0.00020072	-0.02030947	-0.09795914	0.00069973	-0.00103836	-0.57483116
8.75	0.00032830	-0.02032602	-0.09774465	-0.00002838	0.00031021	-0.57419433
8.76	0.00006316	-0.02032108	-0.09775975	0.00201768	0.00032759	-0.57398269
8.77	0.00016925	-0.02044838	-0.09763534	0.00133206	0.00005021	-0.57396113
8.78	0.00010491	-0.02028996	-0.09819306	0.00017608	-0.00077695	-0.57469990
8.79	0.00031839	-0.01997948	-0.09777959	0.00161477	-0.00044474	-0.57278721
8.80	0.00003350	-0.02001171	-0.09804725	0.00064655	-0.00043554	-0.57314212
8.81	-0.00018402	-0.02050426	-0.09787400	0.00047351	-0.00018893	-0.57386227
8.82	-0.00010624	-0.02027478	-0.09787189	-0.00009534	-0.00041885	-0.57351384
8.83	0.00018288	-0.02030923	-0.09788064	0.00078787	-0.00040445	-0.57354178
8.84	0.00009004	-0.02009525	-0.09764116	0.00122721	0.00008160	-0.57348889
8.85	0.00016330	-0.02038701	-0.09768284	0.00080882	0.00050203	-0.57279300
8.86	-0.00001765	-0.02036946	-0.09787710	0.00132157	-0.00037737	-0.57222967
8.87	0.00025179	-0.02003808	-0.09780671	0.00125756	-0.00155095	-0.57365718
8.88	0.00011264	-0.02032246	-0.09799114	0.00107681	-0.00079373	-0.57384505
8.89	-0.00006179	-0.02012623	-0.09794128	0.00050296	-0.00070803	-0.57255365
8.90	-0.00014947	-0.02011145	-0.09774723	0.00041740	-0.00059707	-0.57435555
8.91	-0.00016297	-0.02022807	-0.09766937	0.00079528	-0.00026322	-0.57481535
8.92	-0.00015184	-0.02008031	-0.09806553	0.00040209	-0.00038342	-0.57416535
8.93	0.00012334	-0.02010674	-0.09787599	0.00076901	-0.00040279	-0.57403193
8.94	-0.00000208	-0.02013124	-0.09784735	0.00108586	0.00034468	-0.57385853
8.95	0.00010909	-0.02008378	-0.09783585	0.00122330	0.00010868	-0.57446603
8.96	0.00009392	-0.02025255	-0.09793154	0.00118235	-0.00019668	-0.57341158
8.97	0.00008749	-0.02014433	-0.09783100	0.00078884	0.00125176	-0.57402738
8.98	0.00010288	-0.02021547	-0.09800248	-0.00013265	0.00160458	-0.57398465
8.99	0.00014602	-0.02021730	-0.09782926	0.00064760	-0.00026735	-0.57377817
9.00	0.00002952	-0.02001879	-0.09790478	0.00047485	0.00007732	-0.57371148
9.01	-0.00012252	-0.02012067	-0.09761699	0.00002070	-0.00039308	-0.57420638
9.02	-0.00013954	-0.02046824	-0.09771180	0.00028634	0.00067453	-0.57372282
9.03	0.00000271	-0.02022211	-0.09774493	0.00047437	-0.00031626	-0.57316532
9.04	0.00002528	-0.01989797	-0.09798713	0.00053258	0.00067151	-0.57359978
9.05	0.00027010	-0.02005239	-0.09783656	0.00142890	0.00076492	-0.57484237
9.06	0.00017503	-0.01996522	-0.09759152	0.00033042	0.00011121	-0.57437820
9.07	0.00026639	-0.02023751	-0.09785825	0.00098359	-0.00058816	-0.57363250
9.08	0.00005660	-0.02017340	-0.09784593	0.00008950	-0.00014431	-0.57267444
9.09	0.00003684	-0.02020365	-0.09791324	0.00040758	0.00005820	-0.57362700
9.10	0.00021656	-0.02023249	-0.09741276	0.00066664	0.00063798	-0.57306699
9.11	-0.00000260	-0.02044204	-0.09788923	0.00075531	0.00172238	-0.57291145
9.12	0.00001200	-0.02019254	-0.09778779	0.00026485	0.00018954	-0.57356289
9.13	0.00008545	-0.02016159	-0.09777944	0.00017901	-0.00006007	-0.57375109
9.14	0.00011912	-0.02005893	-0.09805836	0.00036271	-0.00060978	-0.57305271
9.15	0.00032806	-0.02016760	-0.09776841	-0.00006324	-0.00007328	-0.57493173
9.16	0.00008746	-0.02039560	-0.09755412	0.00002086	0.00087640	-0.57325219
9.17	0.00017847	-0.02037526	-0.09774142	0.00018796	-0.00031809	-0.57366326
9.18	0.00019712	-0.02037783	-0.09775139	-0.00014986	0.00069358	-0.57390711
9.19	-0.00018559	-0.02019995	-0.09770790	0.00095946	0.00023912	-0.57339526
9.20	0.00026364	-0.02042288	-0.09781478	0.00036069	0.00092446	-0.57333637
9.21	0.00036169	-0.02026777	-0.09786174	0.00041650	0.00140173	-0.57364773
9.22	0.00042931	-0.02001793	-0.09777212	-0.00017239	0.00043114	-0.57343037
9.23	0.00037190	-0.02014528	-0.09797540	0.00022782	0.00075492	-0.57286640
9.24	0.00037137	-0.02029870	-0.09773902	0.00013611	0.00032072	-0.57277549
9.25	0.00034037	-0.02033143	-0.09777519	-0.00049737	0.00044108	-0.57404066
9.26	0.00029669	-0.02017736	-0.09826353	0.00095926	-0.00022837	-0.57405460
9.27	-0.00010553	-0.02038465	-0.09790041	0.00041798	0.00021323	-0.57367726
9.28	0.00007459	-0.02027763	-0.09796438	0.00103669	-0.00000391	-0.57324353
9.29	-0.00005020	-0.02028475	-0.09780823	0.00133048	0.00021982	-0.57300757
9.30	0.00002012	-0.01993656	-0.09792922	0.00059601	-0.00022721	-0.57377098
9.31	-0.00004505	-0.02015465	-0.09799761	0.00010276	-0.00130653	-0.57517148
9.32	-0.00014933	-0.02002408	-0.09768247	0.00037337	-0.00029171	-0.57398597
9.33	0.00021950	-0.02040115	-0.09779402	0.00098114	-0.00063554	-0.57468609
9.34	0.00022745	-0.02010711	-0.09781576	-0.00022208	0.00044088	-0.57389409
9.35	0.00004257	-0.01999955	-0.09805138	-0.00048455	0.00067687	-0.57465657
9.36	0.00015751	-0.02014981	-0.09777831	0.00022222	0.00001851	-0.57551439
9.37	0.00006570	-0.02023078	-0.09765659	-0.00053032	-0.00091706	-0.57456597
9.38	0.00025455	-0.02018632	-0.09784600	-0.00076070	0.00040882	-0.57495628
9.39	0.00022763	-0.02020286	-0.09783939	-0.00127857	-0.00049857	-0.57549894
9.40	0.00014485	-0.02010357	-0.09774527	-0.00057853	0.00008119	-0.57477573
9.41	0.00017395	-0.02039805	-0.09769773	-0.00134228	0.00068215	-0.57435446
9.42	0.00011164	-0.02030796	-0.09795416	-0.00075077	-0.00058240	-0.57462342
9.43	-0.00000451	-0.02006937	-0.09768747	-0.00094426	-0.00052094	-0.57377723
9.44	0.00006435	-0.02029297	-0.09770114	-0.00094106	0.00008917	-0.57470314
9.45	-0.00001962	-0.02013652	-0.09794668	-0.00004540	0.00068601	-0.57369634
9.46	-0.00034863	-0.01995592	-0.09771441	-0.00040871	0.00057328	-0.57475667
9.47	-0.00011854	-0.02030647	-0.09789463	-0.00023090	0.00044589	-0.57448066
9.48	-0.00006161	-0.01997535	-0.09767830	0.00108042	0.00021161	-0.57431897
9.49	0.00015649	-0.02039215	-0.09796097	-0.00021141	-0.00038807	-0.57442604
9.50	0.00027373	-0.02054310	-0.09766097	-0.00006679	0.00049979	-0.57386320
9.51	0.00014386	-0.02027999	-0.09761046	-0.00044008	0.00053790	-0.57426211
9.52	-0.00017308	-0.02012971	-0.09789092	-0.00059403	0.00020617	-0.57419680
9.53	-0.00005769	-0.02009484	-0.09776959	-0.00026730	0.00036094	-0.57515566
9.54	-0.00009938	-0.01991752	-0.09807004	-0.00022257	-0.00045778	-0.57346038
9.55	-0.00008757	-0.01992731	-0.09778997	0.00031493	0.00060431	-0.57585589
9.56	-0.00033023	-0.02006466	-0.09786663	0.00050376	-0.00021816	-0.57451526
9.57	-0.00002756	-0.01995967	-0.09794082	-0.00095775	0.00093068	-0.57465729
9.58	-0.00005761	-0.02023313	-0.09769732	-0.00044968	-0.00057855	-0.57425853
9.59	0.00001773	-0.02012662	-0.09787848	-0.00117030	-0.00069993	-0.57387407
9.60	-0.00021066	-0.02014033	-0.09795186	-0.00107384	0.00032060	-0.57457263
9.61	0.00015068	-0.01996516	-0.09795520	-0.00094662	-0.00024380	-0.57426382
9.62	-0.00011047	-0.02038368	-0.09797599	-0.00020748	-0.00039813	-0.57469595
9.63	0.00006281	-0.01978541	-0.09769978	-0.00021873	-0.00009233	-0.57447344
9.64	-0.00008602	-0.02013508	-0.09751778	-0.00024616	-0.00059903	-0.57431063
9.65	-0.00036745	-0.02026269	-0.09796619	0.00046073	0.00004671	-0.57458525
9.66	-0.00004328	-0.02016609	-0.09776413	-0.00023270	-0.00050345	-0.57395364
9.67	0.00010273	-0.02022031	-0.09807144	0.00009893	0.00079498	-0.57381285
9.68	0.00035361	-0.01986100	-0.09806104	0.00115217	0.00069193	-0.57528503
9.69	-0.00016426	-0.02014656	-0.09784416	0.00074959	0.00028562	-0.57379395
9.70	0.00018011	-0.02025262	-0.09770368	-0.00046753	0.00058931	-0.57384996
9.71	0.00014140	-0.02028088	-0.09800958	-0.00030069	-0.00016543	-0.57408581
9.72	0.00014443	-0.02031135	-0.09803023	-0.00119531	-0.00127242	-0.57358342
9.73	-0.00002286	-0.02015693	-0.09802278	-0.00015808	-0.00141347	-0.57434677
9.74	-0.00011874	-0.01977537	-0.09816464	0.00005112	-0.00115120	-0.57414171
9.75	-0.00000712	-0.01997422	-0.09786021	0.00022340	-0.00134907	-0.57418817
9.76	0.00030562	-0.02033800	-0.09803699	-0.00012032	-0.00061741	-0.57480363
9.77	0.00020601	-0.02032165	-0.09820826	0.00028532	0.00016487	-0.57430918
9.78	-0.00017175	-0.02020251	-0.09804033	-0.00001462	-0.00062177	-0.57430576
9.79	-0.00013144	-0.02030367	-0.09792086	-0.00046403	-0.00083227	-0.57464740
9.80	0.00005965	-0.02025867	-0.09806922	-0.00002589	0.00002905	-0.57404587
9.81	0.00008586	-0.02022662	-0.09785836	-0.00060847	-0.00021474	-0.57487498
9.82	-0.00039847	-0.01982765	-0.09794590	-0.00035402	-0.00045833	-0.57447819
9.83	-0.00021832	-0.02018102	-0.09785726	0.00003544	-0.00083863	-0.57369964
9.84	-0.00014483	-0.02020767	-0.09793063	-0.00051879	-0.00057929	-0.57368313
9.85	0.00014399	-0.01997948	-0.09781596	-0.00098784	-0.00036086	-0.57362889
9.86	0.00033540	-0.02014089	-0.09810773	-0.00014890	-0.00037836	-0.57348565
9.87	-0.00004877	-0.02037025	-0.09808923	-0.00000784	-0.00056348	-0.57286194
9.88	0.00020394	-0.02023390	-0.09808536	-0.00084800	0.00035496	-0.57420918
9.89	0.00006385	-0.02037389	-0.09783332	-0.00008175	-0.00114666	-0.57407282
9.90	-0.00007787	-0.02035213	-0.09798594	-0.00015875	-0.00033835	-0.57419310
9.91	-0.00007933	-0.02015624	-0.09788595	0.00053037	-0.00117698	-0.57423143
9.92	0.00011075	-0.02029519	-0.09789647	-0.00042344	-0.00099165	-0.57448443
9.93	0.00009299	-0.02025508	-0.09788019	-0.00085267	-0.00081757	-0.57458593
9.94	-0.00016628	-0.02028169	-0.09779033	-0.00048474	0.00038156	-0.57376732
9.95	-0.00012330	-0.02023102	-0.09769989	-0.00006681	-0.00061667	-0.57308938
9.96	-0.00006706	-0.02033005	-0.09778039	-0.00016074	-0.00037677	-0.57225740
9.97	-0.00032461	-0.02015075	-0.09794736	0.00005882	-0.00015794	-0.57218020
9.98	-0.00016915	-0.02040429	-0.09800137	-0.00027019	0.00037446	-0.57344991
9.99	-0.00012998	-0.02035405	-0.09803798	0.00033993	0.00008198	-0.57270685
10.00	-0.00033017	-0.02007721	-0.09771498	-0.00012793	-0.00097691	-0.57326972
10.01	0.00026268	-0.02011760	-0.09785560	0.00021429	0.00111412	-0.57346341
10.02	0.00002682	-0.02053000	-0.09793470	0.00028612	0.00084958	-0.57291212
10.03	0.00009325	-0.02004131	-0.09781436	-0.00078688	0.00003720	-0.57219378
10.04	-0.00011542	-0.02001708	-0.09826319	-0.00049135	0.00064817	-0.57343798
10.05	-0.00009620	-0.02017438	-0.09800544	-0.00111140	0.00111784	-0.57280309
10.06	0.00017350	-0.02019336	-0.09788180	-0.00074064	-0.00037242	-0.57200836
10.07	-0.00012841	-0.02009113	-0.09821103	-0.00128957	-0.00079412	-0.57259371
10.08	0.00014119	-0.02032321	-0.09813616	-0.00143075	-0.00037201	-0.57376637
10.09	-0.00021916	-0.02030490	-0.09802597	-0.00065632	0.00007503	-0.57258883
10.10	-0.00013693	-0.02024410	-0.09816164	-0.00074676	0.00093240	-0.57234390
10.11	-0.00005074	-0.02038472	-0.09780802	-0.00057088	-0.00003170	-0.57303629
10.12	0.00013896	-0.02018288	-0.09802040	-0.00194455	0.00060324	-0.57219788
10.13	-0.00017579	-0.02037704	-0.09800157	-0.00074044	0.00033903	-0.57345258
10.14	-0.00027626	-0.02053185	-0.09790311	-0.00151725	-0.00007275	-0.57247097
10.15	-0.00014441	-0.02016225	-0.09805677	-0.00074710	0.00002320	-0.57221080
10.16	0.00010253	-0.02009217	-0.09816254	-0.00043615	-0.00077947	-0.57293909
10.17	-0.00008959	-0.02004548	-0.09799152	-0.00104068	-0.00091769	-0.57284642
10.18	-0.00020090	-0.02008599	-0.09819312	-0.00079258	-0.00085576	-0.57328281
10.19	0.00028016	-0.01998529	-0.09791667	-0.00136852	-0.00053455	-0.57236495
10.20	0.00011750	-0.02030916	-0.09802509	-0.00053833	-0.00080821	-0.57433769
10.21	-0.00026329	-0.02035285	-0.09813089	-0.00060528	-0.00017719	-0.57307719
10.22	-0.00013796	-0.02016741	-0.09798329	-0.00006702	-0.00061929	-0.57351363
10.23	0.00014846	-0.02026554	-0.09784581	-0.00007590	0.00046395	-0.57385657
10.24	-0.00009136	-0.02038875	-0.09806728	-0.00090844	0.00021856	-0.57334618
10.25	-0.00019946	-0.02024506	-0.09806904	-0.00146638	-0.00031815	-0.57326264
10.26	0.00000710	-0.02059620	-0.09804047	-0.00084778	0.00064983	-0.57320262
10.27	-0.00019386	-0.02034668	-0.09811676	0.00006103	0.00062511	-0.57371977
10.28	-0.00035553	-0.02028388	-0.09764384	0.00016662	0.00046513	-0.57399047
10.29	-0.00021597	-0.02055230	-0.09806612	0.00028567	0.00015906	-0.57361268
10.30	-0.00012118	-0.02020633	-0.09799035	-0.00015933	-0.00018053	-0.57318380
10.31	0.00006095	-0.02042652	-0.09787776	-0.00046066	0.00001851	-0.57382160
10.32	-0.00010369	-0.02044387	-0.09794186	0.00024110	-0.00064416	-0.57278556
10.33	0.00030278	-0.02021240	-0.09830444	0.00053448	0.00002109	-0.57361706
10.34	-0.00016148	-0.02035091	-0.09813662	-0.00026705	0.00067413	-0.57280589
10.35	0.00014091	-0.02046861	-0.09804266	-0.00079504	0.00029988	-0.57521534
10.36	-0.00007120	-0.02040744	-0.09798566	-0.00027075	-0.00052873	-0.57444004
10.37	-0.00030297	-0.02047807	-0.09798417	-0.00101520	-0.00052070	-0.57284692
10.38	-0.00018181	-0.02047274	-0.09824171	-0.00075052	0.00103240	-0.57392259
10.39	0.00006528	-0.02056606	-0.09796274	0.00003831	0.00072745	-0.57462797
10.40	-0.00026480	-0.02060813	-0.09819585	-0.00109694	0.00162411	-0.57338007
10.41	0.00000512	-0.02071808	-0.09785216	-0.00049887	0.00066365	-0.57299334
10.42	0.00008452	-0.02039444	-0.09796957	-0.00144471	-0.00139849	-0.57393517
10.43	-0.00022496	-0.02027233	-0.09811599	-0.00084394	-0.00145244	-0.57336941
10.44	-0.00027693	-0.02048232	-0.09781460	-0.00097692	0.00105665	-0.57285003
10.45	-0.00033045	-0.02067381	-0.09781652	-0.00105729	0.00036928	-0.57386722
10.46	-0.00018336	-0.02037051	-0.09784746	-0.00057531	-0.00015161	-0.57329963
10.47	-0.00052075	-0.02031365	-0.09796752	-0.00024920	0.00020680	-0.57305095
10.48	-0.00022921	-0.02003681	-0.09809338	-0.00061886	0.00053802	-0.57432709
10.49	-0.00012973	-0.02022020	-0.09789924	-0.00074392	-0.00012796	-0.57372812
10.50	-0.00020535	-0.02046198	-0.09777333	-0.00004396	0.00081359	-0.57372561
10.51	-0.00048318	-0.02018495	-0.09760359	-0.00083111	0.00045198	-0.57317314
10.52	0.00003676	-0.02017246	-0.09785674	-0.00081327	0.00050222	-0.57397627
10.53	-0.00010124	-0.02035097	-0.09804155	-0.00144996	0.00124042	-0.57384212
10.54	-0.00008666	-0.02055208	-0.09796477	-0.00153354	-0.00098865	-0.57329403
10.55	-0.00028029	-0.02044339	-0.09804924	-0.00084441	-0.00079628	-0.57377042
10.56	0.00013245	-0.02044217	-0.09773489	-0.00020367	-0.00131209	-0.57302215
10.57	0.00006813	-0.02048318	-0.09776484	-0.00085047	0.00005098	-0.57407543
10.58	-0.00020802	-0.02037457	-0.09788695	-0.00121773	-0.00031259	-0.57326649
10.59	0.00036840	-0.02034477	-0.09755244	-0.00085779	-0.00093148	-0.57360022
10.60	-0.00005818	-0.02010331	-0.09789132	-0.00049906	-0.00074097	-0.57397471
10.61	-0.00001343	-0.02039866	-0.09766636	-0.00170038	-0.00062596	-0.57346026
10.62	0.00018588	-0.02010647	-0.09784273	-0.00124635	-0.00072968	-0.57370341
10.63	0.00007291	-0.02034394	-0.09757099	-0.00068818	-0.00100386	-0.57263623
10.64	-0.00007296	-0.02022567	-0.09800949	-0.00137111	-0.00111668	-0.57375781
10.65	0.00025350	-0.01992626	-0.09795754	-0.00031248	-0.00067947	-0.57383093
10.66	-0.00002108	-0.02006918	-0.09804027	-0.00067394	-0.00135696	-0.57356626
10.67	-0.00002558	-0.02018746	-0.09817374	-0.00086855	-0.00136393	-0.57305995
10.68	-0.00030933	-0.02018649	-0.09784987	-0.00065265	-0.00105760	-0.57344945
10.69	-0.00011968	-0.02034900	-0.09808318	-0.00039553	-0.00197989	-0.57341889
10.70	0.00038525	-0.02027475	-0.09786069	-0.00080562	-0.00088780	-0.57343521
10.71	0.00018068	-0.02009170	-0.09800950	-0.00082657	-0.00070313	-0.57316381
10.72	-0.00010252	-0.02005932	-0.09782844	-0.00057963	-0.00042970	-0.57489938
10.73	0.00018558	-0.02019353	-0.09778414	-0.00105503	0.00058585	-0.57455037
10.74	-0.00001829	-0.02031712	-0.09788831	-0.00108489	-0.00006198	-0.57345816
10.75	0.00018071	-0.02021353	-0.09779532	-0.00154907	-0.00029717	-0.57388500
10.76	-0.00012383	-0.02043518	-0.09795423	-0.00109614	-0.00087298	-0.57362639
10.77	0.00001603	-0.02016476	-0.09776528	-0.00054823	-0.00045622	-0.57405875
10.78	0.00015463	-0.02027685	-0.09815013	-0.00122129	-0.00037885	-0.57409045
10.79	0.00013214	-0.02040672	-0.09774975	-0.00177159	-0.00032439	-0.57338933
10.80	0.00007586	-0.02019480	-0.09764102	-0.00031085	-0.00183033	-0.57406141
10.81	0.00019380	-0.02035051	-0.09763677	-0.00102997	-0.00101629	-0.57358674
10.82	-0.00011122	-0.02031944	-0.09771798	-0.00114891	-0.00067933	-0.57440892
10.83	0.00017288	-0.02031313	-0.09775346	-0.00126881	-0.00046728	-0.57376278
10.84	0.00037829	-0.02038576	-0.09786797	-0.00062049	0.00012769	-0.57410788
10.85	-0.00001023	-0.02027109	-0.09778771	-0.00048454	-0.00004553	-0.57283883
10.86	-0.00015297	-0.02054886	-0.09772783	0.00061489	0.00017387	-0.57333316
10.87	-0.00003399	-0.02032581	-0.09785424	-0.00012678	-0.00053034	-0.57337945
10.88	-0.00009345	-0.02039996	-0.09794921	-0.00115469	-0.00023732	-0.57341065
10.89	0.00001607	-0.02059788	-0.09778493	-0.00016769	0.00072171	-0.57274919
10.90	-0.00018994	-0.02021889	-0.09774714	0.00122689	0.00062962	-0.57320709
10.91	-0.00008433	-0.02012531	-0.09774251	0.00005598	0.00053783	-0.57231586
10.92	0.00013055	-0.02036436	-0.09772027	0.00055548	0.00049682	-0.57326616
10.93	0.00044300	-0.02022112	-0.09814103	-0.00095114	-0.00036713	-0.57360838
10.94	-0.00015380	-0.02072921	-0.09799795	-0.00091728	-0.00139303	-0.57369338
10.95	0.00013937	-0.02016169	-0.09810426	-0.00028467	-0.00008771	-0.57262551
10.96	0.00032009	-0.02039413	-0.09796925	-0.00140232	-0.00008562	-0.57293492
10.97	0.00041051	-0.02055337	-0.09812833	0.00016472	0.00078185	-0.57383909
10.98	0.00000942	-0.02062971	-0.09818997	-0.00179799	-0.00084407	-0.57379406
10.99	0.00004626	-0.02074299	-0.09794788	-0.00086317	0.00052144	-0.57286015
11.00	-0.00017883	-0.02049293	-0.09795462	-0.00035294	-0.00009924	-0.57215929
11.01	0.00009685	-0.02060628	-0.09789755	0.00120194	-0.00056580	-0.57210965
11.02	0.00002134	-0.02074208	-0.09819608	-0.00016962	0.00073050	-0.57295802
11.03	-0.00015882	-0.02056679	-0.09785151	0.00066211	0.00027805	-0.57241211
11.04	0.00011506	-0.02067703	-0.09801128	0.00019601	-0.00053447	-0.57321974
11.05	-0.00001442	-0.02042111	-0.09814850	-0.00085521	-0.00021036	-0.57307069
11.06	0.00003173	-0.02047853	-0.09802934	-0.00026208	-0.00029165	-0.57279717
11.07	0.00006475	-0.02068905	-0.09792323	-0.00009402	-0.00057407	-0.57267897
11.08	0.00011963	-0.02053365	-0.09784601	0.00069633	0.00045823	-0.57298374
11.09	0.00003600	-0.02032465	-0.09804561	0.00066656	-0.00018689	-0.57342454
11.10	0.00016225	-0.02073167	-0.09788650	0.00019208	-0.00018493	-0.57291331
11.11	0.00000330	-0.02042361	-0.09778558	0.00138704	0.00007211	-0.57295040
11.12	0.00004914	-0.02045321	-0.09793157	0.00012509	-0.00023349	-0.57286262
11.13	-0.00017917	-0.02053980	-0.09804363	0.00006472	-0.00059417	-0.57265743
11.14	-0.00013394	-0.02061823	-0.09812041	0.00062386	0.00066883	-0.57319629
11.15	-0.00010796	-0.02053857	-0.09773406	-0.00008454	-0.00083629	-0.57340800
11.16	0.00009446	-0.02055071	-0.09789123	0.00086847	-0.00063035	-0.57357068
11.17	0.00003884	-0.02060143	-0.09805801	0.00014957	0.00028293	-0.57396731
11.18	0.00007009	-0.02081939	-0.09785856	-0.00016341	-0.00060847	-0.57339773
11.19	-0.00001762	-0.02056543	-0.09798086	-0.00058167	0.00064272	-0.57292718
11.20	-0.00002384	-0.02090897	-0.09789357	0.00020992	0.00002387	-0.57252863
11.21	-0.00020346	-0.02042776	-0.09803346	-0.00017743	-0.00020450	-0.57342626
11.22	0.00015741	-0.02084157	-0.09797597	-0.00061981	0.00073561	-0.57272045
11.23	-0.00015002	-0.02058009	-0.09800567	-0.00097685	-0.00017338	-0.57286972
11.24	-0.00027736	-0.02092827	-0.09819690	-0.00065509	-0.00064400	-0.57297857
11.25	-0.00018905	-0.02018304	-0.09822390	-0.00077801	0.00021144	-0.57278919
11.26	-0.00036892	-0.02048088	-0.09805780	-0.00089693	-0.00078067	-0.57300912
11.27	0.00007896	-0.02079352	-0.09809127	-0.00001619	0.00015409	-0.57333387
11.28	0.00022939	-0.02066993	-0.09799746	-0.00037070	-0.00021665	-0.57339839
11.29	0.00003711	-0.02052261	-0.09816669	-0.00065104	-0.00071844	-0.57266201
11.30	-0.00009438	-0.02060083	-0.09830097	0.00000927	-0.00069774	-0.57300341
11.31	0.00015195	-0.02068971	-0.09780074	0.00040027	0.00016182	-0.57351989
11.32	-0.00016510	-0.02046677	-0.09781400	-0.00040550	0.00017668	-0.57305703
11.33	-0.00004457	-0.02088487	-0.09787484	-0.00047951	-0.00002482	-0.57276271
11.34	-0.00020004	-0.02074421	-0.09806216	-0.00028967	-0.00005024	-0.57427065
11.35	-0.00006847	-0.02050918	-0.09806361	-0.00045781	-0.00082376	-0.57471499
11.36	0.00002167	-0.02076842	-0.09804912	-0.00123933	-0.00071761	-0.57400492
11.37	-0.00003633	-0.02075514	-0.09774326	-0.00024558	-0.00117460	-0.57457551
11.38	-0.00032208	-0.02064846	-0.09810534	-0.00076331	-0.00107305	-0.57396875
11.39	-0.00024961	-0.02055442	-0.09795803	-0.00015383	-0.00002477	-0.57316368
11.40	-0.00007597	-0.02080829	-0.09786678	-0.00054449	0.00011353	-0.57290848
11.41	-0.00002567	-0.02070903	-0.09801898	-0.00052265	-0.00073999	-0.57374830
11.42	-0.00014166	-0.02056945	-0.09813038	-0.00020874	0.00065380	-0.57382111
11.43	0.00020471	-0.02068939	-0.09819904	-0.00005953	-0.00049500	-0.57443317
11.44	0.00004668	-0.02056697	-0.09788884	-0.00004254	-0.00128528	-0.57419465
11.45	0.00022734	-0.02056316	-0.09809877	0.00013544	-0.00123083	-0.57473992
11.46	0.00007355	-0.02041075	-0.09809236	0.00010291	-0.00110865	-0.57428520
11.47	-0.00018321	-0.02062435	-0.09785992	-0.00106815	0.00033301	-0.57346574
11.48	0.00016015	-0.02051780	-0.09814004	-0.00050352	0.00013572	-0.57441036
11.49	-0.00012050	-0.02064067	-0.09794719	-0.00064640	-0.00130648	-0.57364167
11.50	-0.00020813	-0.02052008	-0.09788044	-0.00078229	-0.00098625	-0.57295242
11.51	0.00003636	-0.02025895	-0.09753974	-0.00107129	-0.00067036	-0.57246703
11.52	0.00009496	-0.02063569	-0.09807083	0.00031456	-0.00011555	-0.57305663
11.53	0.00021970	-0.02053322	-0.09804973	-0.00017101	-0.00126699	-0.57288235
11.54	0.00023494	-0.02037830	-0.09817657	0.00053157	0.00003316	-0.57473429
11.55	0.00007181	-0.02063784	-0.09797248	-0.00046184	0.00018653	-0.57485032
11.56	0.00014731	-0.02043806	-0.09782006	0.00048931	0.00001128	-0.57347063
11.57	0.00024396	-0.02051255	-0.09786595	0.00060085	-0.00064861	-0.57362391
11.58	0.00014626	-0.02063396	-0.09829587	-0.00025657	-0.00186470	-0.57531117
11.59	-0.00017125	-0.02044313	-0.09815698	-0.00100546	0.00005588	-0.57365316
11.60	-0.00011999	-0.02040181	-0.09818337	-0.00027957	-0.00011653	-0.57401352
11.61	-0.00043238	-0.02065271	-0.09827621	0.00038739	-0.00073690	-0.57431422
11.62	-0.00024545	-0.02054632	-0.09825621	-0.00039477	-0.00112866	-0.57407086
11.63	0.00011817	-0.02034236	-0.09779168	-0.00140315	-0.00122881	-0.57382684
11.64	0.00009280	-0.02053731	-0.09800650	-0.00048648	0.00026782	-0.57321448
11.65	0.00008873	-0.02037325	-0.09814407	-0.00008139	-0.00154067	-0.57390819
11.66	-0.00000391	-0.02057095	-0.09799666	-0.00026267	-0.00096465	-0.57451865
11.67	0.00006404	-0.02076070	-0.09813783	-0.00016859	-0.00008983	-0.57406955
11.68	0.00007860	-0.02060787	-0.09827437	0.00029168	-0.00019045	-0.57431615
11.69	-0.00023162	-0.02082738	-0.09829945	-0.00137877	-0.00055697	-0.57318774
11.70	0.00003693	-0.02048156	-0.09816514	-0.00068686	-0.00186570	-0.57321257
11.71	-0.00001582	-0.02052978	-0.09768904	0.00015419	-0.00053275	-0.57374111
11.72	-0.00019667	-0.02053100	-0.09787292	-0.00060386	-0.00123562	-0.57325756
11.73	0.00003854	-0.02033083	-0.09799272	-0.00026275	-0.00037315	-0.57359497
11.74	0.00033759	-0.02076048	-0.09786298	-0.00042707	0.00025691	-0.57369786
11.75	-0.00015140	-0.02066371	-0.09782271	-0.00006478	-0.00008116	-0.57439189
11.76	-0.00000910	-0.02067028	-0.09799034	-0.00035662	-0.00023083	-0.57325954
11.77	0.00005936	-0.02048389	-0.09771734	-0.00097933	-0.00154411	-0.57370664
11.78	0.00011649	-0.02077177	-0.09802907	-0.00038939	-0.00103903	-0.57332317
11.79	-0.00024258	-0.02051011	-0.09808913	0.00081237	0.00028363	-0.57343593
11.80	-0.00011741	-0.02060149	-0.09783013	0.00137969	-0.00110132	-0.57478693
11.81	0.00001454	-0.02069685	-0.09816816	0.00141444	-0.00069119	-0.57446504
11.82	-0.00004577	-0.02072422	-0.09811932	0.00132385	0.00040264	-0.57431885
11.83	-0.00005118	-0.02053791	-0.09839439	0.00023581	-0.00039671	-0.57305133
11.84	-0.00007487	-0.02076872	-0.09783316	0.00050635	0.00055830	-0.57310553
11.85	0.00003735	-0.02076688	-0.09788840	-0.00004450	0.00009213	-0.57401109
11.86	-0.00013347	-0.02074404	-0.09801676	0.00028588	0.00128447	-0.57430064
11.87	-0.00008370	-0.02069460	-0.09826014	0.00031912	0.00117365	-0.57380628
11.88	0.00002609	-0.02051626	-0.09782863	-0.00029419	0.00148758	-0.57389125
11.89	-0.00002075	-0.02062064	-0.09785322	0.00108428	0.00155026	-0.57344901
11.90	-0.00021459	-0.02075561	-0.09778911	-0.00003145	0.00117525	-0.57362258
11.91	-0.00001777	-0.02066380	-0.09799906	0.00048389	0.00103224	-0.57386591
11.92	0.00024887	-0.02067965	-0.09795534	0.00025992	-0.00002268	-0.57306471
11.93	-0.00014497	-0.02073071	-0.09802174	0.00013264	0.00030537	-0.57190385
11.94	0.00004488	-0.02066249	-0.09808312	-0.00006575	0.00055484	-0.57286298
11.95	0.00002353	-0.02067050	-0.09819657	0.00006644	0.00070549	-0.57349281
11.96	0.00008483	-0.02064913	-0.09780874	-0.00043622	-0.00011391	-0.57395312
11.97	0.00019288	-0.02033703	-0.09809758	-0.00034607	0.00040789	-0.57364841
11.98	0.00035909	-0.02047261	-0.09785516	-0.00030103	-0.00040894	-0.57401586
11.99	-0.00026654	-0.02057932	-0.09776886	0.00036511	-0.00111752	-0.57375285
12.00	-0.00029429	-0.02059084	-0.09815262	0.00046690	-0.00082178	-0.57321813
12.01	-0.00023352	-0.02051358	-0.09800083	-0.00070866	-0.00046126	-0.57310447
12.02	0.00009973	-0.02046569	-0.09802102	0.00126251	0.00010177	-0.57274582
12.03	-0.00022102	-0.02051017	-0.09785662	-0.00006862	0.00008165	-0.57369642
12.04	0.00008578	-0.02046638	-0.09797416	0.00061674	0.00007944	-0.57393804
12.05	0.00018125	-0.02035926	-0.09764324	0.00053820	-0.00009407	-0.57393048
12.06	-0.00004829	-0.02042285	-0.09782050	0.00122729	-0.00058559	-0.57351706
12.07	-0.00008196	-0.02039419	-0.09785229	0.00048774	-0.00104769	-0.57272600
12.08	-0.00000328	-0.02072612	-0.09790312	0.00082494	-0.00064959	-0.57359044
12.09	-0.00014540	-0.02034922	-0.09782885	0.00127428	-0.00065368	-0.57383163
12.10	0.00004801	-0.02047849	-0.09783845	0.00079955	-0.00006591	-0.57509949
12.11	0.00001304	-0.02076447	-0.09790562	0.00085990	-0.00028771	-0.57367550
12.12	0.00037976	-0.02076502	-0.09793408	0.00173148	-0.00047603	-0.57332842
12.13	-0.00012076	-0.02048194	-0.09791969	0.00135045	0.00077243	-0.57367268
12.14	-0.00006914	-0.02061383	-0.09785289	-0.00052687	-0.00047838	-0.57352970
12.15	-0.00005297	-0.02065061	-0.09806281	0.00144794	-0.00105851	-0.57378545
12.16	0.00010242	-0.02038357	-0.09784932	0.00145360	0.00022501	-0.57388507
12.17	-0.00020857	-0.02046578	-0.09790871	0.00107409	-0.00074714	-0.57343801
12.18	-0.00036243	-0.02065715	-0.09836192	0.00108718	-0.00045277	-0.57428554
12.19	-0.00003967	-0.02082733	-0.09823332	0.00019198	0.00003190	-0.57314913
12.20	0.00002893	-0.02062341	-0.09828896	0.00160678	0.00033789	-0.57323139
12.21	0.00016659	-0.02045661	-0.09825808	0.00152978	-0.00030904	-0.57262875
12.22	0.00002844	-0.02052836	-0.09787169	0.00169997	-0.00095505	-0.57377802
12.23	-0.00014417	-0.02064720	-0.09793827	0.00049110	0.00020370	-0.57342706
12.24	-0.00023135	-0.02085712	-0.09807878	0.00218988	-0.00115381	-0.57360099
12.25	0.00005220	-0.02058160	-0.09811374	0.00116420	0.00001582	-0.57422342
12.26	-0.00018945	-0.02084235	-0.09793032	0.00074525	-0.00063093	-0.57349605
12.27	-0.00001699	-0.02068527	-0.09782462	0.00077791	-0.00030462	-0.57315160
12.28	0.00016770	-0.02043109	-0.09798415	0.00012180	-0.00021991	-0.57359705
12.29	0.00017532	-0.02055716	-0.09831469	0.00099551	-0.00025648	-0.57411078
12.30	-0.00023071	-0.02067889	-0.09777789	0.00089306	-0.00000311	-0.57381233
12.31	-0.00002918	-0.02071446	-0.09776398	-0.00014383	0.00067151	-0.57356262
12.32	-0.00028489	-0.02078682	-0.09789560	0.00056843	0.00091840	-0.57384612
12.33	-0.00017111	-0.02092773	-0.09778257	-0.00072043	0.00041371	-0.57460522
12.34	-0.00014303	-0.02072367	-0.09782142	0.00095513	0.00053199	-0.57431671
12.35	0.00018284	-0.02105400	-0.09770917	-0.00037707	0.00063475	-0.57372908
12.36	-0.00029593	-0.02063270	-0.09798186	-0.00052964	-0.00072571	-0.57342660
12.37	0.00006076	-0.02077806	-0.09772259	-0.00001508	-0.00118823	-0.57370000
12.38	0.00013687	-0.02058926	-0.09750939	0.00024313	-0.00018595	-0.57381422
12.39	-0.00015253	-0.02088503	-0.09784486	0.00049988	-0.00029174	-0.57325321
12.40	0.00038945	-0.02089794	-0.09786966	0.00006653	-0.00055328	-0.57356291
12.41	0.00010442	-0.02053856	-0.09793806	0.00050891	-0.00045744	-0.57378758
12.42	-0.00022921	-0.02063190	-0.09767676	0.00041904	0.00042319	-0.57422653
12.43	-0.00008961	-0.02073194	-0.09774658	-0.00007689	0.00034765	-0.57512242
12.44	0.00000098	-0.02051258	-0.09779286	0.00142071	0.00055677	-0.57383471
12.45	0.00026531	-0.02051381	-0.09772554	0.00079887	0.00108904	-0.57297440
12.46	0.00026659	-0.02045941	-0.09789018	0.00095750	0.00056535	-0.57423072
12.47	0.00002955	-0.02076230	-0.09812129	0.00059930	-0.00025155	-0.57443998
12.48	0.00000032	-0.02043876	-0.09818671	0.00001273	0.00089013	-0.57485433
12.49	-0.00034733	-0.02088884	-0.09802274	0.00057651	0.00086412	-0.57444909
12.50	0.00002227	-0.02074815	-0.09798977	0.00051477	-0.00029330	-0.57541938
12.51	-0.00002297	-0.02054566	-0.09833329	0.00112018	0.00090982	-0.57435311
12.52	-0.00016712	-0.02079496	-0.09776791	0.00008413	0.00027397	-0.57388220
12.53	0.00021906	-0.02084041	-0.09782619	0.00076582	0.00024132	-0.57362577
12.54	0.00004389	-0.02086661	-0.09793957	0.00071353	-0.00024603	-0.57188959
12.55	0.00024074	-0.02073735	-0.09812166	0.00147634	0.00118668	-0.57286855
12.56	-0.00012428	-0.02073878	-0.09798451	0.00121444	0.00031952	-0.57355912
12.57	0.00003317	-0.02064217	-0.09819695	0.00066183	0.00040398	-0.57511226
12.58	-0.00002152	-0.02059655	-0.09803679	0.00161815	0.00045877	-0.57386856
12.59	-0.00005214	-0.02089104	-0.09788230	0.00100099	0.00038401	-0.57316634
12.60	-0.00013525	-0.02088427	-0.09793020	0.00090408	-0.00009017	-0.57448179
12.61	-0.00029938	-0.02075618	-0.09782225	0.00060472	0.00006006	-0.57481658
12.62	-0.00011466	-0.02091694	-0.09788809	0.00161781	-0.00040296	-0.57400415
12.63	-0.00000240	-0.02104780	-0.09771866	0.00137067	-0.00083787	-0.57430154
12.64	0.00004583	-0.02079685	-0.09773166	0.00053363	-0.00025419	-0.57419781
12.65	0.00023993	-0.02082046	-0.09772313	-0.00030143	-0.00027468	-0.57365379
12.66	-0.00029940	-0.02079082	-0.09765919	0.00142698	-0.00063225	-0.57418007
12.67	-0.00008953	-0.02071031	-0.09766748	-0.00016700	-0.00077952	-0.57375059
12.68	0.00017658	-0.02101777	-0.09768784	-0.00025077	0.00048706	-0.57291183
12.69	0.00028573	-0.02091848	-0.09784198	0.00021298	0.00048673	-0.57434661
12.70	0.00003538	-0.02102979	-0.09784562	0.00144112	0.00020541	-0.57327983
12.71	-0.00015820	-0.02047176	-0.09782896	0.00176185	0.00007074	-0.57429168
12.72	0.00005683	-0.02079553	-0.09802951	0.00153027	-0.00017077	-0.57277615
12.73	-0.00002369	-0.02116675	-0.09786459	0.00103804	0.00036833	-0.57419339
12.74	0.00015522	-0.02074091	-0.09789072	0.00109391	-0.00137282	-0.57349419
12.75	-0.00005407	-0.02094668	-0.09805121	0.00128262	-0.00137128	-0.57351950
12.76	-0.00000139	-0.02094098	-0.09786213	0.00085380	-0.00042435	-0.57277777
12.77	0.00006462	-0.02080178	-0.09779731	0.00046678	-0.00011490	-0.57203261
12.78	-0.00014833	-0.02075800	-0.09789524	0.00022530	-0.00038196	-0.57226013
12.79	-0.00007477	-0.02109601	-0.09806214	0.00060956	-0.00019523	-0.57370312
12.80	-0.00003644	-0.02141218	-0.09817633	0.00097977	-0.00033229	-0.57191648
12.81	-0.00004723	-0.02083608	-0.09787466	0.00186597	0.00028752	-0.57220822
12.82	-0.00006440	-0.02074884	-0.09796571	0.00108784	-0.00078145	-0.57241340
12.83	0.00004666	-0.02086625	-0.09789637	0.00065667	0.00033357	-0.57278177
12.84	-0.00004254	-0.02057754	-0.09801954	0.00054389	0.00041256	-0.57310648
12.85	-0.00022175	-0.02089900	-0.09809934	0.00022151	0.00091853	-0.57319453
12.86	-0.00032876	-0.02098522	-0.09799082	0.00008488	0.00000555	-0.57297470
12.87	-0.00036794	-0.02065851	-0.09827978	0.00123251	0.00094798	-0.57315198
12.88	-0.00033253	-0.02099334	-0.09809588	0.00145579	0.00039984	-0.57326718
12.89	-0.00009007	-0.02085999	-0.09801394	0.00109999	0.00130579	-0.57302555
12.90	0.00014978	-0.02104711	-0.09818414	0.00056900	0.00137862	-0.57211606
12.91	0.00016235	-0.02069931	-0.09795854	0.00085977	0.00009285	-0.57238192
12.92	-0.00021334	-0.02114598	-0.09813044	0.00141964	0.00014472	-0.57236742
12.93	0.00002598	-0.02109764	-0.09809149	0.00183728	-0.00009597	-0.57166439
12.94	0.00030229	-0.02072662	-0.09792052	0.00133995	0.00020468	-0.57270653
12.95	0.00007463	-0.02086202	-0.09812695	0.00023680	0.00100313	-0.57319060
12.96	-0.00024479	-0.02077174	-0.09830045	0.00047648	-0.00058705	-0.57296232
12.97	-0.00009313	-0.02068364	-0.09789823	0.00144903	0.00019443	-0.57228162
12.98	-0.00022670	-0.02052273	-0.09818683	-0.00067751	0.00023381	-0.57258114
12.99	0.00009449	-0.02101545	-0.09768258	0.00056682	-0.00107179	-0.57140565
13.00	0.00000420	-0.02058173	-0.09825230	0.00024994	-0.00013466	-0.57122580
13.01	0.00010585	-0.02081979	-0.09787719	0.00092505	-0.00051195	-0.57170118
13.02	-0.00016020	-0.02089590	-0.09808559	0.00090964	-0.00016891	-0.57295009
13.03	-0.00026355	-0.02085258	-0.09802567	0.00122994	-0.00065993	-0.57257922
13.04	0.00020129	-0.02067626	-0.09790205	0.00113477	-0.00045785	-0.57295681
13.05	-0.00014623	-0.02079054	-0.09793426	-0.00013001	-0.00065329	-0.57326359
13.06	0.00007612	-0.02062332	-0.09794650	0.00022048	-0.00082885	-0.57412980
13.07	-0.00009177	-0.02112858	-0.09778964	0.00080192	-0.00014573	-0.57244217
13.08	0.00019197	-0.02094677	-0.09819215	0.00051885	-0.00098082	-0.57308803
13.09	0.00036915	-0.02080556	-0.09797542	0.00009957	-0.00105771	-0.57169169
13.10	0.00010616	-0.02101051	-0.09819631	0.00063843	0.00005492	-0.57269866
13.11	-0.00011379	-0.02088514	-0.09809389	0.00043449	-0.00012328	-0.57353671
13.12	0.00011338	-0.02077540	-0.09778757	0.00040704	0.00028684	-0.57345152
13.13	-0.00000164	-0.02043999	-0.09798847	0.00056967	-0.00079970	-0.57238971
13.14	0.00000050	-0.02069950	-0.09793039	0.00057651	-0.00111365	-0.57262063
13.15	-0.00011310	-0.02087052	-0.09796651	-0.00011551	-0.00064542	-0.57226626
13.16	-0.00003189	-0.02086616	-0.09775978	0.00032037	-0.00028013	-0.57318808
13.17	-0.00003255	-0.02110956	-0.09806509	-0.00057132	0.00000811	-0.57232592
13.18	0.00011444	-0.02115658	-0.09807461	-0.00071222	0.00068633	-0.57288928
13.19	-0.00006866	-0.02086552	-0.09787925	0.00041902	0.00023558	-0.57333502
13.20	-0.00012717	-0.02100937	-0.09753684	-0.00042857	0.00056746	-0.57246221
13.21	-0.00011934	-0.02124510	-0.09788842	-0.00082502	0.00018841	-0.57178553
13.22	-0.00020361	-0.02115519	-0.09796769	0.00006063	0.00057933	-0.57203787
13.23	0.00019516	-0.02138135	-0.09816609	0.00026761	-0.00025826	-0.57226449
13.24	0.00020387	-0.02111426	-0.09798214	0.00067096	0.00022070	-0.57287819
13.25	0.00015205	-0.02088911	-0.09785006	0.00008612	0.00030144	-0.57449771
13.26	0.00005920	-0.02115390	-0.09811555	0.00042373	0.00011749	-0.57369207
13.27	0.00012883	-0.02111400	-0.09826136	0.00009030	0.00023918	-0.57444471
13.28	0.00001797	-0.02123168	-0.09808938	-0.00034021	-0.00043501	-0.57346159
13.29	0.00002145	-0.02106742	-0.09812804	0.00030790	-0.00169152	-0.57272669
13.30	0.00039295	-0.02102141	-0.09828853	0.00002370	-0.00112218	-0.57286128
13.31	0.00015444	-0.02108139	-0.09833382	0.00122586	0.00130771	-0.57316827
13.32	0.00005051	-0.02125341	-0.09834899	0.00020503	-0.00010812	-0.57271781
13.33	0.00001961	-0.02099521	-0.09814118	-0.00022906	0.00042730	-0.57409488
13.34	0.00021260	-0.02110808	-0.09816749	0.00060257	0.00069153	-0.57263639
13.35	0.00000108	-0.02111693	-0.09804580	-0.00027175	-0.00102066	-0.57374696
13.36	0.00028516	-0.02106862	-0.09803564	0.00068712	-0.00097022	-0.57442567
13.37	0.00037998	-0.02096578	-0.09806579	0.00136607	0.00024948	-0.57380595
13.38	0.00042985	-0.02119431	-0.09816308	0.00158973	-0.00060791	-0.57332376
13.39	0.00034349	-0.02128413	-0.09800766	0.00145913	-0.00073494	-0.57358026
13.40	0.00005552	-0.02085004	-0.09759597	0.00071043	-0.00095301	-0.57362654
13.41	0.00013257	-0.02129014	-0.09805772	0.00093563	-0.00057293	-0.57304623
13.42	-0.00005992	-0.02094793	-0.09792202	0.00150585	-0.00096584	-0.57300267
13.43	-0.00009338	-0.02086504	-0.09801259	0.00088476	-0.00163581	-0.57380691
13.44	0.00018123	-0.02111018	-0.09818506	0.00068159	-0.00142286	-0.57223861
13.45	-0.00012761	-0.02141188	-0.09787652	0.00081742	-0.00183271	-0.57297623
13.46	0.00024531	-0.02105400	-0.09805227	0.00079638	0.00003919	-0.57301843
13.47	-0.00001505	-0.02130969	-0.09798937	0.00107415	-0.00043724	-0.57319577
13.48	0.00004356	-0.02053948	-0.09792080	0.00117849	-0.00138126	-0.57400570
13.49	-0.00020769	-0.02122534	-0.09782002	0.00050697	-0.00053074	-0.57360333
13.50	0.00015596	-0.02100592	-0.09805272	0.00101097	-0.00130612	-0.57294915
13.51	0.00010890	-0.02112225	-0.09806563	0.00077606	-0.00206272	-0.57395372
13.52	0.00006205	-0.02077756	-0.09821198	0.00053378	-0.00092705	-0.57347673
13.53	0.00024704	-0.02102990	-0.09822119	0.00103532	-0.00093429	-0.57421979
13.54	0.00022465	-0.02099976	-0.09808693	0.00024177	0.00010833	-0.57465649
13.55	0.00026323	-0.02086384	-0.09785340	-0.00023450	-0.00070832	-0.57380620
13.56	0.00011202	-0.02085727	-0.09808833	0.00167945	0.00038466	-0.57273195
13.57	0.00021842	-0.02062328	-0.09803351	-0.00007388	-0.00080324	-0.57442951
13.58	0.00023673	-0.02113935	-0.09789365	0.00051024	0.00143516	-0.57368833
13.59	0.00028958	-0.02097472	-0.09780557	0.00083949	0.00047276	-0.57456566
13.60	0.00035066	-0.02089365	-0.09786127	0.00077385	0.00037267	-0.57359458
13.61	0.00002148	-0.02076054	-0.09796464	0.00011132	0.00008643	-0.57477343
13.62	0.00032116	-0.02072757	-0.09782815	0.00100678	0.00072044	-0.57373096
13.63	0.00005447	-0.02073191	-0.09806172	0.00142428	0.00058119	-0.57386471
13.64	0.00021411	-0.02074426	-0.09778242	0.00010402	0.00115844	-0.57383112
13.65	0.00015477	-0.02085911	-0.09816176	0.00129564	0.00063753	-0.57342357
13.66	0.00033026	-0.02094863	-0.09778428	0.00088743	0.00075016	-0.57505828
13.67	-0.00011491	-0.02084139	-0.09795143	0.00077659	0.00164565	-0.57462855
13.68	-0.00002631	-0.02068508	-0.09798681	-0.00025190	0.00127425	-0.57387090
13.69	0.00012685	-0.02068825	-0.09788529	0.00025291	0.00052967	-0.57346294
13.70	-0.00008682	-0.02108031	-0.09790078	0.00063165	0.00004473	-0.57357953
13.71	-0.00019866	-0.02089134	-0.09783756	0.00000118	0.00039870	-0.57348074
13.72	0.00028751	-0.02082469	-0.09771212	-0.00005433	-0.00010181	-0.57386818
13.73	0.00012862	-0.02106436	-0.09809990	0.00098627	0.00012461	-0.57366626
13.74	0.00004631	-0.02124625	-0.09795955	0.00130527	0.00020221	-0.57300127
13.75	0.00009084	-0.02087040	-0.09772661	0.00102440	-0.00089436	-0.57343404
13.76	-0.00003506	-0.02093374	-0.09786191	0.00102057	0.00022086	-0.57428994
13.77	0.00018347	-0.02092063	-0.09769254	0.00112832	0.00023280	-0.57385339
13.78	-0.00005141	-0.02131658	-0.09767405	0.00173631	0.00042403	-0.57459662
13.79	-0.00000449	-0.02080811	-0.09785123	0.00094691	0.00060813	-0.57429640
13.80	0.00004775	-0.02070677	-0.09815409	0.00184055	-0.00007279	-0.57363223
13.81	-0.00003736	-0.02098754	-0.09817744	0.00079295	-0.00008572	-0.57386718
13.82	-0.00006652	-0.02083826	-0.09795885	0.00049521	0.00012560	-0.57374388
13.83	-0.00003877	-0.02070090	-0.09806904	0.00005201	0.00094705	-0.57427995
13.84	-0.00010287	-0.02086051	-0.09793821	-0.00070944	-0.00014623	-0.57325950
13.85	0.00004947	-0.02097071	-0.09785128	0.00051335	-0.00026951	-0.57460079
13.86	0.00022340	-0.02102506	-0.09797660	0.00027143	-0.00001932	-0.57443113
13.87	0.00002734	-0.02099638	-0.09779447	-0.00016607	0.00029296	-0.57437239
13.88	0.00003594	-0.02108301	-0.09787201	0.00130850	-0.00043825	-0.57332209
13.89	0.00007255	-0.02092539	-0.09800992	0.00051333	0.00077760	-0.57399981
13.90	-0.00000852	-0.02073120	-0.09799230	0.00072536	0.00166190	-0.57401908
13.91	0.00004479	-0.02120424	-0.09776452	0.00080695	0.00058584	-0.57302320
13.92	0.00017939	-0.02126315	-0.09800250	0.00078446	0.00084278	-0.57337283
13.93	0.00012997	-0.02115012	-0.09787800	0.00100214	0.00107871	-0.57390127
13.94	0.00018384	-0.02124567	-0.09767887	0.00087658	0.00084339	-0.57354942
13.95	-0.00001376	-0.02111021	-0.09766674	0.00086962	0.00206510	-0.57301215
13.96	0.00020753	-0.02113642	-0.09787564	0.00077751	0.00092582	-0.57328843
13.97	0.00008804	-0.02118534	-0.09782553	0.00042919	0.00091783	-0.57318469
13.98	0.00015767	-0.02104845	-0.09787709	0.00112315	0.00143127	-0.57488766
13.99	0.00036243	-0.02090161	-0.09765755	0.00095527	0.00130619	-0.57366897
14.00	0.00010587	-0.02104734	-0.09791479	0.00146264	0.00090190	-0.57301852
14.01	0.00052159	-0.02122841	-0.09794989	0.00119469	0.00079662	-0.57360854
14.02	-0.00003510	-0.02096587	-0.09781063	0.00047176	0.00031679	-0.57322214
14.03	0.00007141	-0.02100343	-0.09769241	0.00050556	0.00119423	-0.57449913
14.04	0.00028282	-0.02083139	-0.09791310	0.00079032	0.00173502	-0.57407191
14.05	-0.00033009	-0.02113623	-0.09813203	0.00035461	0.00001527	-0.57369753
14.06	0.00006433	-0.02100336	-0.09789169	0.00011958	-0.00045160	-0.57391343
14.07	-0.00002968	-0.02099189	-0.09782599	-0.00008714	-0.00070168	-0.57317316
14.08	-0.00021483	-0.02118924	-0.09773188	0.00077354	0.00004692	-0.57441386
14.09	-0.00014034	-0.02102267	-0.09787313	0.00078326	0.00033557	-0.57502809
14.10	0.00013858	-0.02084677	-0.09785530	0.00071301	0.00092707	-0.57431877
14.11	0.00024651	-0.02132138	-0.09782398	0.00056937	-0.00027047	-0.57337497
14.12	0.00026462	-0.02094772	-0.09775405	0.00063354	0.00045131	-0.57330242
14.13	0.00018380	-0.02113738	-0.09808908	-0.00012575	0.00122827	-0.57395497
14.14	0.00010554	-0.02097590	-0.09779744	0.00027764	0.00161261	-0.57366758
14.15	0.00027732	-0.02099464	-0.09781431	-0.00039681	0.00121359	-0.57285134
14.16	0.00017637	-0.02103965	-0.09789804	0.00049158	0.00090129	-0.57423363
14.17	0.00011282	-0.02106976	-0.09781858	0.00057417	0.00118582	-0.57332137
14.18	0.00018905	-0.02129648	-0.09754924	0.00012834	0.00062575	-0.57363344
14.19	0.00006272	-0.02096762	-0.09764221	0.00036564	0.00117328	-0.57373820
14.20	0.00012123	-0.02127747	-0.09781118	0.00067002	0.00122737	-0.57449721
14.21	0.00013250	-0.02116502	-0.09803229	0.00036033	0.00140268	-0.57406999
14.22	0.00009865	-0.02132536	-0.09801930	-0.00052616	0.00082692	-0.57445156
14.23	0.00024051	-0.02116782	-0.09832253	-0.00044974	0.00070638	-0.57365232
14.24	0.00037578	-0.02121708	-0.09795688	-0.00067074	0.00043955	-0.57290278
14.25	0.00055011	-0.02139308	-0.09757311	0.00090392	0.00084672	-0.57443521
14.26	0.00028826	-0.02105836	-0.09784838	-0.00019507	0.00065481	-0.57427343
14.27	0.00023483	-0.02102497	-0.09783317	-0.00017465	0.00086529	-0.57469482
14.28	0.00047845	-0.02091639	-0.09777813	0.00042566	0.00066578	-0.57360299
14.29	0.00042142	-0.02106139	-0.09822227	-0.00035383	0.00097929	-0.57326998
14.30	-0.00001956	-0.02083118	-0.09801172	-0.00064399	0.00183386	-0.57412543
14.31	0.00011069	-0.02110988	-0.09764595	-0.00012104	0.00205439	-0.57410313
14.32	0.00004415	-0.02090833	-0.09737624	-0.00037239	0.00188337	-0.57409130
14.33	0.00032394	-0.02071646	-0.09762567	0.00064549	0.00112783	-0.57340056
14.34	0.00004954	-0.02102944	-0.09776272	-0.00113268	0.00091801	-0.57373251
14.35	0.00021879	-0.02093953	-0.09799388	-0.00033605	0.00036611	-0.57452104
14.36	0.00015555	-0.02114657	-0.09804683	-0.00029770	-0.00059587	-0.57510423
14.37	-0.00013382	-0.02073095	-0.09780693	-0.00127550	0.00058356	-0.57413662
14.38	0.00014124	-0.02079653	-0.09785383	-0.00105497	0.00081786	-0.57424046
14.39	-0.00006533	-0.02110443	-0.09784752	-0.00032688	0.00057666	-0.57360002
14.40	-0.00033803	-0.02075361	-0.09804421	-0.00111528	0.00060127	-0.57371951
14.41	-0.00032395	-0.02087171	-0.09785276	-0.00020089	-0.00013403	-0.57426069
14.42	-0.00008626	-0.02099856	-0.09814659	-0.00124018	0.00008953	-0.57487538
14.43	0.00007947	-0.02097830	-0.09797773	-0.00074258	-0.00056643	-0.57429662
14.44	-0.00005180	-0.02107902	-0.09796933	-0.00097652	0.00159208	-0.57356538
14.45	-0.00020359	-0.02086501	-0.09808577	-0.00034426	0.00121996	-0.57532337
14.46	0.00012637	-0.02113573	-0.09784174	-0.00131152	0.00094224	-0.57505836
14.47	-0.00035425	-0.02092191	-0.09802369	0.00021292	0.00177134	-0.57445962
14.48	-0.00023876	-0.02097370	-0.09795128	-0.00142061	0.00195227	-0.57515070
14.49	-0.00029481	-0.02086504	-0.09794747	-0.00049930	0.00063601	-0.57429628
14.50	-0.00027892	-0.02118874	-0.09816081	0.00063223	0.00185122	-0.57459621
14.51	-0.00010334	-0.02098203	-0.09792799	-0.00075145	0.00277428	-0.57388871
14.52	0.00016263	-0.02108828	-0.09793974	-0.00016482	0.00167271	-0.57395092
14.53	-0.00013709	-0.02125583	-0.09788770	-0.00030652	0.00061552	-0.57286289
14.54	-0.00000105	-0.02108141	-0.09770793	-0.00072768	0.00048496	-0.57373669
14.55	0.00026186	-0.02133558	-0.09752814	-0.00003623	0.00104887	-0.57340029
14.56	0.00004114	-0.02143426	-0.09781943	-0.00140868	0.00063092	-0.57365663
14.57	0.00036431	-0.02114649	-0.09772095	0.00110494	0.00086184	-0.57311487
14.58	0.00008971	-0.02124388	-0.09758235	-0.00047507	0.00089241	-0.57353757
14.59	0.00000340	-0.02090764	-0.09749414	-0.00085852	0.00078196	-0.57399114
14.60	0.00008740	-0.02095909	-0.09811670	-0.00008449	0.00120759	-0.57381572
14.61	-0.00010341	-0.02116661	-0.09775243	-0.00070553	0.00006681	-0.57307755
14.62	0.00023352	-0.02141201	-0.09769931	-0.00059494	0.00002780	-0.57407446
14.63	-0.00001578	-0.02122959	-0.09759426	-0.00028072	0.00093889	-0.57363848
14.64	-0.00025539	-0.02133867	-0.09794628	0.00013906	0.00143489	-0.57444724
14.65	0.00004086	-0.02119019	-0.09759614	-0.00098995	0.00008314	-0.57342753
14.66	0.00029815	-0.02108340	-0.09786087	-0.00070973	0.00057478	-0.57383176
14.67	0.00000244	-0.02132148	-0.09779446	-0.00080581	-0.00001634	-0.57331460
14.68	0.00006519	-0.02136096	-0.09801419	0.00016253	0.00077406	-0.57353605
14.69	-0.00006180	-0.02124537	-0.09780007	0.00051111	0.00040772	-0.57388729
14.70	0.00000481	-0.02121566	-0.09780863	-0.00006061	0.00080311	-0.57286507
14.71	0.00007148	-0.02107689	-0.09790440	-0.00078141	0.00034381	-0.57362124
14.72	-0.00000098	-0.02099878	-0.09802913	-0.00062000	0.00028683	-0.57408388
14.73	-0.00010083	-0.02103136	-0.09781141	-0.00024665	0.00086469	-0.57456672
14.74	0.00017815	-0.02088530	-0.09805522	-0.00083964	0.00057042	-0.57425060
14.75	0.00005922	-0.02135487	-0.09800395	-0.00147859	0.00247863	-0.57507213
14.76	-0.00003719	-0.02142293	-0.09755416	-0.00121082	0.00131000	-0.57463213
14.77	-0.00001630	-0.02134152	-0.09795242	0.00018152	0.00178008	-0.57499251
14.78	-0.00033193	-0.02108956	-0.09783339	-0.00082227	0.00112193	-0.57413611
14.79	-0.00013600	-0.02119375	-0.09791637	0.00040299	0.00061946	-0.57453692
14.80	0.00004387	-0.02105735	-0.09797374	-0.00068469	0.00047502	-0.57540874
14.81	-0.00004842	-0.02103032	-0.09807029	-0.00066993	0.00056378	-0.57298025
14.82	0.00015385	-0.02132210	-0.09771188	-0.00123707	0.00114365	-0.57504792
14.83	-0.00006288	-0.02134434	-0.09795877	-0.00170514	-0.00059110	-0.57482745
14.84	0.00032676	-0.02149566	-0.09791278	-0.00063628	0.00017869	-0.57555666
14.85	0.00015939	-0.02140447	-0.09789246	-0.00098338	0.00094842	-0.57427768
14.86	0.00028121	-0.02083676	-0.09784547	-0.00003689	0.00057036	-0.57495179
14.87	0.00026999	-0.02150478	-0.09786973	-0.00093104	-0.00058464	-0.57423977
14.88	-0.00000149	-0.02140582	-0.09795582	-0.00007222	-0.00017757	-0.57405343
14.89	-0.00010386	-0.02148900	-0.09794903	-0.00098586	-0.00034249	-0.57552821
14.90	-0.00001586	-0.02122004	-0.09809175	0.00037685	-0.00010704	-0.57414302
14.91	0.00000264	-0.02123300	-0.09782092	0.00011982	0.00000505	-0.57258618
14.92	0.00006650	-0.02125949	-0.09803825	-0.00068902	-0.00032250	-0.57375343
14.93	0.00022264	-0.02121389	-0.09775108	-0.00036347	-0.00005053	-0.57390772
14.94	0.00008869	-0.02117671	-0.09821322	0.00026314	-0.00060947	-0.57307505
14.95	-0.00011459	-0.02118280	-0.09794006	-0.00064169	0.00018101	-0.57426439
14.96	-0.00008386	-0.02150548	-0.09776296	-0.00078723	0.00074081	-0.57349763
14.97	0.00020737	-0.02111332	-0.09798753	-0.00217466	-0.00057601	-0.57401267
14.98	-0.00006014	-0.02140530	-0.09796390	0.00004204	0.00054187	-0.57402947
14.99	-0.00019111	-0.02125339	-0.09838261	-0.00080809	0.00049366	-0.57422868
15.00	0.00004747	-0.02095968	-0.09781876	0.00016565	0.00044129	-0.57291256
15.01	0.00003025	-0.02161999	-0.09814989	0.00007840	0.00020976	-0.57287188
15.02	-0.00014008	-0.02110338	-0.09792255	0.00015833	0.00078009	-0.57399106
15.03	-0.00035123	-0.02134168	-0.09808979	0.00001840	-0.00034618	-0.57329910
15.04	-0.00015649	-0.02106649	-0.09791698	0.00034691	0.00133528	-0.57257228
15.05	-0.00048697	-0.02146779	-0.09775711	0.00080186	0.00013668	-0.57366195
15.06	-0.00051734	-0.02104551	-0.09789368	0.00058999	0.00015158	-0.57335423
15.07	-0.00007804	-0.02130205	-0.09773471	0.00007862	0.00041621	-0.57369315
15.08	0.00012301	-0.02127238	-0.09760519	0.00028599	-0.00013887	-0.57336233
15.09	-0.00004540	-0.02122724	-0.09796830	0.00080124	-0.00013080	-0.57407104
15.10	0.00008794	-0.02113632	-0.09798412	0.00060608	-0.00001808	-0.57412203
15.11	0.00033173	-0.02138040	-0.09795502	-0.00032367	0.00022051	-0.57431580
15.12	-0.00048107	-0.02102774	-0.09786227	0.00059097	0.00030672	-0.57337367
15.13	0.00010996	-0.02126769	-0.09784871	-0.00007863	0.00075834	-0.57481509
15.14	-0.00018991	-0.02117567	-0.09799813	-0.00013049	-0.00009253	-0.57431679
15.15	-0.00034057	-0.02120078	-0.09768524	-0.00083145	0.00067703	-0.57428516
15.16	-0.00003818	-0.02104893	-0.09784267	0.00062434	0.00082071	-0.57516048
15.17	-0.00001748	-0.02134864	-0.09779249	-0.00084030	0.00087019	-0.57365573
15.18	-0.00047995	-0.02127366	-0.09771930	0.00044870	0.00091411	-0.57320906
15.19	0.00019468	-0.02126333	-0.09777346	0.00041305	0.00055697	-0.57558658
15.20	0.00006127	-0.02130760	-0.09797704	0.00015947	-0.00021665	-0.57457149
15.21	0.00023820	-0.02135973	-0.09809689	-0.00082908	-0.00003100	-0.57384698
15.22	-0.00002082	-0.02112684	-0.09802833	-0.00122808	0.00020375	-0.57460345
15.23	-0.00010008	-0.02126377	-0.09770703	-0.00068212	0.00001393	-0.57325844
15.24	0.00012006	-0.02122315	-0.09798319	-0.00091817	0.00140659	-0.57385361
15.25	0.00003306	-0.02140728	-0.09775970	-0.00099881	0.00157598	-0.57418114
15.26	0.00039358	-0.02133633	-0.09814326	-0.00060617	0.00075635	-0.57423026
15.27	-0.00024503	-0.02117628	-0.09806719	-0.00065484	0.00139728	-0.57438583
15.28	-0.00012281	-0.02132007	-0.09792625	0.00054577	0.00186564	-0.57354396
15.29	-0.00010777	-0.02119049	-0.09802434	-0.00096006	0.00054805	-0.57378091
15.30	-0.00021440	-0.02103868	-0.09780711	-0.00062576	0.00100717	-0.57354061
15.31	0.00006647	-0.02101764	-0.09791542	-0.00138914	0.00094096	-0.57363283
15.32	-0.00007180	-0.02121660	-0.09796063	-0.00080823	0.00028360	-0.57491803
15.33	-0.00006414	-0.02134057	-0.09781488	-0.00091940	0.00061764	-0.57511423
15.34	0.00008757	-0.02126038	-0.09786912	-0.00068746	0.00011459	-0.57528936
15.35	-0.00012237	-0.02135753	-0.09760193	-0.00069951	-0.00029199	-0.57361882
15.36	-0.00013536	-0.02162633	-0.09797125	-0.00053696	-0.00023411	-0.57349193
15.37	-0.00015071	-0.02128766	-0.09828331	0.00023254	0.00043434	-0.57328424
15.38	0.00007308	-0.02116253	-0.09794994	0.00014634	0.00089619	-0.57414157
15.39	-0.00059018	-0.02117708	-0.09772430	0.00034440	0.00027218	-0.57431473
15.40	-0.00022502	-0.02124058	-0.09804625	-0.00099226	0.00012051	-0.57442668
15.41	0.00017756	-0.02144234	-0.09795031	-0.00049208	0.00032945	-0.57387969
15.42	0.00006368	-0.02098815	-0.09794337	-0.00021060	0.00003832	-0.57266463
15.43	-0.00001763	-0.02144984	-0.09757764	0.00036138	0.00070254	-0.57458005
15.44	-0.00010116	-0.02121410	-0.09771164	-0.00052062	0.00009119	-0.57444172
15.45	0.00001003	-0.02117880	-0.09777949	0.00006930	0.00038534	-0.57415016
15.46	-0.00012444	-0.02127093	-0.09770307	-0.00063615	0.00074040	-0.57388864
15.47	0.00005078	-0.02145353	-0.09769504	0.00002139	0.00050005	-0.57305226
15.48	0.00020078	-0.02141768	-0.09783027	-0.00106459	0.00032380	-0.57380042
15.49	-0.00009498	-0.02149863	-0.09777775	-0.00063007	0.00013139	-0.57374320
15.50	-0.00029636	-0.02150079	-0.09760929	-0.00010632	-0.00119159	-0.57363420
15.51	-0.00006662	-0.02123883	-0.09771728	-0.00118313	0.00035294	-0.57479395
15.52	-0.00011165	-0.02139482	-0.09799373	0.00024456	0.00050525	-0.57431430
15.53	0.00021905	-0.02123382	-0.09776874	-0.00077405	0.00109904	-0.57462244
15.54	0.00013273	-0.02110075	-0.09757257	-0.00105608	0.00167771	-0.57328933
15.55	0.00004489	-0.02145691	-0.09783766	-0.00020906	0.00122989	-0.57378670
15.56	0.00023076	-0.02154851	-0.09815569	-0.00076044	0.00054246	-0.57416961
15.57	0.00018538	-0.02142443	-0.09779725	-0.00056226	0.00156728	-0.57340435
15.58	0.00002488	-0.02130471	-0.09806282	0.00049581	0.00075743	-0.57395176
15.59	-0.00023289	-0.02136029	-0.09806114	0.00088782	0.00185777	-0.57397947
15.60	-0.00048107	-0.02121345	-0.09795112	0.00020756	0.00087620	-0.57430662
15.61	-0.00024662	-0.02138903	-0.09806282	-0.00089417	0.00211929	-0.57451143
15.62	0.00021660	-0.02185682	-0.09800332	-0.00021433	0.00078447	-0.57294906
15.63	-0.00019667	-0.02150083	-0.09803894	-0.00074181	0.00200270	-0.57383277
15.64	-0.00002189	-0.02121457	-0.09814685	0.00063662	0.00180300	-0.57277943
15.65	-0.00001944	-0.02134628	-0.09827421	0.00071837	0.00085411	-0.57316395
15.66	-0.00007206	-0.02165123	-0.09810173	-0.00031652	0.00052067	-0.57267708
15.67	0.00007588	-0.02135165	-0.09821225	-0.00008631	-0.00008976	-0.57211384
15.68	-0.00007064	-0.02167457	-0.09794660	-0.00118536	0.00068031	-0.57260515
15.69	0.00015148	-0.02141570	-0.09792286	-0.00032508	0.00054328	-0.57235311
15.70	0.00033882	-0.02138610	-0.09789676	-0.00028669	0.00091974	-0.57302430
15.71	0.00005392	-0.02146261	-0.09808047	0.00065195	0.00081575	-0.57343585
15.72	-0.00001075	-0.02159520	-0.09782871	-0.00006785	-0.00001479	-0.57244607
15.73	-0.00000493	-0.02141300	-0.09809201	-0.00018168	0.00004887	-0.57176671
15.74	0.00005348	-0.02163249	-0.09820730	-0.00010047	-0.00021478	-0.57246846
15.75	-0.00010380	-0.02167005	-0.09818207	-0.00059634	0.00071437	-0.57290971
15.76	-0.00014069	-0.02120359	-0.09805074	-0.00003684	0.00040919	-0.57274064
15.77	-0.00010024	-0.02168312	-0.09806768	-0.00017896	0.00046317	-0.57316545
15.78	-0.00024161	-0.02149438	-0.09824178	-0.00020945	0.00066289	-0.57231836
15.79	0.00025193	-0.02111204	-0.09814933	0.00052126	-0.00038124	-0.57355562
15.80	0.00011934	-0.02136677	-0.09827485	-0.00015019	-0.00052641	-0.57297167
15.81	0.00029924	-0.02135175	-0.09796651	0.00030408	0.00085205	-0.57324202
15.82	0.00011481	-0.02107595	-0.09810702	0.00052299	0.00076920	-0.57403687
15.83	0.00010891	-0.02153993	-0.09817891	-0.00055086	0.00106042	-0.57338304
15.84	-0.00005340	-0.02137456	-0.09806128	-0.00054717	-0.00052839	-0.57389593
15.85	0.00022678	-0.02146590	-0.09803396	0.00038333	-0.00001389	-0.57313285
15.86	-0.00010717	-0.02138493	-0.09788087	0.00073745	0.00081277	-0.57318251
15.87	0.00017074	-0.02158978	-0.09777306	0.00112511	0.00088007	-0.57380940
15.88	0.00003207	-0.02169153	-0.09761939	0.00032503	-0.00004770	-0.57361893
15.89	-0.00000318	-0.02170848	-0.09796105	0.00087224	-0.00027029	-0.57318542
15.90	0.00008968	-0.02160996	-0.09789108	0.00064187	0.00025279	-0.57333545
15.91	0.00017736	-0.02142803	-0.09788709	-0.00035116	0.00108635	-0.57312163
15.92	-0.00013776	-0.02133722	-0.09798695	0.00065107	0.00037602	-0.57334927
15.93	0.00041149	-0.02162820	-0.09790917	0.00047015	0.00075487	-0.57401300
15.94	0.00026945	-0.02155851	-0.09830024	0.00039072	0.00051011	-0.57298043
15.95	-0.00006727	-0.02156947	-0.09803622	0.00043147	0.00120336	-0.57287448
15.96	0.00014416	-0.02162681	-0.09783193	0.00010305	-0.00003684	-0.57260789
15.97	-0.00003966	-0.02170670	-0.09770514	0.00023907	0.00048609	-0.57411555
15.98	0.00016004	-0.02142318	-0.09796561	-0.00011964	0.00070350	-0.57429836
15.99	0.00011050	-0.02164368	-0.09782717	-0.00059556	-0.00027005	-0.57441713
16.00	-0.00021695	-0.02144773	-0.09778270	-0.00038129	0.00046382	-0.57296657
16.01	-0.00015971	-0.02139623	-0.09780332	0.00038313	-0.00002450	-0.57492972
16.02	-0.00011373	-0.02142936	-0.09766876	-0.00008003	0.00085638	-0.57441906
16.03	-0.00012928	-0.02160597	-0.09786949	-0.00010467	-0.00045408	-0.57402418
16.04	-0.00010593	-0.02177141	-0.09770550	0.00066306	-0.00014968	-0.57224071
16.05	-0.00026077	-0.02173187	-0.09781536	0.00062425	-0.00070746	-0.57364819
16.06	0.00008480	-0.02172437	-0.09794928	0.00074405	-0.00081431	-0.57377518
16.07	-0.00002520	-0.02168498	-0.09782889	0.00006859	-0.00068460	-0.57324349
16.08	-0.00004235	-0.02165430	-0.09798560	0.00030884	-0.00051728	-0.57356854
16.09	0.00004830	-0.02154409	-0.09780332	-0.00008778	-0.00058112	-0.57338147
16.10	-0.00006447	-0.02167315	-0.09772988	-0.00044008	-0.00000539	-0.57437531
16.11	-0.00032333	-0.02137122	-0.09782802	-0.00082938	0.00053138	-0.57474362
16.12	-0.00017242	-0.02161684	-0.09791957	-0.00040786	-0.00023959	-0.57417631
16.13	0.00006993	-0.02168478	-0.09776046	-0.00035245	0.00002694	-0.57409818
16.14	-0.00016316	-0.02172186	-0.09779834	-0.00050640	0.00038628	-0.57295251
16.15	-0.00025871	-0.02163636	-0.09786884	-0.00009933	0.00077862	-0.57444894
16.16	-0.00010775	-0.02175513	-0.09762596	0.00041770	0.00090645	-0.57423749
16.17	0.00000510	-0.02210614	-0.09786367	-0.00005514	0.00038092	-0.57442852
16.18	-0.00009348	-0.02168410	-0.09764797	0.00028726	-0.00033894	-0.57324379
16.19	-0.00018210	-0.02191147	-0.09774341	0.00009438	0.00003655	-0.57326850
16.20	-0.00030770	-0.02159694	-0.09792744	-0.00075733	0.00103780	-0.57339962
16.21	0.00002416	-0.02170869	-0.09790839	-0.00122938	0.00018209	-0.57344126
16.22	-0.00014369	-0.02189046	-0.09798445	-0.00037684	0.00163815	-0.57302094
16.23	-0.00008706	-0.02202487	-0.09782270	-0.00018872	0.00050298	-0.57501286
16.24	-0.00008724	-0.02164690	-0.09815109	-0.00016901	0.00086870	-0.57473023
16.25	0.00024161	-0.02161805	-0.09788710	-0.00013689	0.00064835	-0.57382849
16.26	-0.00002415	-0.02181325	-0.09762653	-0.00059422	-0.00040746	-0.57407113
16.27	-0.00003103	-0.02174597	-0.09781360	-0.00024872	-0.00097966	-0.57336792
16.28	0.00011594	-0.02170918	-0.09783866	-0.00063107	0.00098990	-0.57419662
16.29	0.00010149	-0.02176198	-0.09762109	-0.00048010	0.00002741	-0.57343692
16.30	-0.00001503	-0.02203309	-0.09806558	0.00004671	-0.00092459	-0.57534669
16.31	0.00016376	-0.02170111	-0.09805114	-0.00009088	0.00045650	-0.57431066
16.32	0.00007073	-0.02171025	-0.09795806	0.00065953	-0.00019399	-0.57340383
16.33	-0.00035108	-0.02208791	-0.09773023	-0.00003710	0.00067466	-0.57385267
16.34	0.00003904	-0.02186000	-0.09735155	0.00059433	0.00003025	-0.57282051
16.35	0.00016255	-0.02169225	-0.09774205	-0.00011383	-0.00054267	-0.57404427
16.36	-0.00030828	-0.02176546	-0.09772620	0.00012018	-0.00025132	-0.57451105
16.37	-0.00013785	-0.02173936	-0.09806365	0.00008937	-0.00022321	-0.57357555
16.38	-0.00019784	-0.02187712	-0.09786009	0.00020815	-0.00115383	-0.57400993
16.39	0.00013843	-0.02161129	-0.09772705	-0.00132366	-0.00036120	-0.57363032
16.40	0.00016569	-0.02160363	-0.09777054	-0.00094726	0.00005760	-0.57367357
16.41	-0.00016274	-0.02169261	-0.09767868	-0.00005077	-0.00122308	-0.57325952
16.42	-0.00002259	-0.02185844	-0.09769404	-0.00057635	-0.00096463	-0.57350621
16.43	-0.00017004	-0.02168119	-0.09759574	-0.00097756	-0.00018086	-0.57282867
16.44	-0.00021661	-0.02173911	-0.09786774	-0.00105708	0.00028540	-0.57246630
16.45	0.00010736	-0.02201225	-0.09774073	-0.00138665	-0.00078269	-0.57311749
16.46	0.00000219	-0.02167374	-0.09770223	-0.00083346	-0.00005932	-0.57315201
16.47	0.00016926	-0.02196686	-0.09798534	-0.00013837	-0.00152812	-0.57329839
16.48	0.00007523	-0.02189034	-0.09783599	-0.00016681	-0.00002638	-0.57267119
16.49	-0.00014031	-0.02150608	-0.09764354	-0.00082988	-0.00147170	-0.57334201
16.50	0.00018095	-0.02182240	-0.09809424	-0.00073425	-0.00080850	-0.57327455
16.51	0.00010589	-0.02183411	-0.09808888	-0.00117173	-0.00075960	-0.57372135
16.52	0.00047451	-0.02208836	-0.09791321	-0.00021805	-0.00072518	-0.57337738
16.53	-0.00004362	-0.02181213	-0.09784269	-0.00079447	-0.00008687	-0.57484680
16.54	0.00003731	-0.02165042	-0.09785339	-0.00131639	0.00014835	-0.57441210
16.55	-0.00014676	-0.02180049	-0.09817193	-0.00096459	-0.00085150	-0.57544381
16.56	0.00002840	-0.02180261	-0.09789970	-0.00055662	-0.00104408	-0.57422913
16.57	0.00029620	-0.02205772	-0.09793811	0.00004890	0.00061132	-0.57358549
16.58	0.00026120	-0.02200958	-0.09784422	0.00009069	0.00003426	-0.57323406
16.59	0.00030937	-0.02204959	-0.09798474	-0.00062237	-0.00077312	-0.57284354
16.60	-0.00004175	-0.02205610	-0.09793574	-0.00064649	0.00072955	-0.57291567
16.61	0.00014014	-0.02205073	-0.09788134	-0.00111343	-0.00005565	-0.57278358
16.62	0.00005214	-0.02184796	-0.09745703	-0.00096851	-0.00077824	-0.57315523
16.63	0.00006259	-0.02162330	-0.09795601	-0.00054438	-0.00070840	-0.57282704
16.64	0.00022371	-0.02187335	-0.09790311	-0.00046131	-0.00041465	-0.57344593
16.65	0.00006222	-0.02202535	-0.09809625	-0.00127025	-0.00072353	-0.57336120
16.66	0.00005387	-0.02168582	-0.09808567	-0.00044141	-0.00039713	-0.57467676
16.67	0.00000560	-0.02201003	-0.09784065	-0.00144152	0.00089621	-0.57355277
16.68	0.00049514	-0.02200583	-0.09772472	-0.00152675	-0.00086711	-0.57379598
16.69	0.00023217	-0.02172201	-0.09795796	-0.00074595	0.00076819	-0.57358333
16.70	0.00031474	-0.02143484	-0.09787221	-0.00054146	-0.00041979	-0.57407469
16.71	0.00027440	-0.02177391	-0.09795779	-0.00068203	0.00004788	-0.57437811
16.72	0.00018347	-0.02206497	-0.09777020	0.00038043	0.00030804	-0.57341534
16.73	0.00021203	-0.02199160	-0.09771896	-0.00099672	0.00023672	-0.57378501
16.74	0.00015638	-0.02168856	-0.09750023	-0.00001803	-0.00072644	-0.57256619
16.75	0.00026947	-0.02192275	-0.09764573	-0.00176107	0.00034450	-0.57406191
16.76	-0.00007855	-0.02207032	-0.09793609	0.00037019	0.00002657	-0.57301328
16.77	0.00004233	-0.02202738	-0.09804175	-0.00022225	0.00050441	-0.57383780
16.78	-0.00010809	-0.02180098	-0.09791037	0.00060595	-0.00050694	-0.57418769
16.79	-0.00015777	-0.02177844	-0.09778376	-0.00054654	0.00003058	-0.57388668
16.80	-0.00008143	-0.02193744	-0.09788492	-0.00092826	0.00059634	-0.57434514
16.81	0.00009323	-0.02190312	-0.09802780	-0.00022847	-0.00028989	-0.57456947
16.82	0.00032140	-0.02205557	-0.09801790	0.00053298	-0.00076962	-0.57477697
16.83	0.00007288	-0.02221429	-0.09776668	0.00015089	-0.00070202	-0.57432848
16.84	-0.00006394	-0.02215218	-0.09795107	0.00025386	-0.00041193	-0.57515860
16.85	-0.00009429	-0.02214133	-0.09786496	0.00012600	0.00058853	-0.57438487
16.86	0.00021394	-0.02188411	-0.09785042	-0.00062878	-0.00022436	-0.57404112
16.87	0.00019675	-0.02179569	-0.09791183	-0.00145110	-0.00081675	-0.57392516
16.88	0.00003936	-0.02217908	-0.09770676	-0.00079651	-0.00046921	-0.57348270
16.89	-0.00008958	-0.02213897	-0.09810318	-0.00015561	-0.00039624	-0.57499324
16.90	-0.00000057	-0.02196997	-0.09803962	0.00010648	-0.00035244	-0.57423702
16.91	0.00008440	-0.02201228	-0.09782283	0.00064623	-0.00046186	-0.57419801
16.92	0.00030734	-0.02175219	-0.09796383	0.00072716	-0.00091386	-0.57393729
16.93	0.00016133	-0.02218368	-0.09786776	0.00007524	-0.00009466	-0.57482513
16.94	-0.00006933	-0.02197718	-0.09766606	0.00038111	-0.00048261	-0.57257827
16.95	0.00021141	-0.02178163	-0.09792260	0.00037551	-0.00020834	-0.57349002
16.96	0.00011991	-0.02226376	-0.09807653	0.00179947	-0.00031380	-0.57241336
16.97	0.00015656	-0.02198305	-0.09790377	-0.00016882	-0.00023797	-0.57353692
16.98	0.00024066	-0.02173651	-0.09817922	-0.00013773	-0.00038576	-0.57318942
16.99	0.00013662	-0.02189665	-0.09812769	0.00020748	0.00009106	-0.57332503
17.00	-0.00009971	-0.02184470	-0.09785243	0.00009708	0.00004061	-0.57425148
17.01	0.00005639	-0.02210306	-0.09808765	0.00029841	0.00039119	-0.57406389
17.02	0.00008745	-0.02198466	-0.09798189	0.00019506	-0.00077773	-0.57336382
17.03	0.00012441	-0.02184539	-0.09781990	0.00051437	-0.00030114	-0.57351527
17.04	0.00024203	-0.02191544	-0.09792062	-0.00020927	-0.00090399	-0.57347428
17.05	-0.00006791	-0.02181852	-0.09769795	-0.00084333	-0.00077058	-0.57378324
17.06	-0.00001298	-0.02197027	-0.09780957	0.00008612	-0.00068780	-0.57382964
17.07	-0.00005091	-0.02180189	-0.09808747	-0.00060891	-0.00085102	-0.57417928
17.08	0.00022068	-0.02206130	-0.09791013	0.00008192	-0.00068501	-0.57448547
17.09	0.00003538	-0.02189594	-0.09784631	0.00005837	-0.00055604	-0.57444488
17.10	0.00012993	-0.02229802	-0.09808075	0.00026137	0.00018976	-0.57316443
17.11	0.00009423	-0.02204274	-0.09777963	0.00048550	-0.00030559	-0.57259455
17.12	-0.00013965	-0.02218473	-0.09782681	0.00058192	-0.00106804	-0.57324398
17.13	-0.00004957	-0.02200829	-0.09763738	-0.00037026	0.00067712	-0.57430791
17.14	0.00013337	-0.02217069	-0.09825987	-0.00062387	-0.00073544	-0.57360548
17.15	0.00022363	-0.02181889	-0.09764585	0.00076107	-0.00154936	-0.57408382
17.16	0.00016506	-0.02190055	-0.09796186	0.00018140	-0.00131513	-0.57313642
17.17	0.00013203	-0.02222071	-0.09814469	0.00014914	-0.00091764	-0.57322827
17.18	0.00013748	-0.02215863	-0.09793008	0.00073487	-0.00003297	-0.57189688
17.19	-0.00008041	-0.02178541	-0.09777889	0.00041432	-0.00066597	-0.57404813
17.20	-0.00017371	-0.02218543	-0.09779531	-0.00053062	-0.00022553	-0.57243497
17.21	0.00008011	-0.02220207	-0.09796224	0.00035677	-0.00108074	-0.57266522
17.22	0.00012099	-0.02203117	-0.09801106	-0.00006945	-0.00040130	-0.57164118
17.23	-0.00011198	-0.02187297	-0.09788078	0.00085566	-0.00056323	-0.57338136
17.24	0.00022313	-0.02205668	-0.09815353	0.00033419	0.00029916	-0.57215220
17.25	0.00039442	-0.02215423	-0.09802127	0.00030269	-0.00048927	-0.57357842
17.26	-0.00009039	-0.02190486	-0.09821062	0.00011520	-0.00008476	-0.57263556
17.27	0.00013304	-0.02211579	-0.09810202	0.00022456	-0.00109296	-0.57219763
17.28	0.00002408	-0.02228275	-0.09817485	0.00069256	0.00029355	-0.57228178
17.29	-0.00018073	-0.02208108	-0.09798201	-0.00004629	-0.00146551	-0.57310892
17.30	-0.00001193	-0.02207598	-0.09819523	-0.00140525	-0.00050493	-0.57263755
17.31	-0.00011237	-0.02222930	-0.09779227	-0.00101544	-0.00043344	-0.57297087
17.32	-0.00004190	-0.02238645	-0.09780618	-0.00003008	0.00034233	-0.57320193
17.33	-0.00015729	-0.02232732	-0.09807850	-0.00070813	0.00039183	-0.57352487
17.34	-0.00036351	-0.02235810	-0.09788926	-0.00072770	0.00016473	-0.57296568
17.35	-0.00034327	-0.02234597	-0.09789800	0.00007343	-0.00057826	-0.57162324
17.36	0.00005328	-0.02206937	-0.09816233	0.00007794	-0.00009117	-0.57302191
17.37	-0.00021345	-0.02212540	-0.09806805	-0.00074090	0.00116746	-0.57278197
17.38	0.00016752	-0.02235901	-0.09803960	-0.00016326	0.00035365	-0.57253361
17.39	-0.00048041	-0.02237777	-0.09782038	0.00056692	-0.00023460	-0.57212545
17.40	-0.00024525	-0.02231979	-0.09797974	-0.00070785	-0.00050099	-0.57223472
17.41	-0.00028551	-0.02214001	-0.09778105	0.00044845	-0.00119323	-0.57306278
17.42	-0.00020022	-0.02231784	-0.09785667	-0.00043072	-0.00064305	-0.57379834
17.43	-0.00009097	-0.02197975	-0.09808038	-0.00012467	-0.00099752	-0.57351364
17.44	-0.00000837	-0.02213256	-0.09783091	-0.00037209	-0.00188367	-0.57327196
17.45	0.00015573	-0.02213715	-0.09782825	-0.00093557	-0.00141117	-0.57251222
17.46	0.00005145	-0.02234302	-0.09790980	-0.00114451	-0.00078509	-0.57245953
17.47	-0.00009978	-0.02190962	-0.09802891	-0.00114585	-0.00115814	-0.57487430
17.48	-0.00007116	-0.02206583	-0.09793449	-0.00163958	-0.00048378	-0.57353870
17.49	-0.00004621	-0.02220326	-0.09789727	-0.00006686	0.00028842	-0.57335242
17.50	0.00016722	-0.02213553	-0.09795476	-0.00087607	0.00031997	-0.57360301
17.51	0.00009126	-0.02246280	-0.09799745	-0.00053733	-0.00053739	-0.57375350
17.52	-0.00003946	-0.02209048	-0.09798920	-0.00147412	-0.00017014	-0.57335254
17.53	-0.00005019	-0.02216169	-0.09799791	-0.00276658	0.00058661	-0.57380715
17.54	0.00008230	-0.02217929	-0.09792249	-0.00086502	0.00054674	-0.57331018
17.55	-0.00034962	-0.02215601	-0.09775407	-0.00035856	-0.00002146	-0.57297175
17.56	-0.00018462	-0.02249399	-0.09780112	-0.00090796	0.00019309	-0.57346155
17.57	-0.00028022	-0.02214700	-0.09801499	-0.00027944	0.00059129	-0.57375939
17.58	-0.00002099	-0.02225186	-0.09804610	-0.00018373	-0.00084060	-0.57370885
17.59	-0.00016542	-0.02257694	-0.09803771	0.00022287	0.00043215	-0.57334397
17.60	0.00005898	-0.02232550	-0.09798334	-0.00037841	-0.00019696	-0.57324485
17.61	0.00011303	-0.02234280	-0.09802100	-0.00088437	-0.00085815	-0.57308415
17.62	-0.00016519	-0.02219274	-0.09760386	-0.00112299	-0.00056674	-0.57333639
17.63	0.00021479	-0.02234650	-0.09812905	-0.00067926	-0.00069239	-0.57276373
17.64	0.00024083	-0.02235376	-0.09782666	-0.00138776	-0.00053050	-0.57317530
17.65	0.00012664	-0.02227574	-0.09832635	-0.00048449	-0.00096882	-0.57412399
17.66	0.00031818	-0.02244044	-0.09771055	-0.00010706	-0.00020065	-0.57272281
17.67	0.00025470	-0.02216811	-0.09795493	-0.00095638	-0.00073863	-0.57316937
17.68	0.00034836	-0.02222293	-0.09777063	-0.00086688	0.00059276	-0.57336809
17.69	-0.00001941	-0.02200413	-0.09785343	-0.00003383	-0.00008840	-0.57342547
17.70	-0.00030380	-0.02196667	-0.09822470	0.00076774	0.00101706	-0.57291615
17.71	-0.00013517	-0.02215114	-0.09796482	0.00018493	-0.00111845	-0.57303877
17.72	0.00044171	-0.02240048	-0.09782723	0.00037916	-0.00000795	-0.57345123
17.73	0.00005923	-0.02228348	-0.09787481	-0.00007505	0.00014292	-0.57416412
17.74	-0.00007747	-0.02236515	-0.09842041	0.00082613	-0.00049463	-0.57230044
17.75	-0.00000571	-0.02219249	-0.09833497	-0.00023429	-0.00209608	-0.57364140
17.76	-0.00006357	-0.02223100	-0.09814460	-0.00074744	-0.00012376	-0.57282961
17.77	0.00013545	-0.02210671	-0.09796823	-0.00015482	-0.00075498	-0.57333156
17.78	0.00002284	-0.02247655	-0.09816117	0.00018305	-0.00012846	-0.57381687
17.79	0.00005001	-0.02251897	-0.09814896	-0.00033079	-0.00008331	-0.57370946
17.80	-0.00020376	-0.02252597	-0.09806989	-0.00001259	0.00066901	-0.57433636
17.81	0.00009561	-0.02243516	-0.09797170	-0.00065271	-0.00004017	-0.57348549
17.82	-0.00004465	-0.02265122	-0.09796752	-0.00046904	-0.00128034	-0.57229947
17.83	0.00046333	-0.02241593	-0.09787390	-0.00019571	-0.00137295	-0.57256127
17.84	0.00009303	-0.02249688	-0.09793612	0.00053491	-0.00016810	-0.57251908
17.85	-0.00009928	-0.02227769	-0.09804023	0.00021706	-0.00066432	-0.57276151
17.86	0.00022069	-0.02222732	-0.09802890	-0.00020997	0.00111450	-0.57305512
17.87	0.00015923	-0.02235778	-0.09804104	-0.00079092	0.00022032	-0.57240199
17.88	0.00027383	-0.02225101	-0.09825904	-0.00093835	0.00017735	-0.57316603
17.89	0.00014099	-0.02241747	-0.09771432	-0.00008929	-0.00018582	-0.57311766
17.90	0.00031389	-0.02235789	-0.09814203	-0.00051144	0.00056566	-0.57302009
17.91	0.00005854	-0.02237555	-0.09807075	-0.00006995	0.00040405	-0.57345669
17.92	0.00018605	-0.02218297	-0.09825784	0.00019580	-0.00086310	-0.57412018
17.93	0.00000278	-0.02238633	-0.09794320	-0.00025802	-0.00100722	-0.57249522
17.94	0.00023087	-0.02240004	-0.09810144	-0.00036230	-0.00089303	-0.57190635
17.95	-0.00001200	-0.02253730	-0.09822800	-0.00125049	-0.00127082	-0.57302672
17.96	-0.00009934	-0.02230905	-0.09782095	-0.00080702	-0.00134320	-0.57335782
17.97	-0.00035455	-0.02251234	-0.09775741	-0.00035139	-0.00122214	-0.57250040
17.98	0.00002872	-0.02229105	-0.09814128	0.00062089	-0.00069566	-0.57341791
17.99	-0.00015278	-0.02221619	-0.09819992	-0.00010368	-0.00071792	-0.57418802
18.00	0.00024559	-0.02222374	-0.09787488	0.00035585	-0.00015789	-0.57371636
18.01	-0.00016072	-0.02243308	-0.09784868	-0.00050807	-0.00034077	-0.57304705
18.02	-0.00005580	-0.02233737	-0.09805902	-0.00066158	-0.00045995	-0.57298270
18.03	0.00029288	-0.02221605	-0.09810354	-0.00048002	-0.00127441	-0.57164673
18.04	0.00015018	-0.02240851	-0.09791382	-0.00050994	-0.00218927	-0.57347475
18.05	0.00005102	-0.02244958	-0.09814836	0.00005884	-0.00090075	-0.57260650
18.06	0.00015628	-0.02266111	-0.09807786	0.00023000	-0.00092291	-0.57238132
18.07	0.00027764	-0.02254610	-0.09779475	0.00090787	0.00001240	-0.57275024
18.08	0.00014221	-0.02234267	-0.09779156	0.00074771	-0.00044145	-0.57229136
18.09	0.00023294	-0.02247405	-0.09796739	0.00030887	0.00016565	-0.57273212
18.10	0.00036029	-0.02233123	-0.09786367	-0.00005294	0.00020275	-0.57307943
18.11	0.00031860	-0.02237412	-0.09801105	0.00068660	-0.00005457	-0.57301126
18.12	0.00016750	-0.02263239	-0.09754476	-0.00049650	0.00003030	-0.57317479
18.13	0.00005599	-0.02257770	-0.09784828	0.00013039	-0.00043190	-0.57489233
18.14	0.00012868	-0.02230294	-0.09777765	-0.00015071	0.00039278	-0.57387558
18.15	0.00016294	-0.02235853	-0.09802501	0.00033463	0.00044751	-0.57268191
18.16	0.00004494	-0.02239815	-0.09814408	0.00091695	-0.00007437	-0.57164578
18.17	-0.00000914	-0.02233435	-0.09800878	0.00032545	0.00031071	-0.57364907
18.18	0.00022290	-0.02225278	-0.09785533	0.00064456	0.00028999	-0.57322812
18.19	0.00028853	-0.02246937	-0.09794052	0.00043507	0.00023346	-0.57250101
18.20	0.00030856	-0.02227796	-0.09783144	-0.00110628	0.00040048	-0.57354967
18.21	0.00010340	-0.02259799	-0.09798229	-0.00011706	-0.00053173	-0.57467428
18.22	0.00003469	-0.02225859	-0.09780029	-0.00072637	-0.00080735	-0.57416726
18.23	-0.00000707	-0.02247493	-0.09817684	-0.00080574	0.00070702	-0.57335103
18.24	0.00004631	-0.02230089	-0.09818195	-0.00127954	0.00142476	-0.57328605
18.25	0.00004545	-0.02232482	-0.09789984	-0.00122352	0.00224001	-0.57252287
18.26	0.00048524	-0.02246377	-0.09812025	-0.00095311	0.00151511	-0.57198797
18.27	0.00022762	-0.02252165	-0.09773984	-0.00122174	0.00024414	-0.57277075
18.28	0.00010077	-0.02257951	-0.09805945	-0.00085570	0.00076423	-0.57204546
18.29	0.00039819	-0.02255200	-0.09769136	-0.00163235	0.00046358	-0.57309797
18.30	0.00037510	-0.02235127	-0.09770364	-0.00143577	0.00184138	-0.57258940
18.31	0.00021823	-0.02237202	-0.09805206	0.00008905	0.00051733	-0.57268947
18.32	0.00029825	-0.02289694	-0.09793113	-0.00001363	0.00073939	-0.57237126
18.33	0.00000110	-0.02222246	-0.09773777	-0.00028538	-0.00091466	-0.57199774
18.34	0.00021729	-0.02245314	-0.09787159	-0.00062870	0.00034851	-0.57237869
18.35	-0.00000347	-0.02249699	-0.09792999	0.00024876	0.00002598	-0.57217064
18.36	0.00009689	-0.02243740	-0.09779178	0.00103243	-0.00033406	-0.57265932
18.37	-0.00005603	-0.02252455	-0.09774444	0.00053705	-0.00047795	-0.57237278
18.38	-0.00008333	-0.02257675	-0.09797576	-0.00046813	0.00004423	-0.57243388
18.39	-0.00009292	-0.02247400	-0.09785558	-0.00113178	0.00027994	-0.57328850
18.40	-0.00002009	-0.02258972	-0.09796989	0.00000595	0.00028348	-0.57332300
18.41	0.00001388	-0.02262729	-0.09822246	-0.00134180	-0.00068287	-0.57264050
18.42	-0.00022473	-0.02253935	-0.09817866	-0.00044434	-0.00116543	-0.57308140
18.43	-0.00007738	-0.02264757	-0.09814812	-0.00092453	-0.00010672	-0.57334979
18.44	-0.00006189	-0.02255517	-0.09782601	-0.00020475	-0.00169268	-0.57305376
18.45	-0.00040933	-0.02269749	-0.09813701	-0.00074925	-0.00031153	-0.57296569
18.46	-0.00007069	-0.02261289	-0.09812556	-0.00067280	-0.00013462	-0.57328731
18.47	-0.00010948	-0.02242435	-0.09781326	-0.00025322	-0.00015623	-0.57383201
18.48	-0.00049563	-0.02245404	-0.09797691	-0.00036981	-0.00096733	-0.57380691
18.49	-0.00032917	-0.02284337	-0.09805967	-0.00040736	-0.00058804	-0.57298035
18.50	-0.00013672	-0.02263104	-0.09809632	-0.00044164	-0.00045834	-0.57352398
18.51	0.00001888	-0.02245520	-0.09782407	-0.00036781	0.00009836	-0.57220579
18.52	-0.00010222	-0.02233135	-0.09752905	-0.00047203	-0.00027806	-0.57365224
18.53	0.00011533	-0.02264412	-0.09777274	-0.00001820	-0.00045250	-0.57215229
18.54	0.00024713	-0.02247476	-0.09794353	-0.00074862	-0.00087497	-0.57210276
18.55	0.00010575	-0.02245090	-0.09801714	-0.00038399	0.00025249	-0.57272602
18.56	0.00004559	-0.02276861	-0.09807916	-0.00051040	0.00029239	-0.57306858
18.57	-0.00011636	-0.02264593	-0.09825138	-0.00156391	0.00008791	-0.57286259
18.58	-0.00014098	-0.02266074	-0.09808164	-0.00090763	-0.00060468	-0.57321312
18.59	-0.00029739	-0.02254428	-0.09809991	-0.00028662	-0.00077128	-0.57293603
18.60	-0.00030086	-0.02264185	-0.09816145	-0.00067147	-0.00062625	-0.57389619
18.61	0.00013718	-0.02239220	-0.09801883	-0.00043768	-0.00009915	-0.57460917
18.62	-0.00014171	-0.02255085	-0.09808019	-0.00084179	0.00015380	-0.57358650
18.63	-0.00025389	-0.02240523	-0.09797459	-0.00070170	0.00032864	-0.57455045
18.64	-0.00008444	-0.02258111	-0.09788190	-0.00019260	-0.00001298	-0.57366510
18.65	0.00015174	-0.02257589	-0.09814608	0.00008891	-0.00056389	-0.57386503
18.66	-0.00035568	-0.02252546	-0.09798954	-0.00003608	-0.00043801	-0.57408148
18.67	0.00000383	-0.02255701	-0.09815955	-0.00048926	-0.00022856	-0.57405403
18.68	0.00016822	-0.02249214	-0.09829711	-0.00070006	0.00007948	-0.57365663
18.69	-0.00006928	-0.02223379	-0.09816431	-0.00076699	0.00062732	-0.57338040
18.70	0.00005500	-0.02249708	-0.09808492	0.00010698	0.00143233	-0.57464796
18.71	-0.00013874	-0.02234196	-0.09807577	-0.00067191	0.00100126	-0.57413534
18.72	-0.00008763	-0.02237497	-0.09796573	-0.00043514	0.00101539	-0.57396089
18.73	-0.00014521	-0.02257353	-0.09798849	-0.00168530	-0.00007411	-0.57416492
18.74	0.00004811	-0.02237979	-0.09812319	0.00021251	0.00040730	-0.57479852
18.75	-0.00023145	-0.02262105	-0.09815051	0.00012737	-0.00047498	-0.57329383
18.76	-0.00008653	-0.02251642	-0.09795565	-0.00000739	0.00082476	-0.57369882
18.77	-0.00018870	-0.02239412	-0.09811728	0.00041954	0.00060826	-0.57454485
18.78	-0.00023399	-0.02246952	-0.09817011	-0.00007313	-0.00079614	-0.57442901
18.79	-0.00015034	-0.02259567	-0.09800746	-0.00050880	0.00009871	-0.57336957
18.80	-0.00008922	-0.02222033	-0.09819577	0.00049382	-0.00007101	-0.57344122
18.81	0.00007626	-0.02236144	-0.09807250	0.00048239	0.00040988	-0.57356778
18.82	-0.00023962	-0.02244469	-0.09776128	0.00016497	0.00056504	-0.57422690
18.83	-0.00028940	-0.02232048	-0.09795943	0.00040397	-0.00032206	-0.57334343
18.84	-0.00009442	-0.02260459	-0.09793643	0.00010043	0.00013294	-0.57363143
18.85	-0.00002838	-0.02239366	-0.09809968	0.00046214	0.00015191	-0.57347693
18.86	0.00002027	-0.02238981	-0.09814406	-0.00033171	-0.00077633	-0.57449526
18.87	-0.00003404	-0.02267388	-0.09819179	-0.00011692	0.00162281	-0.57426879
18.88	0.00013767	-0.02264092	-0.09816346	-0.00008145	0.00176282	-0.57365658
18.89	0.00019116	-0.02281248	-0.09797129	0.00031708	0.00090811	-0.57269439
18.90	0.00009476	-0.02255755	-0.09772760	-0.00040312	0.00130683	-0.57345438
18.91	0.00014123	-0.02254485	-0.09797405	0.00003020	0.00046274	-0.57426861
18.92	0.00009732	-0.02260161	-0.09790038	0.00020293	0.00010930	-0.57385381
18.93	0.00025507	-0.02266671	-0.09810739	0.00073308	0.00061489	-0.57343300
18.94	0.00020021	-0.02260123	-0.09809424	-0.00042821	0.00071884	-0.57359445
18.95	0.00004464	-0.02294065	-0.09793964	0.00036200	-0.00002174	-0.57364407
18.96	0.00024203	-0.02250539	-0.09806262	0.00037503	0.00034419	-0.57388028
18.97	-0.00003894	-0.02284107	-0.09819212	0.00082787	0.00104906	-0.57392792
18.98	0.00011651	-0.02244589	-0.09781839	-0.00000405	0.00027882	-0.57463836
18.99	0.00021810	-0.02259499	-0.09806026	0.00070521	0.00044639	-0.57420291
19.00	-0.00011508	-0.02262254	-0.09815427	-0.00032370	0.00041711	-0.57294012
19.01	-0.00006572	-0.02256789	-0.09835969	0.00057641	0.00005557	-0.57297339
19.02	0.00020912	-0.02277562	-0.09788631	-0.00066766	-0.00081122	-0.57458391
19.03	0.00001993	-0.02247377	-0.09823269	-0.00022549	0.00063562	-0.57337592
19.04	-0.00003128	-0.02278576	-0.09800890	-0.00046278	0.00125674	-0.57433239
19.05	-0.00004432	-0.02273536	-0.09813562	-0.00114181	0.00083107	-0.57436555
19.06	-0.00017251	-0.02275889	-0.09818513	-0.00053904	0.00158035	-0.57374568
19.07	0.00004123	-0.02272867	-0.09823306	-0.00098105	0.00083300	-0.57302556
19.08	-0.00001783	-0.02256429	-0.09814073	-0.00123722	0.00105966	-0.57386778
19.09	0.00020315	-0.02293755	-0.09808938	-0.00111214	0.00087478	-0.57424464
19.10	-0.00003960	-0.02284457	-0.09786226	-0.00163462	0.00147334	-0.57334349
19.11	0.00040424	-0.02296987	-0.09806671	-0.00067955	0.00080947	-0.57336253
19.12	-0.00003963	-0.02263444	-0.09826199	0.00007504	0.00079162	-0.57403733
19.13	0.00010307	-0.02304257	-0.09823425	-0.00000490	0.00122607	-0.57383905
19.14	0.00003132	-0.02252722	-0.09856162	0.00026111	0.00065800	-0.57502379
19.15	-0.00016283	-0.02289939	-0.09802556	-0.00052343	-0.00008125	-0.57498996
19.16	0.00018716	-0.02275175	-0.09798695	-0.00057458	0.00019793	-0.57508369
19.17	-0.00000112	-0.02282110	-0.09828911	-0.00053797	0.00153600	-0.57491511
19.18	-0.00006801	-0.02284061	-0.09832775	0.00003325	0.00120378	-0.57388515
19.19	-0.00001707	-0.02291293	-0.09810607	-0.00092917	0.00045798	-0.57358447
19.20	0.00024360	-0.02287915	-0.09825361	-0.00030341	0.00036262	-0.57436017
19.21	-0.00002481	-0.02293508	-0.09788319	-0.00071739	0.00014763	-0.57442972
19.22	-0.00009784	-0.02283812	-0.09789810	-0.00090057	0.00027901	-0.57368970
19.23	0.00007871	-0.02268070	-0.09780356	-0.00122103	0.00143887	-0.57366570
19.24	-0.00009483	-0.02267141	-0.09783665	-0.00032668	0.00132221	-0.57301987
19.25	0.00033140	-0.02255442	-0.09811006	-0.00082992	0.00007653	-0.57432010
19.26	-0.00002358	-0.02283419	-0.09779863	-0.00068691	0.00168936	-0.57479850
19.27	-0.00001984	-0.02265426	-0.09775354	-0.00080069	0.00086554	-0.57435204
19.28	0.00001600	-0.02289090	-0.09805503	-0.00088003	0.00040709	-0.57507939
19.29	0.00010756	-0.02289899	-0.09798347	0.00000570	0.00060824	-0.57288789
19.30	0.00002867	-0.02284550	-0.09822968	-0.00089070	0.00014872	-0.57450922
19.31	0.00013693	-0.02257951	-0.09806133	-0.00078469	0.00063556	-0.57365388
19.32	-0.00007444	-0.02281906	-0.09833342	-0.00055050	0.00040703	-0.57487395
19.33	0.00018511	-0.02291548	-0.09830374	-0.00118228	-0.00006310	-0.57387608
19.34	0.00006225	-0.02277542	-0.09829654	-0.00126190	0.00142326	-0.57388882
19.35	0.00021407	-0.02268831	-0.09800846	-0.00046115	0.00069799	-0.57437783
19.36	0.00019633	-0.02285766	-0.09812335	-0.00085318	0.00001926	-0.57393682
19.37	-0.00000364	-0.02242193	-0.09834404	-0.00068088	0.00067439	-0.57490740
19.38	0.00022909	-0.02284239	-0.09794504	-0.00035630	0.00005720	-0.57491237
19.39	-0.00024894	-0.02287521	-0.09783754	-0.00030603	0.00004722	-0.57303512
19.40	0.00003321	-0.02262677	-0.09819795	0.00040617	-0.00016338	-0.57410561
19.41	0.00009477	-0.02289174	-0.09832660	-0.00058004	0.00026896	-0.57410698
19.42	0.00005400	-0.02280608	-0.09801482	-0.00091789	-0.00080475	-0.57466294
19.43	0.00012037	-0.02262895	-0.09800338	-0.00127087	-0.00040911	-0.57430455
19.44	-0.00005950	-0.02280038	-0.09797009	-0.00137136	0.00036446	-0.57453438
19.45	0.00010673	-0.02281673	-0.09826663	-0.00130242	0.00048450	-0.57408569
19.46	0.00036614	-0.02271546	-0.09796398	-0.00115398	0.00066618	-0.57398440
19.47	0.00009911	-0.02281978	-0.09811311	-0.00048864	0.00130496	-0.57401449
19.48	0.00019017	-0.02282686	-0.09815276	-0.00026259	0.00100170	-0.57424431
19.49	-0.00027809	-0.02278096	-0.09821829	-0.00133902	0.00175082	-0.57454593
19.50	-0.00005550	-0.02306771	-0.09821333	-0.00023626	0.00151491	-0.57465533
19.51	-0.00027562	-0.02271243	-0.09817792	-0.00115686	0.00109881	-0.57452673
19.52	-0.00037711	-0.02253057	-0.09816540	-0.00061372	0.00035457	-0.57456792
19.53	0.00016430	-0.02263118	-0.09797541	-0.00072915	0.00139326	-0.57475945
19.54	0.00023578	-0.02283640	-0.09823545	-0.00088140	0.00035007	-0.57482661
19.55	0.00007214	-0.02293662	-0.09814527	0.00012927	-0.00020225	-0.57534015
19.56	-0.00001029	-0.02297675	-0.09802866	-0.00073811	0.00007054	-0.57531696
19.57	0.00024822	-0.02316505	-0.09808745	-0.00094021	-0.00024818	-0.57501559
19.58	-0.00017659	-0.02263071	-0.09794199	-0.00077528	0.00146508	-0.57504636
19.59	-0.00020670	-0.02283924	-0.09832854	-0.00105691	0.00058020	-0.57390555
19.60	0.00021522	-0.02278294	-0.09807855	-0.00108259	0.00114109	-0.57454657
19.61	0.00010844	-0.02283313	-0.09812047	-0.00056719	0.00076740	-0.57421139
19.62	-0.00008269	-0.02286099	-0.09817709	-0.00207887	-0.00044236	-0.57432328
19.63	-0.00004240	-0.02278195	-0.09823150	-0.00072289	-0.00070842	-0.57343604
19.64	-0.00004011	-0.02302374	-0.09822734	-0.00102647	0.00017352	-0.57460250
19.65	0.00024730	-0.02298302	-0.09858556	-0.00154458	0.00023254	-0.57480920
19.66	0.00012544	-0.02322184	-0.09823611	-0.00095036	0.00010297	-0.57312546
19.67	0.00025237	-0.02295023	-0.09824177	-0.00181490	0.00022791	-0.57371448
19.68	-0.00004543	-0.02270467	-0.09792118	-0.00135251	-0.00005793	-0.57370276
19.69	0.00023794	-0.02271904	-0.09802022	-0.00143174	0.00017900	-0.57360323
19.70	-0.00012943	-0.02260564	-0.09793787	-0.00173864	0.00052850	-0.57429014
19.71	-0.00004144	-0.02269149	-0.09822365	-0.00132511	0.00093836	-0.57407985
19.72	0.00001923	-0.02270736	-0.09806365	-0.00060579	0.00085737	-0.57393429
19.73	-0.00006849	-0.02292981	-0.09812010	-0.00065767	0.00030844	-0.57393008
19.74	0.00010334	-0.02286252	-0.09807951	-0.00164844	0.00110998	-0.57267434
19.75	0.00016231	-0.02268222	-0.09757725	-0.00143823	0.00085671	-0.57316435
19.76	-0.00003292	-0.02268663	-0.09791190	-0.00238744	0.00118068	-0.57387733
19.77	-0.00002248	-0.02283432	-0.09787832	-0.00031857	0.00114518	-0.57405538
19.78	0.00016167	-0.02272854	-0.09800704	-0.00090993	0.00018025	-0.57340240
19.79	0.00015050	-0.02299503	-0.09804189	-0.00138233	0.00118882	-0.57361778
19.80	0.00018251	-0.02286871	-0.09787782	-0.00193125	0.00023048	-0.57351883
19.81	-0.00002831	-0.02305776	-0.09792382	-0.00150801	-0.00029882	-0.57292869
19.82	0.00012012	-0.02283338	-0.09812846	-0.00203381	0.00047261	-0.57276052
19.83	0.00003822	-0.02290666	-0.09817873	-0.00019523	0.00134913	-0.57360166
19.84	0.00035681	-0.02330681	-0.09810463	-0.00108599	0.00141973	-0.57431742
19.85	0.00021634	-0.02308800	-0.09813847	-0.00127950	0.00125425	-0.57350127
19.86	-0.00011954	-0.02324253	-0.09812958	-0.00073744	-0.00036529	-0.57509179
19.87	0.00046353	-0.02312043	-0.09771740	-0.00150283	-0.00008605	-0.57534086
19.88	0.00004368	-0.02314372	-0.09795478	-0.00117028	0.00046797	-0.57429624
19.89	0.00006615	-0.02281021	-0.09784747	-0.00065794	0.00015208	-0.57450919
19.90	0.00008522	-0.02288618	-0.09780381	-0.00070964	0.00007449	-0.57359566
19.91	-0.00024896	-0.02279281	-0.09815885	-0.00184356	-0.00049737	-0.57320166
19.92	-0.00003003	-0.02304226	-0.09813203	-0.00094817	0.00045575	-0.57393715
19.93	-0.00016955	-0.02286462	-0.09780072	-0.00081190	0.00039349	-0.57504964
19.94	-0.00002700	-0.02266998	-0.09804540	-0.00052867	0.00114060	-0.57488331
19.95	0.00005276	-0.02298582	-0.09810582	-0.00151554	0.00052995	-0.57340559
19.96	0.00003413	-0.02290529	-0.09819272	-0.00100489	-0.00035606	-0.57438938
19.97	0.00005090	-0.02292861	-0.09810832	-0.00111341	0.00002965	-0.57438361
19.98	-0.00011075	-0.02305667	-0.09787960	-0.00157673	0.00095103	-0.57461966
19.99	-0.00014972	-0.02320595	-0.09787976	-0.00106156	0.00023288	-0.57491290
20.00	-0.00010056	-0.02294415	-0.09812477	-0.00051323	0.00087863	-0.57413959
